x,y,population_density,traffic_flow,competitor_count,is_commercial
37.454.011.884.736.200,39.363.552.027.744.200,66.843.834.361.335.200,11.176.111.396.027.300,1,1
9.507.143.064.099.160,4.734.356.593.750.210,44.473.552.186.103.600,4.900.554.095.089.000,0,0
731.993.941.811.405,8.545.473.932.021.800,1.176.914.042.414.910,7.497.318.989.885.930,0,0
5.986.584.841.970.360,3.400.043.860.598.920,6.077.576.900.817.450,14.728.766.450.460.300,7,1
15.601.864.044.243.600,8.696.496.848.121.710,7.467.250.278.315.760,34.121.789.688.909.000,2,0
15.599.452.033.620.200,8.813.443.097.669.140,25.199.331.231.720.000,32.708.892.462.553.600,0,0
58.083.612.168.199.400,7.767.984.372.086.300,3.597.973.432.190.630,49.365.513.781.846.000,0,0
8.661.761.457.749.350,8.475.476.330.547.360,32.988.630.627.308.200,38.056.447.873.676.800,0,0
6.011.150.117.432.080,18.181.765.283.733.800,27.143.936.510.525.300,14.645.067.514.280.700,0,0
7.080.725.777.960.450,4.303.465.323.722.000,5.713.071.126.098.260,6.764.011.522.492.830,6,1
20.584.494.295.802.400,1.654.997.746.636.550,24.010.776.697.770.500,516.553.794.683.388,0,0
9.699.098.521.619.940,7.066.041.289.942.170,5.405.783.392.222.350,42.934.973.369.277.400,1,0
8.324.426.408.004.210,53.534.776.806.165.600,2.409.517.595.289.810,680.111.757.383.597,0,0
21.233.911.067.827.600,635.323.346.708.321,2.989.955.127.969.150,8.082.048.874.092.280,0,0
18.182.496.720.710.000,19.648.696.695.621.100,7.905.745.242.337.530,48.164.305.737.901.500,0,0
1.834.045.098.534.330,2.117.458.620.524.190,10.117.764.031.683.900,5.452.939.305.894.740,0,1
3.042.422.429.595.370,4.149.732.550.990.630,36.503.586.696.450.200,7.305.214.438.538.550,0,0
52.475.643.163.223.700,3.220.675.351.957.290,654.321.232.790.493,19.287.623.994.036.600,2,1
43.194.501.864.211.500,5.597.446.613.336.740,881.894.584.950.398,16.067.189.096.886.800,5,1
29.122.914.019.804.100,8.579.349.139.973.280,1.309.485.876.697.800,5.611.904.097.018.600,2,0
6.118.528.947.223.790,6.669.274.474.586.800,643.006.018.094.885,1.188.888.136.072.030,4,1
13.949.386.065.204.100,4.353.963.233.997.510,22.211.768.238.048.000,5.427.831.478.680.140,1,0
29.214.464.853.521.800,9.531.201.143.941.370,7.059.429.301.553.680,6.209.869.616.098.830,0,0
3.663.618.432.936.910,7.192.452.005.758.310,4.773.077.844.784.100,8.563.350.510.799.700,0,1
45.606.998.421.703.500,93.016.520.286.255,8.705.787.127.626.530,19.065.111.364.900.900,0,0
7.851.759.613.930.130,5.275.879.732.721.650,37.643.105.183.847.900,5.218.857.722.553.730,1,1
19.967.378.215.835.900,2.589.042.747.931.390,1.294.171.688.901.120,651.168.424.653.936,3,1
5.142.344.384.136.110,5.282.668.636.472.190,8.617.364.043.530.530,20.221.925.149.344.700,1,0
5.924.145.688.620.420,7.260.848.514.838.500,4.838.208.390.150.860,13.308.058.241.221.200,2,0
4.645.041.271.999.770,12.130.299.800.553.400,-31.810.552.384.380.800,2.770.835.295.134.730,0,0
6.075.448.519.014.380,30.277.512.827.196.700,5.504.169.383.211.220,12.693.336.760.579.700,2,0
17.052.412.368.729.100,5.324.709.078.838.970,2.944.573.360.904.400,44.407.892.438.605.800,1,0
6.505.159.298.527.950,56.441.658.777.974.700,8.398.322.755.933.590,5.944.328.962.219.390,0,0
9.488.855.372.533.330,600.583.196.987.136,11.179.690.342.851.000,49.917.609.161.036.900,1,0
9.656.320.330.745.590,16.625.533.034.970.000,10.840.760.377.787.300,613.398.229.868.143,0,0
8.083.973.481.164.610,3.797.374.048.216.480,27.968.339.725.178.200,38.042.375.084.602.000,0,1
3.046.137.691.733.700,6.171.942.271.169.660,4.560.745.715.768.080,8.189.161.782.244.880,2,0
9.767.211.400.638.380,9.698.188.646.337.840,8.093.863.097.857.130,5.725.572.452.628.790,0,0
6.842.330.265.121.560,7.276.311.376.996.880,38.719.659.162.266.500,5.730.003.391.573.200,1,1
4.401.524.937.396.010,9.226.037.570.939.570,940.326.752.441.754,188.631.252.903.777,0,0
12.203.823.484.477.800,762.212.058.314.177,11.833.577.580.514.900,51.053.170.602.387.000,0,0
4.951.769.101.112.700,59.171.696.889.240.000,9.085.685.915.297.140,20.374.607.999.062.900,6,1
34.388.521.115.218.300,19.202.336.913.634.400,-22.985.489.914.347.200,4.135.397.969.470.290,0,0
909.320.402.078.782,6.666.856.518.925.130,1.003.678.752.358.760,6.278.697.950.314.740,1,1
2.587.799.816.000.160,62.337.956.595.990.700,4.118.155.447.888.940,4.631.810.952.825.920,0,0
662.522.284.353.982,6.024.691.704.572.660,6.021.471.522.040.600,9.836.419.134.781.390,10,1
31.171.107.608.941.000,48.978.586.798.824.000,674.797.442.801.658,8.368.876.355.110.320,4,0
5.200.680.211.778.100,5.286.566.039.892.750,1.008.984.597.140.100,1.872.680.917.844.980,5,1
5.467.102.793.432.790,3.344.425.271.181.040,7.200.856.458.744.010,20.433.085.573.957.600,5,1
18.485.445.552.552.700,51.931.269.264.230.300,2.878.839.869.254.920,5.336.110.304.236.080,3,1
9.695.846.277.645.580,19.755.590.567.847.800,-22.219.294.295.589.700,5.654.136.831.533.400,0,0
7.751.328.233.611.140,8.051.743.973.603.760,15.052.946.164.812.300,3.813.545.010.622.630,0,0
939.498.941.564.189,18.577.695.469.870.700,17.913.978.822.554.400,7.118.688.718.901.240,0,0
8.948.273.504.276.480,8.496.628.988.946.640,-25.150.040.135.934.600,37.816.234.020.100.900,0,0
5.978.999.788.110.850,4.362.460.263.571.570,8.837.096.745.119.520,15.313.877.182.192.400,9,1
9.218.742.350.231.160,6.583.074.395.060.610,14.200.738.968.214.000,40.072.763.809.155.400,1,0
884.925.020.519.195,43.771.682.493.354.100,11.348.722.734.681.300,43.841.658.688.623.500,0,0
1.959.828.624.191.450,2.767.541.319.513.080,23.369.630.859.876.000,5.936.350.880.965.740,1,0
4.522.728.891.053.800,55.817.118.389.044.000,7.499.642.404.942.290,6.028.036.987.171.140,0,0
3.253.303.307.632.640,34.700.233.541.219.900,49.826.630.614.043.600,6.991.482.506.694.030,4,0
388.677.289.689.482,9.328.676.901.266.330,6.341.047.774.153.390,14.162.566.018.766.400,2,0
27.134.903.177.389.500,922.645.139.603.572,10.489.038.920.341.900,7.143.525.891.279.320,1,0
8.287.375.091.519.290,5.023.718.199.720.950,23.559.633.730.501.900,41.295.641.695.009.500,1,0
3.567.533.266.935.890,3.278.839.940.182.580,5.563.600.500.217.660,11.975.320.319.579.100,3,0
28.093.450.968.738.000,7.371.324.139.566.390,25.500.344.844.473.200,49.046.133.934.520.200,1,0
5.426.960.831.582.480,3.671.294.348.306.660,5.301.278.096.376.580,18.068.469.400.677.700,1,0
14.092.422.497.476.200,4.747.690.060.436.510,22.887.542.879.285.400,5.502.787.142.205.660,0,0
8.021.969.807.540.390,3.363.233.942.703.330,2.170.545.672.031.490,43.024.023.178.401.700,0,1
7.455.064.367.977.080,9.205.358.851.025.540,-7.333.445.326.513.410,5.265.579.321.414.330,0,0
9.868.869.366.005.170,12.003.027.272.682.500,36.616.172.723.757.200,524.118.284.232.461,1,0
7.722.447.692.966.570,5.528.148.757.183.490,4.303.048.178.583.900,5.181.611.518.579.140,3,0
1.987.156.815.341.720,740.663.581.066.626,17.522.518.365.467.900,5.992.724.007.073.830,1,0
5.522.117.123.602.390,4.850.179.875.240.410,27.283.982.251.753.900,47.717.127.703.235.600,0,0
8.154.614.284.548.340,8.540.303.016.272.160,18.303.498.282.175.100,533.508.643.506.581,0,0
7.068.573.438.476.170,9.724.613.900.279.020,383.656.036.755.519,7.912.180.624.065.240,0,0
7.290.071.680.409.870,51.801.043.137.609.700,526.681.761.234.108,6.880.313.879.659.340,4,1
7.712.703.466.859.450,6.141.862.443.190.110,3.090.011.241.138.970,6.164.596.540.980.700,0,1
74.044.651.734.090.300,23.660.978.270.750.700,651.841.689.524.057,38.525.431.231.360.300,1,0
3.584.657.285.442.720,4.834.980.851.068.030,7.784.098.033.596.760,11.034.175.920.408.800,4,1
11.586.905.952.512.900,42.914.949.195.832.100,9.702.364.906.951.640,4.130.875.552.210.270,0,0
8.631.034.258.755.930,7.489.584.200.198.370,-7.766.489.417.958.450,37.391.502.255.495.500,0,0
62.329.812.682.755.700,10.616.035.354.746.700,1.038.440.850.214.910,11.942.438.462.220.700,2,0
3.308.980.248.526.490,8.374.725.196.187.740,166.277.167.273.922,7.686.150.355.201.690,0,0
6.355.835.028.602.360,23.981.995.220.659.000,9.634.728.916.068.260,5.791.713.798.424.850,1,0
3.109.823.217.156.620,19.495.827.149.863.000,2.070.873.829.343.140,8.328.009.977.337.250,3,0
32.518.332.202.674.700,5.049.114.512.501.390,6.570.587.076.849.030,6.351.769.628.367.510,2,1
7.296.061.783.380.640,7.687.471.313.625.120,21.637.704.408.694.400,5.246.460.645.706.160,0,1
6.375.574.713.552.130,6.194.651.857.898.790,6.114.476.381.231.420,936.398.033.736.648,0,1
8.872.127.425.763.260,57.680.791.963.825.500,1.523.138.328.832.590,45.456.945.333.796.700,1,1
4.722.149.251.619.490,11.921.044.284.057.300,17.909.339.132.721.000,1.988.720.047.264.070,1,0
11.959.424.593.830.100,36.461.050.825.618.400,47.444.824.979.396.800,47.685.208.961.305.400,0,0
713.244.787.222.995,5.274.395.216.221.730,4.574.405.124.512.050,5.954.251.236.351.180,0,0
7.607.850.486.168.970,8.341.641.082.084.410,15.499.776.662.565.900,6.800.554.320.747.680,0,1
56.127.719.756.949.600,11.797.248.362.806.100,18.117.196.485.354.900,15.127.536.435.458.300,3,0
770.967.179.954.561,4.515.136.441.229.190,8.857.222.928.219.440,6.618.575.668.437.970,0,0
49.379.559.636.439.000,43.789.988.714.291.200,10.187.753.714.275.000,19.426.868.505.099.100,4,1
5.227.328.293.819.940,8.439.934.719.420.240,236.175.494.090.204,19.539.269.423.208.100,0,0
4.275.410.183.585.490,26.240.837.648.930.100,4.373.804.452.894.540,16.009.356.756.495.700,5,1
2.541.912.674.409.510,4.217.126.175.259.160,10.505.539.193.368.900,6.543.081.012.980.590,1,0
10.789.142.699.330.400,39.922.532.563.751.200,7.271.456.583.816.470,37.758.996.470.620.400,0,0
3.142.918.568.673.420,44.907.851.413.487.500,6.124.067.392.630.760,5.011.992.485.693.990,1,0
6.364.104.112.637.800,57.761.308.063.713.300,7.198.830.668.373.270,11.443.436.529.175.700,3,0
31.435.598.107.632.600,57.090.705.375.214.400,6.052.268.581.772.000,606.644.793.887.195,2,0
5.085.706.911.647.020,33.242.669.217.436.500,7.247.724.459.111.870,19.025.110.318.529.500,3,1
907.566.473.926.093,3.155.331.806.631.350,1.202.787.749.621.620,4.855.528.692.719.030,0,0
24.929.222.914.887.400,10.662.361.893.659.700,8.298.989.843.444.280,47.608.138.366.045.900,0,0
41.038.292.303.562.900,3.667.983.206.462.680,7.276.239.099.656.190,14.223.525.376.672.800,2,1
7.555.511.385.430.480,9.949.466.887.296.460,1.044.637.208.495.460,522.290.849.367.885,0,0
22.879.816.549.162.200,7.665.959.447.120.510,15.462.982.088.242.200,6.028.864.748.767.660,2,0
7.697.990.982.879.290,9.662.742.977.481.850,37.979.386.552.173.400,4.659.233.542.300.380,0,0
289.751.452.913.768,9.700.744.566.667.060,2.770.377.231.945.690,7.723.569.709.367.110,1,0
16.122.128.725.400.400,8.650.710.993.753.930,5.795.291.259.827.040,4.050.533.674.257.780,0,0
9.296.976.523.425.730,6.007.921.493.396.190,8.419.182.295.706.510,37.495.455.940.967.200,1,0
808.120.379.564.417,70.086.569.724.388,18.264.755.758.610.600,7.056.522.666.345.410,1,0
6.334.037.565.104.230,28.520.580.268.041.400,4.383.832.239.547.370,10.502.937.053.146.000,2,0
8.714.605.901.877.170,63.077.042.017.262.000,18.425.832.130.467.600,37.042.176.517.373.800,2,0
8.036.720.768.991.140,4.556.495.494.398.770,28.612.291.441.520.800,3.407.098.512.468.730,2,0
18.657.005.888.603.500,4.820.173.397.769.320,26.949.539.561.614.200,6.185.479.052.244.500,2,1
8.925.589.984.899.770,757.776.560.375.158,12.711.862.201.673.300,46.654.531.483.067.400,0,0
5.393.422.419.156.500,28.191.835.559.725.100,57.060.237.069.021.700,1.862.921.434.043.110,2,0
8.074.401.551.640.620,31.803.961.169.451.900,13.128.149.560.019.500,49.737.296.650.222.500,0,0
8.960.912.999.234.930,9.246.417.911.286.360,-21.870.964.133.265.800,601.882.190.175.953,0,0
31.800.347.497.186.300,5.622.429.485.097.220,2.014.436.829.037.650,7.683.594.476.948.680,0,0
11.005.192.452.767.600,4.856.342.984.133.400,12.055.164.165.775.500,7.351.538.250.290.410,0,0
22.793.516.254.194.100,9.128.008.004.078.610,-4.704.672.236.079.150,550.425.621.933.183,0,0
4.271.077.886.262.560,610.363.007.818.157,7.994.805.058.927.910,17.562.238.356.434.100,2,1
8.180.147.659.224.930,5.464.070.742.121.320,24.071.330.716.423.400,590.074.078.095.082,1,0
8.607.305.832.563.430,24.974.417.922.935.500,9.166.351.608.676.500,4.985.962.018.823.620,1,0
6.952.130.531.190.700,34.327.548.906.444.800,-13.519.317.856.839.100,44.131.079.589.220.800,0,0
5.107.473.025.775.650,8.520.484.158.046.920,21.459.319.322.328.100,2.024.558.521.241.810,1,0
417.411.003.148.779,55.921.813.176.845.800,8.664.415.555.977.170,16.175.479.789.232.400,9,1
22.210.781.047.073.000,5.147.421.937.567.790,4.248.938.985.623.440,47.430.538.591.898.800,1,0
1.198.653.673.336.820,9.957.971.354.002.890,6.447.816.083.271.270,5.177.259.876.776.110,0,1
337.615.171.403.628,16.028.156.455.123.100,6.204.602.234.912.890,10.249.483.818.826.500,0,0
9.429.097.039.125.190,9.636.851.886.870.490,-3.938.743.474.760.020,7.070.772.513.942.830,0,0
32.320.293.202.075.500,37.698.616.728.684.100,619.532.525.950.608,8.997.407.919.718.820,3,0
5.187.906.217.433.660,6.032.130.620.995.040,8.248.776.713.711.870,21.600.267.968.321.200,3,1
7.030.189.588.951.770,7.971.507.318.728.490,23.557.436.901.317.500,628.083.986.499.386,0,0
363.629.602.379.294,6.831.142.857.230.460,5.186.994.571.302.020,116.211.096.527.597,4,1
9.717.820.827.209.600,932.566.708.705.961,7.359.027.596.941.070,6.338.739.732.332.430,1,0
9.624.472.949.421.110,5.756.652.529.974.190,5.819.200.394.553.400,4.104.007.259.180.960,0,0
25.178.229.582.536.400,12.611.532.237.541.000,7.516.185.459.361.670,5.203.384.240.947.740,0,0
4.972.485.058.923.850,58.172.152.747.347.600,8.765.650.308.134.790,2.173.222.779.650.270,5,1
30.087.830.981.676.900,7.663.472.131.046.520,27.935.875.505.302.000,6.090.825.644.311.520,3,0
28.484.049.437.746.700,4.064.165.365.740.180,5.311.034.133.553.590,5.140.835.928.035.390,5,0
36.886.947.354.532.700,8.798.377.479.414.670,34.956.135.385.022.500,6.528.311.832.172.990,0,0
60.956.433.397.989.600,6.486.829.533.573.640,6.339.869.829.895.980,14.427.150.228.351.500,1,1
5.026.790.232.288.610,8.992.489.182.892.020,11.514.119.165.112.300,20.426.738.335.617.100,0,0
5.147.875.124.998.930,6.235.053.112.473.370,280.558.691.756.411,4.954.931.506.654.050,0,0
27.864.646.423.661.100,13.128.797.200.482.400,10.159.650.519.488.500,5.856.048.365.333.280,0,0
9.082.658.859.666.530,3.096.917.111.051.890,46.752.187.668.925.500,5.285.551.826.848.250,0,0
2.395.618.906.669.720,2.017.949.482.524.560,10.561.648.163.230.700,7.084.729.501.978.340,2,1
1.448.948.720.912.230,9.088.264.977.168.620,12.881.048.486.972.600,526.597.379.574.466,0,0
489.452.760.277.563,7.604.000.672.874.820,4.131.708.740.073.200,2.208.375.767.493.510,2,0
9.856.504.541.106.000,676.398.368.910.006,19.398.408.903.344.300,4.102.171.394.084.400,0,0
2.420.552.715.115.000,30.096.631.963.162.100,27.929.875.190.799.400,5.518.950.567.226.220,3,0
6.721.355.474.058.780,1.840.447.720.502.130,20.062.084.111.910.100,8.036.278.410.160.360,1,0
7.616.196.153.287.170,7.564.510.879.889.110,17.816.782.716.336.300,44.044.465.071.444.100,3,0
23.763.754.399.239.900,4.741.579.458.790.790,4.249.561.484.111.330,532.706.819.185.955,4,0
7.282.163.486.118.590,22.578.955.215.062.900,17.399.107.447.739.500,6.526.835.569.271.610,1,0
3.677.831.327.192.530,6.166.219.781.652.750,6.812.147.494.630.590,11.783.009.701.064.900,5,0
6.323.058.305.935.790,40.333.852.138.451.900,6.178.840.974.936.980,13.421.871.695.753.900,1,0
6.335.297.107.608.940,3.261.702.541.282.530,5.033.981.435.812.070,11.615.014.453.456.200,6,1
5.357.746.840.747.580,4.685.569.945.911.340,10.019.129.418.702.100,20.220.332.785.279.100,8,1
902.897.700.544.083,14.795.833.410.940.500,-3.854.575.750.532.090,50.694.905.301.673.000,0,0
835.302.495.589.238,9.846.544.775.908.390,15.726.652.027.143.000,6.732.349.794.774.900,0,0
3.207.800.649.717.350,20.909.736.458.961.400,2.673.308.762.486.570,10.408.813.116.536.700,2,0
18.651.851.039.985.400,13.035.313.004.326.500,808.283.804.230.432,564.128.252.667.979,0,0
4.077.514.155.476.390,2.035.348.738.868.960,24.909.427.833.921.500,4.007.736.103.644.430,0,0
5.908.929.431.882.410,7.690.611.331.597.240,35.400.283.711.757.300,14.375.371.419.588.000,0,0
6.775.643.618.422.820,4.255.056.592.718.420,6.575.150.935.392.050,8.382.532.536.264.370,2,1
16.587.828.927.856.100,56.541.593.975.253.800,7.130.961.776.504.340,5.456.624.402.759.950,0,0
512.093.058.299.281,21.009.156.986.360.700,3.816.323.730.789.510,2.058.914.361.588.010,0,0
22.649.577.519.793.700,34.431.308.573.314.500,2.288.067.077.553.240,5.816.427.980.890.640,0,0
6.451.727.904.094.490,44.582.554.982.701.600,6.785.548.749.758.030,10.236.367.651.925.300,2,0
17.436.642.900.499.100,8.166.552.432.016.230,8.048.237.177.064.880,44.385.362.470.712.500,0,0
6.909.377.381.024.650,8.852.388.787.075.650,9.669.819.776.301.770,7.824.581.147.832.860,0,0
3.867.353.463.005.370,8.670.656.759.564.020,13.479.633.454.822.000,1.475.296.010.433.180,0,0
9.367.299.887.367.340,53.836.310.210.102.200,10.125.765.308.179.600,6.021.010.973.528.930,1,0
13.752.094.414.599.300,9.132.296.862.792.700,629.210.456.316.363,5.555.740.305.730.650,0,0
3.410.663.510.502.580,38.797.275.439.788.600,6.024.427.955.037.070,10.271.652.216.604.800,5,1
11.347.352.124.058.900,8.295.658.314.283.680,7.389.216.425.301.710,46.374.837.334.981.300,0,0
9.246.936.182.785.620,1.336.956.543.994.360,37.409.663.829.515.600,44.935.525.539.968.700,0,0
877.339.353.380.981,9.353.944.896.677.980,3.910.149.379.397.720,4.264.355.506.460.780,0,0
2.579.416.277.151.550,7.514.233.175.313.020,1.743.868.396.332.390,5.675.979.155.753.190,1,1
6.599.840.460.341.790,9.413.343.927.869.010,7.068.618.783.535.500,874.961.828.430.727,0,0
8.172.222.002.012.150,6.766.172.335.525.060,13.293.327.624.206.800,6.306.210.256.942.590,1,0
5.552.008.115.994.620,363.403.931.999.427,7.543.582.268.858.990,1.740.490.842.909.320,4,1
52.965.057.835.600.600,9.381.811.725.247.220,102.934.016.673.586,18.552.192.838.574.800,1,0
2.418.522.909.004.510,27.556.677.630.917.800,21.599.691.611.792.400,7.478.394.612.603.120,1,0
9.310.276.780.589.920,3.321.725.220.617.320,5.726.253.261.773.410,45.524.344.199.865.800,0,0
8.972.157.579.533.260,7.008.084.180.017.400,10.943.680.522.034.300,5.159.151.019.980.430,0,0
9.004.180.571.633.300,7.653.162.995.253.860,5.280.164.551.383.670,5.456.271.275.034.030,1,0
6.331.014.572.732.670,9.294.034.838.491.530,6.526.783.495.037.950,10.049.069.531.447.600,0,0
3.390.297.910.487.000,2.048.024.090.562.090,2.446.291.985.601.530,10.341.608.897.712.000,0,0
3.492.095.746.126.600,797.998.035.219.224,32.711.725.270.461.300,10.449.358.604.889.300,0,0
7.259.556.788.702.390,7.385.460.533.969.630,29.397.438.784.853.000,7.726.335.980.048.840,1,0
8.971.102.599.525.770,6.379.455.625.359.780,4.778.858.151.813.150,4.326.424.233.419.430,0,0
8.870.864.242.651.170,38.722.314.121.020.600,14.414.848.143.200.700,51.074.904.089.758.600,0,0
7.798.755.458.576.230,2.827.654.570.600.980,21.324.484.977.802.900,533.801.086.268.483,1,0
6.420.316.461.542.870,3.044.904.243.540.300,4.100.446.977.121.360,1.073.455.674.600.870,3,1
8.413.996.499.504.880,9.829.468.795.547.000,-14.132.159.245.966.800,3.548.020.103.504.340,0,0
16.162.871.409.461.300,6.427.774.134.799.270,17.084.065.075.934.300,5.159.798.605.718.680,1,0
8.985.541.885.270.790,7.176.761.577.934.990,19.689.998.423.932.700,35.788.670.596.962.700,0,0
60.642.905.965.958.900,9.766.176.373.150.090,16.012.288.321.781.200,13.872.173.129.979.400,1,0
9.197.051.616.629.640,3.772.017.824.576.380,-18.646.039.838.823.700,2.871.439.038.188.610,0,0
10.147.154.286.603.200,801.840.168.452.806,4.282.435.081.736.790,31.537.496.065.569.500,1,0
6.635.017.691.080.550,4.345.309.633.044.950,7.031.532.316.430.680,9.759.447.346.617.150,4,1
5.061.583.846.218.680,8.695.336.718.149.790,4.169.218.837.150.550,44.532.334.507.519.500,1,0
16.080.805.141.749.800,1.806.575.413.113.030,7.878.867.187.252.950,40.597.616.282.611.000,0,0
5.487.337.893.665.860,9.476.861.770.642.790,50.361.914.273.062.000,19.591.304.165.820.600,1,0
6.918.951.976.926.930,21.877.170.841.087.900,17.686.321.831.187.400,7.707.058.342.219.720,0,0
6.519.612.595.026.000,32.622.050.698.093.100,460.979.367.720.428,10.599.790.929.780.500,1,1
2.242.693.094.605.590,7.561.922.341.067.800,13.213.182.153.766.400,5.168.859.871.289.350,1,0
712.179.221.347.536,3.937.551.415.654.060,4.680.113.850.206.720,9.259.035.129.081.330,1,0
23.724.908.749.680.000,6.082.113.767.664.460,3.596.645.098.089.370,48.707.657.948.498.000,1,0
32.539.969.815.926.700,4.445.735.010.694.280,62.697.217.460.457.500,1.001.121.720.739.290,2,0
7.464.914.051.180.240,7.423.699.370.897.810,23.469.500.189.238.500,5.657.665.224.504.790,2,1
6.496.328.990.472.140,22.833.125.236.861.000,29.349.682.282.172.400,8.242.133.138.588.260,2,1
849.223.410.494.178,58.457.987.236.877,19.351.783.383.474.500,5.516.564.187.958.240,0,0
6.576.128.923.003.430,29.992.939.747.306.600,4.786.761.143.616.210,9.646.457.950.255.030,2,0
56.830.860.333.547.100,4.743.086.648.684.300,9.001.845.054.152.500,15.827.378.854.325.300,4,1
9.367.476.782.809.240,1.680.200.521.926.780,4.458.141.178.831.560,40.816.800.178.557.000,1,0
3.677.158.030.594.330,3.547.972.896.563.880,61.695.084.069.280.600,11.228.511.301.315.100,3,1
26.520.236.768.172.500,39.998.301.829.356.800,4.330.038.061.849.610,6.302.456.403.170.500,3,1
24.398.964.337.908.300,5.739.184.368.827.350,6.463.864.296.780.060,309.541.951.031.027,1,0
9.730.105.547.524.450,5.833.072.481.842.040,8.230.970.077.039.900,6.053.329.259.887.330,0,0
3.930.977.246.667.600,8.843.434.279.712.870,10.838.963.873.472.700,12.976.475.021.371.300,0,0
8.920.465.551.771.130,15.174.291.295.305.200,26.686.760.348.214.500,36.751.474.045.761.600,0,0
6.311.386.259.972.620,597.808.013.401.514,724.098.677.244.795,12.289.342.295.615.300,1,1
7.948.113.035.416.480,6.647.392.049.108.460,23.215.984.695.362.400,5.170.821.362.035.920,0,0
5.026.370.931.051.920,4.193.346.804.192.880,9.393.542.332.966.970,2.121.095.098.842.550,6,0
5.769.038.846.263.590,70.109.758.736.427,5.686.530.302.158.900,1.659.799.545.915.830,1,1
4.925.176.938.188.630,410.731.543.491.012,9.595.333.215.899.660,199.565.555.312.199,3,1
1.952.429.877.980.440,5.046.372.879.774.340,26.719.268.704.302.700,49.915.800.394.810.000,3,0
7.224.521.152.615.050,735.304.455.442.698,2.225.770.083.190.710,6.746.108.366.968.790,0,0
2.807.723.624.408.550,6.917.201.141.346.880,31.912.556.554.879.500,594.311.049.538.224,2,0
2.431.596.643.145.380,6.613.426.789.447.240,6.081.134.876.801.760,41.476.104.679.221.100,0,0
6.454.722.959.071.670,38.400.877.326.344.500,49.914.984.951.653.700,1.081.658.048.330.860,0,0
17.711.067.940.704.800,3.682.501.073.951.330,22.905.876.695.211.500,4.937.202.012.909.100,0,1
9.404.585.843.529.140,9.790.318.407.916.670,-13.877.010.874.134.000,5.034.486.727.483.410,0,0
9.539.285.770.025.870,4.207.365.625.686.160,4.833.213.900.141.510,6.089.883.043.905.300,1,0
9.148.643.902.204.480,5.019.454.051.318.410,7.292.007.309.316.930,4.888.869.494.030.400,0,0
3.701.587.002.554.440,9.099.301.581.597.180,8.518.311.818.341.480,11.471.693.208.263.000,0,0
15.456.616.528.867.400,7.172.618.758.657.560,6.199.234.115.991.140,440.047.012.364.417,0,0
9.283.185.625.877.250,5.820.701.311.242.230,9.203.551.655.363.570,5.432.297.253.253.090,1,0
4.281.841.483.173.140,7.978.046.813.410.720,32.824.774.903.608.600,16.940.195.508.167.200,4,0
9.666.548.190.436.690,8.643.662.664.559.730,6.244.435.484.076.770,5.901.055.253.658.800,0,0
9.636.199.770.892.520,4.568.880.717.372.660,744.477.097.978.623,442.119.375.442.355,0,0
85.300.945.546.736,4.751.083.649.318.350,1.922.318.668.826.570,4.571.701.663.602.990,0,0
29.444.889.206.958.500,3.860.509.356.518.350,5.153.701.877.942.070,7.606.052.053.973.730,4,0
3.850.977.286.019.250,9.667.061.400.184.600,3.937.449.772.015.190,1.300.400.159.286.370,0,0
8.511.366.715.168.560,6.971.662.542.903.500,1.165.785.139.892.170,41.253.124.382.728.300,0,0
31.692.200.515.627.700,8.322.306.620.807.220,2.940.397.398.276.100,911.371.208.922.292,0,0
1.694.927.466.860.920,8.629.596.233.130.180,7.697.186.016.175.020,33.652.410.678.834.800,0,0
5.568.012.624.583.500,4.805.599.408.362.680,944.366.029.239.488,1.854.959.085.608.920,4,1
936.154.774.160.781,6.875.390.642.248.740,14.535.040.624.980.800,37.358.978.486.938.800,0,0
696.029.796.674.973,54.971.725.516.331.100,5.686.704.189.605.500,9.081.851.363.025.260,0,0
570.061.170.089.365,41.716.427.897.570.200,8.762.610.029.060.770,15.190.940.026.090.600,0,1
9.717.649.377.076.850,877.749.404.862.625,-7.546.943.428.801.560,6.156.743.409.218.910,0,0
61.500.722.669.916.900,20.399.460.360.938.700,27.924.021.781.272.300,1.266.080.725.080.540,3,1
9.900.538.501.042.630,826.464.609.492.183,39.447.809.900.828.500,4.633.488.892.012.490,0,0
14.008.401.523.652.400,55.768.869.118.545.200,2.137.013.945.666.120,5.208.473.500.125.040,3,0
51.832.965.236.373.600,5.461.030.321.346.900,8.276.057.547.448.870,20.382.022.919.949.400,0,0
8.773.730.719.279.550,9.718.453.013.254.840,-42.614.309.453.184.100,4.107.724.670.723.740,0,0
7.407.686.177.542.040,5.126.152.441.031.990,5.733.305.264.865.040,50.108.190.639.261.400,0,0
697.015.740.995.268,2.908.768.542.315.820,40.872.424.797.243.300,7.803.526.272.196.630,1,0
7.024.840.839.871.090,4.694.068.419.892.580,6.137.109.255.174.900,5.223.699.498.405.520,3,0
3.594.911.512.197.550,857.857.783.517.489,1.350.249.242.369.690,1.000.540.245.218.800,1,0
29.359.184.426.449.300,3.049.031.243.850.630,36.141.669.596.272.000,982.286.076.884.199,2,0
8.093.611.554.785.130,1.926.763.964.867.000,7.653.517.523.243.720,4.157.271.798.883.880,1,0
8.101.133.946.791.800,12.907.124.693.088.100,9.174.264.379.395.360,6.270.202.208.162.080,3,0
8.670.723.185.801.030,29.785.939.839.021.100,1.192.295.977.938.340,4.431.840.381.002.400,0,0
9.132.405.525.564.710,7.800.480.870.400.430,2.085.653.970.754.260,5.511.982.230.306.230,1,0
5.113.423.988.609.370,4.716.263.651.952.610,9.742.737.792.232.700,2.055.817.784.530.880,6,1
5.015.162.946.871.990,22.748.160.369.353.900,4.288.380.627.783.310,21.127.232.472.109.400,2,0
7.982.951.789.667.750,1.661.849.996.097.490,12.966.580.495.363.700,4.975.099.822.917.520,0,0
6.499.639.307.777.650,3.327.294.765.103.790,577.985.189.238.038,1.186.130.678.650.700,4,1
7.019.668.772.577.030,9.399.243.728.857.080,7.615.870.236.907.950,6.362.009.112.998.380,0,0
7.957.926.694.361.010,3.430.267.125.900.240,2.386.057.714.159.710,5.423.105.782.155.490,2,0
8.900.053.418.175.660,9.881.240.759.546.350,-8.964.548.293.514.120,5.252.744.707.599.170,0,0
3.379.951.568.515.350,48.523.045.576.535.600,72.726.624.138.076,791.612.160.958.136,5,1
375.582.952.639.944,17.916.391.829.015.000,2.275.390.294.933.110,11.631.736.245.016.000,3,0
93.981.939.840.869,8.911.400.917.935.090,23.016.069.714.874.000,5.165.461.748.364.050,0,0
578.280.140.996.174,4.603.553.731.348.260,909.859.787.461.373,15.609.382.006.515.900,3,1
35.942.273.796.742.000,7.096.713.435.045.240,-67.858.756.487.763.600,7.441.240.072.877.820,0,0
4.655.980.181.324.600,9.837.115.832.091.510,6.961.416.568.898.500,18.299.506.050.677.200,2,0
5.426.446.347.075.760,50.175.350.319.974,9.689.138.805.734.840,19.875.672.891.669.400,0,0
2.865.412.521.282.840,9.669.455.978.756.710,9.453.984.848.779.350,7.393.438.117.621.200,0,0
5.908.332.605.690.100,7.204.567.414.627.560,5.197.229.265.590.180,14.915.697.596.584.900,3,1
3.050.024.993.904.940,281.825.003.295.472,5.319.259.825.972.850,41.350.361.426.633.900,0,0
37.348.188.749.214.400,18.430.139.695.009.900,7.512.378.410.555.670,4.232.082.064.987.740,0,0
8.226.005.606.596.580,39.361.879.819.729.400,1.706.745.612.252.100,4.564.487.428.946.890,0,0
36.019.064.141.126.200,21.846.711.986.201.800,4.768.326.160.404.050,8.858.960.478.289.610,0,0
12.706.051.265.188.400,774.485.603.119.791,7.177.168.040.803.440,4.010.853.933.500.690,0,0
52.224.326.005.480.400,13.443.342.736.955,21.694.197.471.280.900,18.151.003.719.753.800,0,0
7.699.935.530.986.100,4.677.206.159.711.500,4.161.465.447.582.650,6.737.764.358.980.500,7,0
21.582.102.749.684.300,605.896.815.179.483,379.068.612.159.827,5.882.983.502.483.210,2,0
6.228.904.758.190.000,42.835.180.056.884.600,842.705.303.323.876,12.835.404.002.002.500,2,1
85.347.464.993.768,27.106.652.336.233.100,9.511.531.321.440.950,5.591.602.289.282.400,1,1
516.817.211.686.077,7.835.015.025.879.080,-8.541.218.327.507.070,5.167.615.756.904.610,0,0
531.354.631.568.148,10.513.224.541.653.400,8.653.213.422.766.290,2.074.117.440.228.740,0,0
5.406.351.216.101.060,761.889.894.377.484,39.941.485.030.925.700,18.200.571.154.551.300,3,0
63.742.990.149.820.600,8.933.044.937.881.220,9.016.821.047.456.370,109.406.605.448.034,1,0
7.260.913.337.226.610,4.328.399.210.571.720,4.869.478.948.709.070,6.911.435.201.209.780,0,0
9.758.520.794.625.340,53.554.247.309.779.800,44.663.464.121.870.900,36.789.723.670.935.800,0,0
51.630.034.830.119.500,47.698.339.261.765.300,10.084.740.460.369.000,22.898.630.735.385.600,3,0
322.956.472.941.246,38.920.861.862.343.800,5.329.199.946.254.640,8.157.929.413.587.570,3,1
7.951.861.947.687.030,8.874.245.353.703.600,19.207.801.484.213.500,5.334.290.286.772.470,0,0
27.083.225.126.207.400,8.939.335.106.699.900,8.484.601.572.205.250,734.250.464.926.663,0,0
4.389.714.207.056.360,33.581.636.464.153.400,7.001.539.794.374.440,18.366.265.187.440.200,3,0
7.845.638.134.226.590,615.069.754.014.698,11.117.413.287.777.300,50.401.548.736.245,0,0
2.535.074.341.545.750,9.269.075.621.458.640,-17.479.336.552.286.700,5.130.321.720.458.720,0,0
9.626.484.146.779.250,9.620.584.989.413.510,-24.572.534.195.648.400,34.961.889.074.532.800,0,0
8.359.801.205.122.050,50.895.904.042.204.700,22.844.758.956.574.500,4.496.607.492.120.320,1,1
6.959.742.060.936.970,4.528.248.052.843.260,6.089.587.271.934.980,7.715.667.167.225.880,4,1
4.089.529.444.142.690,27.869.431.592.852.500,5.333.544.080.507.810,15.354.165.726.727.900,4,0
17.329.432.007.084.500,95.887.187.319.041,-4.247.877.355.524.930,6.293.332.211.458.730,0,0
15.643.704.267.108.600,14.281.430.447.286.700,39.789.355.175.553.000,4.920.517.729.448.920,1,0
25.024.289.816.459.500,579.829.576.047.725,38.343.903.095.890.200,42.757.797.859.306.700,2,1
5.492.266.647.061.200,28.255.026.751.863.800,4.876.537.680.735.030,19.345.070.646.290.300,6,0
7.145.959.227.000.620,2.790.082.903.477.960,33.441.589.589.574.800,7.936.111.232.870.920,1,0
6.601.973.767.177.310,40.496.858.737.618.800,664.460.230.137.591,10.055.646.014.895.600,4,1
27.993.389.694.594.200,9.987.929.358.156.540,3.783.129.854.946.050,6.168.251.972.946.030,0,0
9.548.652.806.631.940,54.966.306.839.822.000,33.963.861.172.110.600,6.044.868.290.751.020,0,0
7.378.969.166.957.680,5.785.418.182.035.310,44.193.480.288.743.100,9.314.327.133.529.300,1,0
5.543.540.525.114.000,8.257.215.803.527.710,9.617.388.901.151.040,18.055.265.679.803.500,0,0
6.117.207.462.343.520,15.452.082.999.051.800,2.580.126.086.949.170,11.724.604.822.442.300,2,0
4.196.000.624.277.890,4.395.629.417.728.980,873.812.398.112.176,15.271.069.651.953.500,6,1
24.773.098.950.115.700,5.104.601.313.464.410,4.727.945.278.620.130,6.248.025.284.859.210,3,0
35.597.267.865.126.100,258.792.408.364.524,3.730.477.625.567.140,8.711.916.563.687.440,1,0
7.578.461.104.643.690,31.645.713.087.441.600,2.304.395.678.723.510,5.709.406.048.401.010,1,0
14.393.488.629.755.800,8.696.702.025.593.300,-5.511.973.280.420.150,5.380.450.272.249.440,0,0
11.607.264.050.691.600,3.032.197.838.442.500,8.026.409.263.974.770,6.544.569.659.815.090,1,0
4.600.264.202.175.270,966.558.439.380.544,36.687.727.930.904.800,6.310.696.495.038.750,0,0
4.072.880.231.897.010,9.447.073.816.724.810,29.692.783.729.341.400,5.864.979.070.880.920,0,0
8.554.605.840.110.070,334.878.290.136.985,17.399.738.278.549.500,28.643.847.109.803.000,1,0
7.036.578.593.800.230,5.708.539.362.787.610,5.296.098.861.066.410,7.806.611.539.901.050,6,0
4.741.738.290.873.250,9.095.953.911.109.440,17.026.798.145.240.300,20.213.519.544.432.100,3,0
9.783.416.065.100.140,6.183.822.640.896.670,-2.266.373.326.275.780,526.055.764.906.213,0,0
4.916.158.751.168.320,8.106.835.703.375.910,30.534.871.217.793.300,18.217.150.250.050.300,2,0
4.734.717.707.805.650,9.483.695.527.889.180,8.000.935.804.036.250,18.704.594.035.683.300,0,0
17.320.186.991.001.500,9.132.573.433.355.700,2.740.978.039.434.970,3.905.126.018.495.330,0,0
43.385.164.923.797.300,16.144.768.603.292.100,2.661.135.537.652.770,15.037.465.989.668.000,2,0
3.985.047.343.973.730,9.607.463.027.713.550,4.073.922.859.145.420,1.395.901.617.977.160,0,0
61.585.009.805.221.600,5.375.401.436.403.460,7.902.992.491.075.100,11.869.657.353.918.000,8,0
6.350.936.508.676.430,14.196.634.471.723.700,4.226.085.557.929.040,13.648.004.448.657.500,0,0
4.530.400.977.204.450,25.763.199.876.352.900,24.207.461.111.973.100,4.831.714.026.523.200,0,0
3.746.126.146.264.710,4.499.436.742.688.590,8.975.688.361.753.630,1.312.802.807.181.550,7,0
6.258.599.157.142.360,6.929.089.110.247.670,5.355.045.108.504.730,10.224.727.133.909.500,2,0
5.031.362.585.800.870,7.331.603.781.367.990,4.945.039.986.527.870,19.462.535.139.334.600,4,1
8.564.898.411.883.220,9.954.215.129.254.560,-22.184.582.459.566.100,5.122.987.955.280.510,0,0
658.693.631.618.945,287.511.199.383.759,35.871.058.183.951.700,8.350.132.193.541.330,3,0
1.629.344.270.814.290,5.382.201.018.684.750,2.065.447.106.591.950,46.289.689.076.237.900,2,0
7.056.874.740.042.980,53.332.354.785.960.500,10.181.812.085.186.500,4.783.533.842.326.210,0,0
6.424.192.782.063.150,4.056.452.594.472.370,7.371.374.164.319.080,10.206.682.830.602.900,2,1
26.511.310.541.621.800,1.691.618.938.424.200,49.094.169.360.601.800,685.532.173.099.581,0,0
5.857.755.812.734.630,9.774.565.631.838.420,5.965.786.968.782.060,1.576.130.759.129.390,0,0
9.402.302.414.249.570,853.317.186.666.586,8.935.637.854.302.250,5.480.438.930.272.790,0,0
575.474.177.875.879,4.983.330.282.942.370,9.393.035.498.905.370,16.821.926.555.159.400,4,1
38.816.992.620.652.100,6.032.454.226.840.290,733.026.411.964.327,13.639.153.373.970.500,5,0
6.432.882.184.423.530,2.272.610.535.596.620,35.684.627.892.663.000,1.029.058.646.349.160,2,0
45.825.289.049.151.600,5.437.870.703.917.460,9.496.035.104.533.850,1.842.747.063.552.540,8,0
5.456.167.893.159.340,6.949.701.331.214.750,6.032.264.191.316.220,1.868.459.297.447.180,1,0
9.414.648.087.765.250,5.151.670.283.865.880,20.772.056.846.718.500,6.157.683.139.670.110,0,0
38.610.263.780.077.400,9.902.851.705.849.410,3.627.088.268.731.900,13.967.656.658.532.500,0,0
9.611.905.638.239.140,6.113.416.562.477.260,850.788.937.486.582,47.599.624.687.192.400,1,0
9.053.506.419.560.630,3.709.737.125.921.690,7.211.431.705.997.740,5.771.900.307.442.490,0,0
19.579.113.478.929.600,7.721.520.276.158.380,10.208.146.451.142.900,49.521.540.872.044.400,0,0
69.361.300.875.165.400,17.046.251.158.164.200,49.116.593.303.980.800,50.352.801.706.423.900,0,0
10.077.800.137.742.600,38.451.581.370.626.600,7.114.828.889.331.290,45.316.674.570.810.300,0,0
18.221.825.651.549.700,3.469.589.503.775.850,7.273.550.873.042.740,481.849.159.685.252,0,0
944.429.607.559.284,43.180.709.510.777.700,10.477.942.643.024.600,6.345.352.876.382.310,1,0
6.830.067.734.163.560,7.817.798.259.287.260,23.220.761.631.138.700,7.903.241.118.012.110,2,0
7.118.864.846.022.890,4.841.730.321.634.070,6.638.011.849.833.280,5.136.807.283.341.020,0,0
3.189.756.302.937.610,7.940.144.502.659.620,23.667.370.696.774.900,6.466.876.554.137.460,0,0
8.448.753.109.694.540,5.764.889.031.398.650,28.395.972.775.270.600,47.299.631.383.174.000,1,0
23.271.935.735.825.800,34.206.943.465.755.500,6.618.379.078.641.090,4.758.859.274.365.240,0,0
8.144.684.825.889.350,8.099.787.436.834.720,6.147.532.238.181.150,42.776.913.612.271.100,1,0
28.185.477.477.339.900,23.828.967.055.309.100,26.840.551.934.971.200,6.410.803.169.653.300,1,0
11.816.482.762.165.600,2.243.829.797.997.950,5.303.419.903.917.040,4.581.053.603.508.130,0,0
6.967.371.653.641.500,5.045.029.240.548.350,6.575.031.583.897.400,7.245.762.894.431.110,3,0
628.942.846.779.884,26.084.924.596.208.800,4.216.281.856.385.320,11.653.660.689.034.900,3,0
8.774.720.135.270.520,9.087.034.951.216.320,-8.001.090.069.229.850,40.563.256.208.896.200,0,0
7.350.710.438.038.850,6.482.975.272.988.010,3.506.201.423.809.440,5.547.906.813.497.700,2,0
8.034.809.303.848.480,511.093.821.472.398,34.408.397.785.748.200,522.739.474.875.071,1,0
28.203.457.257.130.600,4.455.178.144.931.610,536.627.575.939.447,7.578.894.114.378.170,5,1
17.743.954.377.972.200,9.669.685.146.183.150,-1.287.264.931.085.640,5.339.280.640.931.940,0,0
7.506.147.516.408.580,5.711.991.839.629.130,40.906.448.749.213.400,4.987.055.134.725.330,0,1
806.834.739.267.264,8.634.315.777.893.840,1.951.239.741.116.610,5.534.431.064.405.850,0,0
9.905.051.420.006.730,13.945.023.620.516.000,7.080.246.887.803.590,6.707.638.349.719.370,0,0
4.126.176.769.114.260,5.692.064.631.294.270,9.224.660.882.371.840,16.156.348.714.466.800,8,1
37.201.808.579.278.300,867.979.626.730.903,17.411.279.848.671.900,12.160.819.322.218.300,3,0
7.764.129.607.419.960,583.105.757.279.898,4.186.784.736.723.290,6.054.439.358.958.370,1,0
3.408.035.402.530.170,7.180.141.781.270.010,4.286.255.088.868.910,10.664.342.730.246.900,0,0
9.307.573.256.035.640,3.720.435.678.122.070,11.095.806.131.293.800,6.077.029.231.528.710,0,0
8.584.127.518.430.110,9.244.951.703.706.660,8.439.585.344.493.230,5.591.117.409.453.430,0,1
4.289.940.273.750.180,4.579.002.951.270.710,9.296.667.784.707.150,17.726.235.992.674.400,7,0
7.508.710.677.914.970,3.944.793.908.388.570,39.056.337.067.586.500,45.631.815.676.485.200,2,0
7.545.428.740.846.820,8.670.601.823.789.470,11.355.329.322.816.300,4.085.426.008.097.480,1,0
1.031.238.688.359.320,24.399.530.235.247.200,10.515.241.020.090.800,516.279.754.569.682,1,0
9.025.529.066.795.660,966.734.227.535.108,-5.735.305.358.636.960,5.073.222.691.040.150,0,0
50.525.237.244.785.700,9.581.381.198.044.960,5.086.686.077.243.920,19.435.413.647.658.400,2,0
8.264.574.661.077.410,2.476.316.430.714.380,12.320.477.608.707.900,5.898.606.504.956.560,1,0
3.200.496.010.306.110,3.480.519.554.773.200,5.248.288.552.497.910,6.108.268.032.238.390,3,1
8.955.232.284.962.000,8.955.557.408.738.850,4.395.745.488.064.300,4.471.240.446.149.870,0,0
3.892.016.787.341.630,9.666.222.208.961.070,13.682.251.313.366.700,12.634.286.465.460.500,0,0
1.083.765.148.029.830,443.439.102.836.044,10.561.616.922.351.200,33.637.937.573.455.000,2,0
9.053.819.764.192.630,32.099.704.564.089.700,6.665.336.141.310.900,6.498.782.470.631.290,0,0
9.128.667.678.613.350,526.094.013.251.542,11.492.234.040.178.500,364.433.643.010.904,0,0
3.193.136.375.904.140,6.877.692.063.657.340,40.084.403.285.690.200,7.343.622.820.984.990,1,0
950.061.967.050.805,2.734.745.153.749.790,12.281.216.513.214.600,5.908.579.063.643.730,0,0
9.506.071.469.375.560,7.364.731.746.190.720,4.654.055.898.259.720,5.646.630.114.661.410,1,0
5.734.378.881.232.860,5.165.735.711.464.100,50.240.727.312.663.900,15.346.455.480.186.200,0,0
63.183.721.216.979.900,4.929.449.276.441.640,8.943.415.916.335.650,11.972.719.457.381.300,0,0
4.484.455.219.783.190,38.628.770.514.554.500,846.028.563.347.193,1.842.316.329.624.500,2,1
29.321.077.169.806.400,3.534.731.920.607.200,4.423.966.008.906.900,9.101.233.571.167.380,3,1
328.664.545.369.916,3.156.332.153.671.520,4.782.301.097.252.880,8.860.446.582.587.830,6,1
6.725.184.560.770.380,49.101.976.266.891,6.638.783.912.561.960,8.245.672.634.235.490,2,1
75.237.452.943.768,3.207.335.823.115.710,28.704.982.819.361.700,4.764.392.011.654.270,0,0
7.915.790.437.258.480,19.225.791.846.809.100,4.545.760.491.506.460,44.695.240.405.407.700,0,0
7.896.181.427.945.530,30.946.954.908.860.000,1.829.086.982.692.300,44.005.332.797.113.700,0,1
9.120.610.304.869.030,974.904.272.810.235,616.155.703.336.115,6.374.624.880.507.670,2,0
49.442.030.470.258.100,4.111.134.169.948.480,9.548.501.951.803.450,19.994.638.329.574.800,4,1
5.755.876.001.664.420,4.447.127.768.583.350,8.528.783.260.239.480,5.566.089.181.403.550,0,0
5.495.288.823.237.350,57.654.498.995.114.000,9.512.006.000.404.910,19.782.772.635.816,2,1
441.530.501.373.377,9.833.407.684.142.260,46.863.408.676.571.100,15.284.692.445.983.800,0,0
8.877.041.827.582.990,24.160.127.643.576.300,5.899.835.133.667.130,6.287.040.578.244.120,0,0
3.509.150.125.520.780,6.812.821.105.324.330,5.039.644.363.413.000,9.992.276.784.719.910,2,1
11.706.701.642.760.500,7.159.846.935.417.240,8.552.249.246.313.670,5.444.863.471.331.640,0,0
14.299.168.205.283.500,6.073.244.167.930.650,16.956.222.424.786.000,4.197.208.715.099.150,2,0
7.615.106.317.174.720,8.857.833.963.664.400,8.556.961.454.392.380,4.735.861.277.928.500,1,1
6.182.180.633.162.610,6.768.722.758.275.760,5.724.429.871.317.700,12.946.751.879.579.900,2,0
10.112.267.612.279.000,6.409.471.103.617.540,34.102.379.522.203.100,7.389.860.528.233.720,0,0
8.410.680.611.499.740,5.961.426.495.498.960,1.334.681.213.194.260,6.005.944.533.938.780,1,0
70.096.913.145.912,7.395.811.772.217.420,30.618.375.014.377,8.256.490.241.509.300,2,0
7.276.300.636.419.350,21.096.989.061.995.000,6.832.982.893.993.470,48.096.297.945.230.100,0,0
8.218.600.592.903.560,841.622.007.542.774,23.103.006.977.322.700,4.484.241.633.117.710,0,0
7.062.422.271.564.960,30.353.805.533.004.200,4.176.227.765.687.200,6.007.480.634.900.490,0,0
8.134.878.064.189.970,843.812.863.658.306,20.378.258.905.125.900,4.514.071.457.996.910,0,0
8.483.771.408.519.190,46.032.905.064.276.500,11.632.436.139.331.800,29.499.299.273.533.700,1,0
9.866.395.785.011.750,2.175.879.399.316.440,1.863.526.697.861.400,42.751.887.138.842.000,1,0
37.427.079.575.612.000,133.778.144.993.968,23.100.355.860.634.300,1.124.465.313.862.800,1,0
3.706.421.470.668.900,9.533.071.675.823.720,22.270.808.849.034.200,11.321.881.981.452.300,0,0
8.127.995.672.575.020,7.266.558.758.115.670,-2.967.349.184.304.650,5.244.325.937.184.760,0,0
9.472.485.773.838.580,19.909.341.993.592.500,36.429.198.121.309.300,5.363.130.802.983.140,0,0
986.001.063.822.871,347.822.347.433.046,2.779.537.670.753.790,49.851.860.923.805.800,0,0
7.533.781.852.589.410,62.023.484.896.112.000,38.358.973.954.687.400,50.238.908.349.726.100,2,0
3.762.595.855.309.150,54.480.108.527.609.800,8.228.608.296.893.670,10.012.571.637.868.000,6,0
8.350.071.669.866.870,12.564.349.241.231.300,583.606.526.801.563,44.272.570.697.505.500,0,0
7.771.469.159.274.360,28.972.798.373.821.400,17.507.349.986.215.700,43.497.855.663.963.800,1,1
55.840.424.973.580.500,23.875.177.108.602.400,3.915.910.777.733.070,18.114.045.016.945.400,2,1
4.242.220.092.469.760,21.354.285.449.034.100,34.656.713.986.238.600,17.165.666.585.774.300,1,0
906.354.385.094.736,411.144.336.479.987,13.812.344.870.116.500,5.942.465.745.683.020,0,0
11.119.748.230.615.100,7.040.314.525.916.560,1.556.230.121.413.670,5.764.778.611.445.310,1,0
49.262.510.429.085.900,21.745.293.221.723.500,3.970.694.768.500.330,19.825.737.865.001.400,2,0
11.353.644.767.419.000,3.666.788.797.029.810,38.779.377.589.989.500,44.781.424.178.906.300,0,0
4.686.606.419.941.260,3.909.174.268.411.620,82.456.662.159.709,18.534.075.054.749.700,7,0
5.630.327.568.183.730,9.764.565.294.354.100,-11.929.459.166.287.200,3.493.297.578.994.550,0,0
11.881.791.626.807.100,9.546.663.568.790.680,-55.070.096.689.798.500,6.002.347.834.484.650,0,0
11.752.624.677.710.400,8.001.375.827.520.750,7.175.602.282.871.260,4.835.278.085.907.560,1,1
6.492.103.021.160.630,24.165.892.081.918.500,33.643.028.866.890.400,8.681.320.977.120.790,4,0
7.460.448.792.654.230,6.803.731.409.166.960,5.832.387.361.256.670,4.900.490.356.400.750,0,0
58.336.876.509.715.900,31.690.413.772.062.400,58.986.718.705.703.100,14.729.620.783.921.600,0,0
9.621.725.484.745.410,26.679.454.943.383.000,6.141.593.552.845.480,5.043.369.430.893.650,0,0
3.748.705.795.237.040,5.059.258.001.463.930,8.324.338.097.511.240,12.923.861.577.568.700,6,0
28.571.208.628.186.000,777.727.910.067.793,23.183.713.819.906.800,616.197.277.938.186,2,0
8.685.991.281.894.600,858.322.938.878.858,48.250.846.201.952.300,2.764.285.996.778.010,0,0
22.359.583.851.945.200,8.448.640.854.105.080,13.581.171.056.010.700,5.139.748.840.453.430,0,1
9.632.225.394.406.110,35.967.556.122.306.700,6.056.779.880.500.160,4.844.134.687.909.500,1,0
12.154.474.689.816.300,6.872.343.434.606.820,21.357.441.996.834.700,4.775.181.659.485.360,0,0
9.698.788.267.076.390,31.283.419.752.422.000,13.382.826.714.625.600,43.727.797.029.945.700,0,0
4.315.991.195.057.610,6.090.554.323.518.270,14.100.508.550.779.600,521.787.980.412.092,0,0
8.911.431.136.980.710,7.015.652.656.029.420,1.567.661.177.553.790,50.732.842.998.282.200,0,0
5.277.011.090.862.990,9.827.552.569.787.840,4.361.757.928.377.480,19.410.556.776.512.100,1,0
9.929.647.961.193.000,4.091.825.874.584.880,370.740.208.517.552,5.412.720.630.372.950,1,0
7.379.656.473.539.880,32.937.926.930.207.500,30.819.992.934.705.600,45.718.717.880.844.900,1,0
5.538.542.844.013.200,6.933.775.385.188.520,5.764.490.403.397.730,17.488.564.512.010.100,1,0
969.302.535.619.099,7.662.454.727.603.780,5.056.455.093.770.820,638.037.076.648.981,0,0
5.230.978.441.701.480,30.409.463.597.128.300,6.217.539.325.472.040,2.016.451.234.124.090,3,1
6.293.986.381.352.620,8.116.270.144.448.530,24.399.721.428.830.400,12.320.758.710.826.600,0,1
6.957.486.889.846.170,29.391.676.050.493.300,3.734.647.217.229.830,8.434.293.621.912.140,1,0
45.454.106.476.777.300,4.463.263.599.865.610,9.428.100.581.615.640,19.053.441.623.184.400,7,1
6.275.580.800.840.630,727.018.527.014.134,4.657.252.905.898.810,1.257.759.176.892.980,5,0
5.843.143.119.231.000,6.929.202.292.247.880,5.782.983.688.504.200,13.933.575.515.070.600,3,0
9.011.580.104.909.880,9.873.684.723.122,-368.771.218.849.229,5.208.957.723.587.440,0,0
45.446.380.341.457.800,2.251.610.242.159.310,7.829.853.122.278.330,4.817.770.659.772.220,0,0
28.096.318.959.223.000,6.623.179.135.395.820,40.603.779.020.941,8.040.010.707.275.710,3,0
9.504.114.840.765.580,6.096.819.082.757.770,50.457.825.701.303.200,5.928.235.480.459.460,0,0
8.902.637.838.909.160,91.509.845.449.003,-2.031.256.799.212.170,43.769.476.674.301.500,0,0
4.556.567.527.857.120,15.636.214.164.487.500,23.485.897.228.411.000,1.896.822.844.880.070,0,0
62.013.259.780.153.600,751.798.163.586.933,3.744.599.419.464.220,12.457.350.392.124.500,1,1
27.738.118.298.113.200,56.826.861.626.876.800,5.549.842.072.085.210,6.713.048.896.782.900,6,1
1.881.211.597.237.610,2.746.658.697.879.050,14.677.372.449.970.100,40.970.178.044.970.700,0,0
4.636.984.049.399.820,4.744.349.141.471.740,9.505.374.749.699.210,19.403.520.055.139.400,4,1
3.533.522.280.260.520,3.337.765.970.697.970,5.679.488.966.915.870,9.889.889.656.898.370,4,0
58.365.611.185.087.200,57.931.340.278.846.000,8.747.098.174.510.670,15.853.645.813.688.100,4,1
7.773.463.696.498.480,8.890.006.108.146.650,21.298.063.967.323.000,42.776.294.005.787.500,0,0
9.743.948.076.661.660,569.304.984.412.202,7.681.017.681.593.850,4.415.131.446.684.970,1,0
9.862.107.444.796.020,6.317.224.183.265.840,4.079.341.905.578.640,6.173.952.354.833.160,0,0
6.981.617.140.197.450,51.874.784.711.470.900,6.164.379.399.676.990,6.054.150.341.262.400,3,0
5.360.963.663.441.200,5.116.550.644.547.590,1.142.556.957.708.890,18.076.186.082.779.700,0,0
30.952.761.628.632.700,23.285.855.687.609.400,27.915.509.038.309.400,7.393.464.294.284.790,0,0
8.137.950.197.069.480,4.920.017.294.320.820,2.867.350.612.198.670,43.372.287.045.374.900,1,0
6.847.311.725.538.790,31.023.528.374.470.400,4.567.235.131.885.830,6.838.068.530.886.890,1,1
1.626.169.393.448.910,18.176.359.776.119.400,-29.812.935.537.663.700,5.155.700.640.820.860,0,0
9.109.271.844.938.420,5.041.328.419.184.380,18.268.166.612.072.300,3.498.165.001.728.400,1,0
822.537.242.923.169,3.228.097.934.478.500,13.281.874.165.063.700,4.074.661.073.628.510,0,0
949.799.913.291.924,25.810.764.317.341.400,19.560.321.285.029.800,7.054.701.996.764.800,0,0
72.571.950.838.836,4.639.854.174.403.800,51.921.317.057.777.000,6.633.673.078.212.830,2,1
6.134.151.959.357.890,13.328.425.808.217.300,15.413.849.743.298.900,12.137.945.011.462.500,2,0
4.182.430.362.906.180,9.277.457.330.754.070,12.361.393.410.727,1.615.676.588.041.660,0,0
9.327.284.833.540.130,867.702.097.919.239,-13.973.821.969.499.400,556.861.849.996.103,0,0
8.660.638.895.004.080,7.076.205.857.405.350,11.710.064.387.436.200,6.012.875.540.483.810,0,0
4.521.867.010.618.940,10.621.382.758.845.600,-6.497.229.783.952.090,48.733.280.542.589.600,0,0
26.366.974.497.252.000,775.877.254.469.693,322.440.052.729.113,5.976.699.476.845.030,0,0
3.764.633.668.780.490,807.957.328.109.019,2.505.836.831.017.710,995.508.192.969.644,3,1
810.553.330.781.833,7.677.646.177.143.370,12.502.845.849.640.500,4.064.431.560.880.780,2,0
9.872.761.293.149.440,11.396.588.711.924.100,-8.517.247.515.764.700,516.397.616.041.957,0,0
15.041.689.110.352.800,6.439.079.570.677.640,15.224.813.815.157.300,5.362.927.891.659.990,0,0
5.941.307.153.521.350,8.343.247.957.493.980,22.998.795.657.985.700,13.719.540.933.038.600,1,1
3.808.908.566.310.210,5.773.534.012.196.670,8.054.538.399.106.140,12.638.882.457.435.200,5,1
9.699.143.978.146.030,646.407.375.228.089,3.045.511.483.804.220,4.376.400.218.512.180,0,0
8.421.189.231.357.080,4.583.634.794.263.060,20.049.889.961.542.400,4.766.141.535.235.590,0,0
8.383.287.047.111.370,5.287.073.198.840.520,25.506.391.950.065.400,6.073.806.620.110.580,2,0
4.686.931.597.949.700,34.376.858.351.725.200,6.474.745.503.253.480,20.191.570.000.605.700,0,0
4.148.195.023.376.650,6.389.630.219.732.840,7.423.445.235.045.420,14.438.970.716.939.900,4,1
27.340.707.193.070.600,814.472.128.911.592,3.174.253.697.454.260,50.939.802.792.582.700,0,0
56.375.496.650.927.100,4.350.145.943.402.230,2.765.601.232.214.140,45.896.256.562.353.100,0,0
8.647.223.762.550.530,29.265.509.766.740.700,9.479.320.355.101.220,49.926.422.916.251.000,1,0
8.129.010.091.300.770,5.454.279.502.117.130,2.636.190.262.501.700,4.454.320.633.198.390,3,0
9.997.176.732.861.300,13.341.633.552.320.700,5.855.677.019.944.000,6.040.699.137.067.500,0,0
9.966.368.370.739.050,6.916.434.019.733.180,9.844.449.802.359.790,5.347.455.940.691.630,0,0
55.543.170.560.262.700,7.950.115.369.284.700,3.464.592.528.494.520,18.269.876.577.953.200,1,0
7.689.874.151.805.100,1.633.544.497.431.560,8.952.538.501.040.380,41.361.217.631.313.600,0,0
9.447.657.298.824.280,10.431.308.735.188.200,1.643.100.538.904.550,6.168.050.272.611.410,0,0
8.496.473.906.774.110,14.551.548.278.735.900,49.827.498.783.130.200,22.130.507.952.505.800,0,0
24.734.810.174.319.700,8.771.275.618.985.010,8.194.711.318.304.730,645.061.591.672.119,0,0
4.505.441.353.100.930,5.281.892.617.563.560,959.579.084.852.589,19.207.632.640.837.900,3,1
12.915.941.515.149.400,4.672.609.960.075.020,19.217.175.076.849.800,4.583.080.664.912.410,1,0
9.540.510.272.587.220,10.671.181.910.235.400,-12.876.407.053.931.900,6.273.410.635.368.600,0,0
60.617.463.445.088.000,6.495.560.067.569.610,698.700.488.159.203,13.473.799.090.512.300,4,0
22.864.280.550.346.200,86.799.959.189.509,6.620.126.445.423.340,544.011.995.708.329,0,0
6.717.006.844.058.560,828.185.869.323.453,14.064.629.090.467.400,8.774.449.866.286.430,0,0
6.181.282.404.578.950,6.260.547.089.808.010,6.942.723.912.852.500,15.652.401.410.899.700,3,0
3.581.627.180.328.400,7.527.871.665.167.360,5.603.205.225.528.490,1.183.021.491.569.660,0,0
11.355.759.219.962.900,11.239.702.717.601.200,4.360.340.728.850.530,5.709.706.781.772.070,0,0
6.715.731.955.927.990,4.930.898.710.982.460,12.092.774.010.173.200,752.964.104.379.008,0,0
5.203.077.009.037.930,2.574.792.164.924.690,45.334.542.122.830.200,19.837.454.907.322.400,0,0
7.723.183.917.356.390,13.566.146.716.037.700,852.731.829.290.014,4.554.823.366.143.730,0,0
5.201.635.011.119.930,26.004.804.025.243.300,4.317.592.444.158.980,20.520.264.179.689,1,0
8.521.815.003.185.400,3.850.580.557.189.610,19.348.313.948.142.000,5.170.860.057.887.660,2,0
55.190.683.877.448.500,9.429.827.840.711.350,5.662.085.666.638.210,1.698.493.961.203.840,0,0
56.093.797.153.538.600,6.103.760.597.816.920,8.010.475.702.164.930,1.753.931.638.238.120,3,1
8.766.536.026.583.450,8.349.737.856.829.620,8.716.150.840.103.900,4.163.041.099.296.860,0,0
403.482.866.212.397,7.103.515.007.123.320,5.339.078.445.535.520,14.565.916.671.537.100,5,0
13.401.522.845.064.000,11.250.313.052.663.100,5.890.836.150.590.870,41.594.373.432.473.100,0,0
28.782.676.313.338.900,7.359.204.063.739.480,3.177.808.188.709.080,5.027.713.800.086.580,2,0
755.137.255.673.619,27.509.888.155.912.400,20.959.079.987.024.400,6.329.326.311.401.560,0,0
6.203.095.513.534.640,6.391.078.469.947.060,7.028.840.405.797.820,12.221.125.839.136.400,1,1
7.040.797.680.992.230,3.409.619.736.429.880,4.105.946.522.745.770,6.478.521.248.030.940,1,0
21.296.416.150.891.000,9.976.722.632.646.590,-4.871.105.698.604.840,5.447.071.012.112.300,0,0
13.637.147.558.676.900,26.355.147.949.677.700,10.896.169.105.408.600,5.717.359.155.716.430,0,0
14.544.665.667.881.900,27.913.047.077.426.900,-45.798.053.953.380.900,3.892.931.189.117.920,0,0
35.058.755.880.659.600,9.306.722.555.623.980,10.411.527.387.570.700,10.173.467.345.587.700,0,0
58.991.768.685.463.300,2.464.440.463.632.260,4.219.828.305.794.730,16.329.603.965.584.200,1,0
3.922.440.450.997.320,6.966.889.878.731.960,5.513.833.273.295.640,13.967.369.434.815.100,4,0
43.747.492.202.372.900,7.253.263.907.358.780,54.688.331.154.555.400,17.394.483.416.836.800,2,1
9.041.586.944.937.480,8.363.785.774.103.990,-4.715.869.452.401.420,5.643.994.627.073.630,0,0
3.482.554.670.233.000,9.744.393.106.384.750,2.800.409.229.999.060,10.195.781.944.872.700,0,0
5.139.894.891.598.100,9.756.019.191.566.520,5.674.796.552.195.310,2.060.753.755.656.790,0,0
783.653.012.741.143,6.527.675.756.646.380,8.058.359.107.624.910,3.244.569.190.297.180,0,0
3.965.427.823.212.700,8.218.393.227.529.020,2.199.048.534.244.030,12.230.091.693.851.500,1,1
6.220.867.002.278.730,6.463.099.336.573.810,61.731.304.672.598.200,13.124.005.819.299.000,3,0
8.623.637.087.467.450,6.473.421.343.730.910,16.202.318.107.339.200,3.515.845.304.930.560,1,0
949.520.623.657.642,1.283.499.266.146.940,-30.869.220.335.369.200,5.402.152.713.257.710,0,0
14.707.348.092.903.700,6.501.871.664.456.530,16.356.538.878.472.300,4.677.555.516.296.640,2,0
9.265.876.251.614.940,9.824.825.806.012.470,-4.094.383.652.430.870,4.005.487.668.711.820,0,0
4.921.162.930.795.380,911.818.569.539.447,18.637.650.392.473.400,2.030.310.748.684.910,1,0
25.824.438.829.895.800,4.391.306.608.048.500,41.940.459.515.039.200,6.008.189.287.801.280,1,0
45.913.575.623.826.100,3.994.797.328.609.430,5.984.440.300.289.170,2.090.878.731.453.850,0,0
980.032.575.285.477,36.229.349.000.020.400,4.329.639.143.993.470,43.753.375.053.141.500,1,0
4.926.180.939.928.690,8.263.903.116.005.550,3.212.465.859.580.270,21.399.296.344.248.300,1,1
32.875.161.028.750.800,701.499.101.465.166,3.774.925.183.864.930,881.408.779.305.274,1,0
6.334.008.543.167.250,4.593.436.555.939.560,8.436.970.954.107.560,10.500.111.828.691.300,2,1
24.014.561.877.819.300,5.510.153.515.883.100,5.893.193.753.568.160,6.311.895.000.034.770,0,0
7.586.332.810.866.390,4.268.947.278.233.020,1.112.342.421.221.350,5.567.599.682.523.450,1,0
12.887.972.191.064.900,4.690.249.397.178.830,14.710.453.570.020.600,5.051.165.336.771.950,1,0
12.804.583.895.777.200,9.285.555.328.941.350,3.499.548.607.419.140,5.281.149.971.334.760,0,0
15.190.269.351.229.400,6.410.861.035.821.590,14.974.553.976.876.100,4.438.078.504.011.720,0,0
13.882.717.264.941.000,3.116.529.166.546.480,16.368.120.088.833.700,4.196.267.336.294.820,1,0
6.408.747.448.032.140,5.253.182.644.507.210,7.449.451.965.317.840,11.320.373.032.828.100,2,1
18.188.008.439.914.400,6.605.530.782.216.000,23.418.646.755.909.200,48.712.426.324.818.000,0,0
3.456.672.833.238.630,9.725.682.356.497.360,2.887.828.536.729.950,9.478.996.912.781.360,0,0
8.967.884.099.060.110,360.059.901.930.726,7.976.785.375.872.200,5.285.540.363.776.820,0,0
4.739.616.402.628.720,4.778.673.549.131.350,1.007.747.503.605.260,19.765.313.615.198.100,7,1
6.675.577.385.210.270,3.552.839.742.369.220,5.579.338.223.387.240,7.255.673.118.321.150,2,1
17.231.987.120.162.900,6.825.117.301.162.000,20.856.309.621.691.400,635.615.393.815.686,1,0
19.228.901.880.867.000,662.232.158.329.593,1.669.474.830.456.670,5.253.010.816.341.390,2,0
4.086.861.626.647.880,7.153.223.105.291.350,7.209.786.352.365.340,47.977.435.558.307.400,0,0
16.893.506.307.216.400,26.814.322.961.192.000,20.492.985.905.467.100,5.493.373.467.463.300,2,0
2.785.903.390.319.580,31.566.848.116.406.500,34.078.865.536.910.100,652.950.754.531.675,2,0
1.770.104.842.767.460,12.525.123.109.620.700,10.376.626.764.021.500,5.848.488.647.506.460,0,0
887.025.337.570.556,6.555.099.718.461.120,8.130.625.685.325.410,5.541.165.720.719.050,0,0
1.206.358.711.006.000,3.979.712.733.565.250,-2.945.040.896.967.080,5.729.091.507.649.610,0,0
46.077.876.803.272.500,59.768.233.552.345.900,8.614.927.139.568.270,2.024.051.877.146.270,7,1
2.063.337.184.057.920,8.696.958.848.516.330,9.308.658.846.750.520,6.084.726.346.016.100,1,0
3.642.698.610.480.750,8.908.321.482.896.330,9.255.008.945.699.130,10.810.527.229.614.300,0,0
5.034.172.708.548.560,4.490.377.603.699.610,9.499.054.794.177.270,18.868.343.095.284.200,6,0
6.903.948.286.293.650,45.930.368.821.307.300,6.404.194.220.456.490,911.645.726.331.174,5,1
39.312.139.841.098.900,7.696.918.300.801.730,7.614.318.860.683.800,4.762.646.032.366.220,0,0
7.994.103.989.090.420,6.707.650.254.430.350,2.440.204.159.578.700,46.964.982.527.280.300,1,1
6.279.003.894.909.070,8.212.594.203.728.450,2.314.784.668.606.910,9.883.467.479.154.130,0,0
817.590.319.488.719,24.465.505.460.471.300,6.409.713.422.957.720,5.340.858.894.848.970,0,0
8.735.786.241.067.770,4.213.008.816.333.640,1.487.440.249.987.220,5.162.868.398.035.640,1,0
9.208.724.005.318.130,8.388.393.367.652.700,32.960.713.067.242.000,34.870.214.732.236.100,0,0
6.107.795.985.486.370,877.120.467.662.288,-12.612.754.940.454.400,545.425.736.045.323,0,0
27.687.764.814.720.300,24.317.998.026.422.500,2.739.865.772.805.630,5.746.478.790.932.640,0,0
8.062.012.797.930.610,55.057.063.454.136.400,28.097.630.173.456.900,7.828.396.535.208.100,1,1
7.482.596.903.836.580,19.249.315.063.582.700,17.579.607.711.284.800,5.118.895.444.455.160,0,0
1.845.210.193.563.770,10.187.876.413.955.600,3.273.390.622.818.930,46.682.947.148.616,0,0
2.093.493.233.367.100,9.111.205.013.919.570,48.117.218.735.546,43.448.472.694.166.400,0,0
370.472.102.791.382,8.205.075.042.321.090,20.967.303.557.656.700,12.760.831.316.180.800,0,0
4.845.229.851.910.210,7.600.349.018.031.730,39.769.607.334.508.300,1.944.864.227.860.650,1,1
61.825.477.153.029.500,4.876.631.881.314.040,1.353.521.518.560.940,1.172.975.562.240.570,1,0
36.891.363.956.977.200,8.437.287.927.102.570,1.525.530.213.653.170,12.059.582.508.084.700,3,1
4.625.347.161.331.470,43.804.407.590.538.300,9.268.562.120.579.980,17.603.003.919.247.700,7,1
7.474.709.381.337.560,3.423.951.232.958.590,34.730.804.951.662.200,632.695.529.156.254,2,1
366.832.028.905.979,54.647.636.102.537.600,96.829.469.765.356,6.781.726.872.899.720,1,1
25.243.694.434.402.000,9.135.324.272.355.580,44.269.756.126.622.700,6.266.854.149.290.190,1,0
7.133.495.858.845.520,7.566.465.493.523.980,2.220.396.164.472.870,7.178.461.281.158.640,1,0
8.952.068.376.871.990,5.824.350.768.882.950,8.709.884.127.211.330,5.876.148.604.310.140,0,0
51.167.744.211.566.600,18.659.009.687.316.700,30.683.288.285.294.100,21.607.783.898.868.700,1,1
53.211.348.526.531.500,1.882.321.997.690.450,33.440.859.451.721.000,20.456.039.822.023.400,2,0
10.717.201.133.977.600,18.424.865.157.267.400,7.977.735.552.769.350,5.446.356.379.260.590,1,0
44.741.236.682.345.400,5.700.238.755.193.390,1.044.026.594.147.950,1.896.680.566.116.230,1,0
53.261.726.645.502.300,5.877.984.493.716.840,9.152.989.484.442.030,18.337.001.426.243.400,5,1
24.247.050.363.472.900,840.348.177.588.508,1.535.223.834.405.830,6.320.720.340.171.580,1,0
26.924.323.094.938.000,174.982.139.873.886,3.795.803.472.746.880,50.411.163.126.608.600,1,0
37.728.416.310.462.200,4.900.464.497.127.350,8.455.755.310.759.160,11.697.542.063.817.800,0,0
2.007.119.777.772.630,5.727.702.766.869.450,42.960.683.089.852.100,19.175.872.772.644.500,1,0
3.220.791.655.831.780,8.194.956.853.860.520,14.707.232.072.724.600,8.482.444.495.985.710,0,0
21.144.800.699.654.400,3.267.388.905.686.330,2.221.622.923.460.510,4.589.513.781.546.870,1,0
3.274.973.521.779.140,3.496.143.988.077.220,5.193.426.810.933.330,9.498.983.438.783.610,1,1
11.976.213.181.925.100,5.963.464.974.967.750,1.479.484.602.696.520,5.401.070.841.864.910,1,0
890.527.280.739.895,274.212.889.124.147,13.636.825.027.443.500,6.131.413.093.888.270,2,0
59.359.245.355.404.800,2.660.836.607.768.410,5.687.375.700.226.960,135.965.092.747.656,1,0
6.791.023.191.444.890,7.352.285.181.015.960,37.069.998.179.632.400,9.055.100.053.531.690,1,0
7.891.712.386.073.380,6.256.499.129.414.530,27.558.081.864.583.900,7.335.104.534.914.580,4,0
4.984.421.989.290.570,5.807.559.990.556.590,912.336.830.212.473,20.762.338.352.215.300,5,1
869.202.880.874.237,7.416.841.289.918.230,17.222.652.659.529.100,5.793.305.676.993.230,0,0
5.371.065.418.185.470,6.752.308.375.620.370,6.473.572.698.067.600,19.171.671.218.741.300,2,1
5.868.411.180.208.790,20.588.198.817.832.100,32.444.787.435.108.100,14.763.362.542.853.100,0,1
7.454.394.741.843.290,3.524.810.469.433.510,35.901.261.024.151.000,6.499.070.525.005.770,3,1
4.316.595.462.296.790,126.110.141.678.625,19.263.099.829.589.400,15.370.033.037.024.900,2,0
12.758.030.279.556.300,12.985.701.341.788.100,3.730.162.373.437.850,45.968.443.262.474.300,0,0
28.377.590.579.872.400,6.761.957.463.565.390,36.757.330.135.315.100,4.677.267.530.204.340,1,0
3.630.822.963.986.350,8.586.001.069.824.980,22.298.766.502.295.100,10.171.468.544.716.200,1,0
6.459.172.413.316.010,9.627.325.838.611.390,49.907.865.735.648.100,108.150.727.374.602,0,0
57.077.830.466.891.100,62.834.711.754.944.400,7.993.910.735.325.200,1.718.181.754.404.930,9,1
3.560.967.258.978.460,18.410.132.336.095.600,20.970.331.960.365.100,1.037.713.791.870.090,0,1
9.865.152.487.929.790,1.056.503.454.489.300,2.871.516.302.816.030,5.170.509.706.519.690,1,0
60.577.481.935.688.700,8.128.509.715.367.570,2.836.555.252.802.780,11.687.279.846.174.200,1,0
2.372.267.917.359.940,57.875.647.635.999.900,39.662.710.223.557.100,51.024.390.147.471.900,3,1
10.178.247.262.040.300,6.182.850.210.137.190,4.502.477.324.196.170,4.324.051.345.854.380,1,0
15.285.913.918.433.200,7.814.620.887.547.090,8.291.246.110.168.920,43.771.912.968.180.900,0,0
24.595.772.838.450.800,7.032.772.277.324.510,303.185.294.913.971,6.194.798.988.875.200,0,0
1.606.813.732.595.550,8.344.582.528.560.960,7.439.673.807.845.200,4.186.908.162.966.880,1,0
18.656.702.405.130.500,5.621.390.545.987.840,38.351.436.341.776.100,45.056.842.497.406.400,0,0
2.850.951.686.938.470,7.475.206.367.465.040,2.093.591.685.305.330,44.030.346.931.763.000,0,0
1.733.735.952.947.540,8.508.527.573.220.950,3.495.610.180.005.790,47.782.304.093.200.100,0,0
8.967.654.246.264.250,28.613.504.245.831.400,912.455.635.293.891,39.178.864.380.304.300,1,0
8.023.374.566.164.220,6.404.472.739.932.520,9.868.154.775.239.430,50.814.410.125.180.300,0,0
52.451.138.957.025.400,31.416.206.383.697.200,6.809.874.547.893.860,18.604.986.719.225.800,2,1
4.103.968.269.896.610,957.971.066.482.454,613.920.173.779.209,15.144.910.280.166.900,0,0
9.823.786.169.086.060,33.423.572.435.503.700,157.640.743.634.902,4.855.447.073.792.730,0,0
11.203.890.216.805.200,5.797.928.438.329.550,14.120.760.891.183.100,6.680.127.616.477.180,0,0
39.785.559.904.574.100,1.665.035.470.495.150,18.895.776.508.242.200,14.400.110.879.747.500,1,0
9.694.704.332.753.680,7.122.202.051.771.580,-31.448.486.331.219.800,3.160.607.661.669.120,0,0
8.655.071.258.939.800,17.589.028.341.866.200,6.356.934.926.743.450,37.539.521.027.624.400,0,0
81.707.207.094.928,23.538.326.189.835.700,12.382.314.127.245.500,5.153.610.938.130.660,1,1
25.790.282.704.493.900,4.943.708.110.457.580,461.903.789.156.752,48.706.655.721.713.000,2,1
17.088.758.739.006.500,914.834.949.996.878,-18.529.551.045.549.400,20.983.216.669.144.400,0,0
668.643.219.924.431,21.171.437.214.797.000,2.668.828.353.043.730,9.967.915.487.356.200,2,0
9.293.759.891.275.850,14.424.002.111.810.300,12.537.144.834.384.400,5.721.712.293.017.080,0,0
5.567.628.930.139.290,7.589.768.318.540.300,432.054.548.060.485,18.289.064.452.430.700,5,0
57.161.268.946.989.900,500.619.532.333.931,9.938.237.364.653.360,15.999.943.594.293.300,1,1
27.997.909.366.028.400,9.117.851.123.817.710,13.227.972.304.569.300,6.760.887.666.395.820,0,0
7.694.929.331.919.360,14.661.455.715.984.200,6.369.446.787.149.210,46.928.569.527.238.000,0,0
18.704.374.855.752.300,6.459.278.930.230.390,21.898.840.050.216.100,5.316.882.597.483.790,0,0
32.367.923.640.424.300,23.287.914.615.181.500,3.215.342.014.068.610,7.248.998.455.166.280,2,0
4.254.364.386.164.160,1.567.604.286.516.390,16.482.557.028.736.300,1.787.589.714.504.460,1,1
507.610.378.684.455,6.834.294.151.572.700,7.142.668.447.286.800,1.838.638.778.393.770,3,1
24.240.973.241.508.000,5.936.846.199.087.330,39.504.764.119.104.400,6.775.859.096.319.080,1,0
11.483.682.473.920.300,7.548.274.583.623.310,666.430.727.528.054,50.479.252.588.701.300,0,0
6.106.200.424.416.320,30.946.257.644.618.200,539.168.956.776.549,1.264.581.587.118.710,3,0
28.863.055.324.025.500,4.479.716.563.821.890,5.399.659.644.119.650,6.773.728.089.015.160,4,0
58.123.822.142.261.200,40.547.167.633.041.800,8.549.443.855.032.760,16.517.393.471.936.300,3,0
15.436.271.527.420.200,9.840.894.639.665.140,-20.052.599.948.918.900,6.404.935.787.654.740,0,0
48.114.010.185.481.700,2.922.489.567.393.870,5.908.119.712.613.570,20.048.729.443.747.900,4,1
53.258.943.255.158.500,29.481.723.834.676.600,5.714.994.054.289.050,18.333.531.025.880.900,4,0
5.182.353.682.242.690,3.545.482.088.286.070,3.947.116.122.879.280,50.562.823.905.469.100,0,0
33.660.427.819.392.000,5.645.940.812.903.210,7.574.300.220.411.730,10.764.528.667.561.700,5,1
13.441.467.693.897.400,25.232.274.426.374.500,9.995.420.573.117.620,6.366.465.253.035.490,0,0
6.337.497.047.276.770,9.152.899.403.792.730,2.908.376.777.520.820,5.909.850.818.464.560,0,0
9.899.602.323.899.450,2.656.855.648.662.630,5.917.899.277.380.990,5.795.778.902.503.490,0,1
32.235.384.497.472.200,8.958.157.315.601.940,5.245.695.181.617.940,8.795.547.385.828.490,1,0
8.098.744.458.546.340,10.347.506.364.658.400,9.475.431.009.344.550,6.282.064.262.416.430,0,0
25.464.065.476.376.300,6.565.627.023.996.520,2.715.636.887.607.150,5.282.701.727.876.670,2,0
6.815.027.222.239.290,9.069.855.184.382.430,604.915.524.433.565,6.533.850.003.914.120,0,0
7.602.278.598.896.860,16.874.943.839.822.900,9.504.814.851.990.160,5.576.697.309.369.590,0,0
5.956.387.406.078.440,968.326.960.099.255,7.495.221.574.420.670,13.676.909.699.802.200,1,0
4.715.761.885.501.580,4.528.833.604.155.110,9.694.202.211.525.870,18.351.119.873.342.300,3,0
4.118.409.141.472.680,9.457.151.084.410.240,7.073.738.144.003.210,14.449.790.275.788.600,0,0
3.488.682.665.429.950,676.820.043.630.047,5.081.214.968.201.150,1.227.282.255.980.060,1,1
9.295.291.442.478.250,30.158.686.987.355.100,31.573.555.756.994.100,5.137.603.153.491.420,0,0
8.306.194.077.877.290,1.883.025.249.171.060,3.079.595.571.048.090,5.425.363.778.454.330,0,0
9.650.269.106.665.120,3.037.350.462.250.990,6.318.913.506.253.810,3.777.939.384.028.700,0,0
12.429.722.348.554.400,9.301.740.926.267.490,42.415.922.854.823.300,31.691.592.936.978.400,0,0
7.308.674.752.036.440,14.386.796.634.332.900,15.276.316.252.404.200,5.224.948.564.055.430,3,0
9.383.404.568.210.370,10.466.044.034.648.100,-10.863.806.753.303.800,6.439.204.310.731.900,0,0
18.123.306.616.566.000,4.229.435.437.415.570,28.148.687.133.473.300,5.427.516.469.401.140,0,0
66.496.267.366.777.400,7.955.783.762.575.860,23.516.605.174.426.500,5.599.840.584.113.420,0,0
7.411.206.492.900.590,14.138.355.421.634.000,13.259.140.578.010.900,6.558.191.191.486.410,1,0
5.744.731.131.799.110,13.032.043.317.233.500,19.969.965.610.513.000,15.775.918.328.278.500,2,0
841.828.776.758.272,6.434.289.495.173.300,18.580.852.782.357.000,6.431.495.997.228.130,2,0
1.397.723.766.262.890,1.971.829.819.680.660,5.258.421.698.056.120,4.390.011.741.370.960,3,0
7.952.673.118.598.900,976.100.381.089.916,732.617.210.066.689,6.598.073.225.644.040,1,0
20.162.732.004.774.400,16.684.857.820.557.700,10.147.558.972.038.200,561.725.083.599.843,0,1
1.636.559.428.657.040,9.237.313.958.767.760,52.393.392.048.503.600,3.263.382.764.063.000,0,0
16.426.579.793.099.200,8.214.712.527.761.900,2.732.014.251.787.020,43.055.039.491.629.400,0,0
8.145.747.202.313.820,3.540.645.623.550.940,21.376.572.795.015.300,3.321.539.931.225.120,0,1
6.651.972.206.962.000,6.558.207.673.273.920,5.703.202.115.835.480,9.995.884.780.211.470,3,1
5.230.654.247.691.190,5.372.756.736.680.380,10.106.621.454.293.300,19.581.514.444.939.600,7,0
3.588.304.841.235.020,677.124.263.482.564,4.932.518.039.907.730,8.309.520.029.477.690,2,0
8.772.005.408.131.080,6.826.711.524.627.590,7.625.765.567.032.990,5.387.951.239.469.840,1,0
39.244.510.742.263.500,628.734.015.059.993,7.416.920.692.541.550,12.874.736.454.687.100,5,1
8.165.994.394.715.770,26.610.136.853.730.800,11.009.586.751.461.200,36.160.817.122.607.000,2,0
4.391.349.085.702.180,3.900.642.076.281.810,8.230.011.323.053.650,1.914.168.844.421.340,1,0
3.769.444.294.249.070,4.555.667.819.901.080,7.888.966.830.188.880,12.142.418.393.081.300,4,1
4.626.797.856.696.060,8.909.738.846.907.030,19.392.581.612.406.800,1.869.751.285.020.680,1,0
3.013.778.741.641.420,5.694.972.585.185.750,55.181.683.176.310.500,6.687.126.832.307.370,2,1
7.476.093.801.762.510,8.323.910.417.019.070,15.108.503.069.785.100,41.861.641.732.892.700,0,0
5.027.203.900.924.790,9.916.243.429.612.280,5.428.485.998.018.230,1.868.990.173.549.270,0,0
2.322.126.951.468.170,16.361.620.413.827.600,1.067.475.975.020.070,6.700.757.981.316.930,1,0
8.995.745.732.745.680,6.917.776.391.419.820,26.712.623.616.168.100,45.312.353.849.023.700,0,0
3.838.912.213.732.110,6.742.935.737.000.240,5.118.765.804.147.430,1.266.657.796.271.750,1,0
5.435.528.611.139.880,9.799.554.473.582.780,4.823.176.315.028.870,1.659.841.093.629.210,0,0
906.472.110.964.547,9.856.007.339.528.000,14.059.129.319.032.200,36.857.840.531.072.200,0,0
6.242.379.959.139.920,6.866.786.117.241.290,499.608.793.090.628,12.542.837.476.678.600,2,0
11.689.804.070.836.400,24.361.479.198.219.400,375.497.910.792.787,5.387.463.540.962.040,0,0
9.398.321.236.134.750,7.985.558.381.305.990,4.608.035.092.901.950,6.754.319.972.880.670,0,0
62.770.805.307.141.700,1.070.291.342.110.380,13.522.567.459.084.400,12.979.444.014.653.600,0,0
3.349.056.146.570.860,7.806.993.041.716.280,26.151.044.515.766.700,8.608.406.047.761.100,2,0
13.927.207.266.338.700,9.101.961.241.446.960,474.032.372.206.652,5.495.365.050.864.730,0,0
794.025.189.270.296,3.828.333.947.684.350,25.063.901.438.317.300,48.823.886.090.142.000,1,0
6.200.727.559.285.130,6.306.352.949.830.800,6.639.875.731.503.730,14.349.719.968.967.900,2,0
5.334.610.919.763.210,4.301.427.320.968.260,9.771.834.958.518.390,20.332.353.716.031.800,8,0
8.938.925.830.509.570,43.776.505.498.812.800,1.390.451.992.935.860,5.176.097.513.398.160,1,0
7.885.972.112.245.300,31.037.088.910.812.000,2.290.281.148.388.420,5.433.476.234.983.570,2,0
15.167.487.973.275.100,7.621.296.204.503.240,16.214.368.662.321.900,6.479.638.757.245.280,0,0
31.172.206.779.554.800,9.361.765.641.665.050,17.552.277.353.657.000,812.837.415.943.457,0,0
24.848.913.981.446.500,9.407.508.592.344.610,6.388.842.789.164.670,7.193.180.399.343.290,0,0
743.946.292.572.677,17.478.128.487.493.300,17.661.586.506.038.400,35.716.887.196.856,2,0
3.353.243.473.577.930,874.743.649.656.566,16.409.549.894.709.700,5.461.510.841.383.090,0,0
5.698.896.848.713.160,7.374.314.414.271.220,4.907.841.134.497.050,16.234.195.696.938.500,2,0
7.624.586.857.406.900,25.283.740.069.028.900,16.751.531.311.879.400,7.235.318.976.852.300,0,0
8.767.656.367.617.490,6.728.461.292.151.450,-4.275.001.107.002.580,6.558.804.786.454.460,0,0
3.420.817.487.159.070,26.799.726.688.437.700,38.515.890.958.431.900,9.343.713.382.345.150,4,0
8.212.573.046.720.120,9.122.082.367.815.250,5.686.552.380.423.010,6.621.729.539.092.820,1,0
11.063.173.695.520.700,6.331.786.748.957.720,15.404.413.368.280.800,6.790.770.011.747.500,0,1
8.464.522.917.345.180,7.210.546.608.978.710,1.681.839.179.204.590,51.115.337.272.436.900,0,1
12.748.866.233.198.200,25.715.235.110.909.500,82.413.908.823.989,7.486.483.476.370.100,0,0
3.972.872.905.603.670,7.193.881.555.748.200,5.160.272.256.582.470,13.819.877.647.586.100,2,0
7.972.953.657.795.530,2.812.150.627.792.370,10.213.586.642.808.200,4.966.132.174.356.360,1,0
14.991.742.734.877.300,3.753.213.457.730.130,20.500.748.738.242.900,5.898.590.251.957.350,1,0
2.292.513.952.326.410,6.267.533.485.423.310,33.343.887.940.794.300,50.301.795.400.845.700,4,0
7.222.525.683.930.660,14.609.656.554.132.000,12.606.783.467.468.500,6.354.353.486.784.830,0,0
7.200.365.365.460.740,8.230.035.744.469.340,1.608.830.426.520.470,7.742.186.894.467.760,2,0
6.411.476.328.852.970,23.503.129.881.191.800,2.759.798.627.153.250,10.558.792.215.999.100,1,1
6.939.484.444.671,6.522.811.128.184.460,4.339.104.073.193.040,5.592.003.545.980.430,1,1
5.427.244.433.475.960,4.051.971.425.753.290,876.650.626.168.227,1.905.890.284.885.210,7,0
25.179.905.890.695.200,59.604.359.547.764.700,36.195.096.677.224.400,4.992.967.498.805.110,4,1
3.456.959.935.039.190,10.745.055.262.890.800,1.331.324.351.982.980,10.426.371.419.828.800,0,0
18.159.771.680.142.500,16.912.799.921.607.300,4.137.778.170.728.400,5.790.520.235.597.230,0,0
9.084.505.613.336.280,9.095.644.273.803.010,25.080.217.907.060.500,6.474.976.232.199.020,1,0
58.339.179.476.612.000,2.696.300.087.671.820,438.587.748.843.231,16.502.091.957.017.100,3,0
4.008.514.167.636.390,8.196.770.027.804.590,2.879.276.951.731.790,15.265.663.859.328.500,1,1
4.620.058.036.441.320,9.993.503.004.722.000,10.461.918.252.788.300,18.286.383.108.615.400,1,0
9.472.833.396.118.150,21.143.125.799.891.100,33.376.964.921.205.100,5.804.665.373.910.140,0,0
1.533.514.031.160.800,2.651.707.411.833.550,1.270.789.875.546.230,7.005.326.627.850.180,0,0
5.862.298.320.167.970,6.628.597.876.346.650,66.015.795.142.368,14.653.947.158.937.700,3,0
505.888.678.884.466,9.654.486.346.006.210,8.255.017.145.401.290,2.177.375.342.061.820,1,0
6.114.542.354.346.470,9.158.143.481.907.430,9.502.692.224.507.540,12.510.926.490.570.700,1,0
18.110.183.820.840.500,5.028.755.200.655.840,5.383.102.802.997.890,4.148.164.757.143.240,0,0
8.721.239.089.441.510,7.951.102.825.267.240,868.025.980.900.089,5.310.961.542.728.220,0,0
9.321.182.824.836.120,13.574.585.309.990.100,8.882.056.512.609.800,5.717.232.877.899.190,1,0
5.651.331.835.892.080,9.774.381.842.040.120,1.289.086.578.909.990,18.044.806.030.650.000,0,0
6.966.508.238.768.920,9.643.532.340.359.860,3.852.565.166.348.150,6.207.685.833.522.000,0,0
9.224.993.811.772.950,16.372.895.787.917.000,-9.287.160.585.868.810,5.436.534.848.044.440,0,0
7.072.386.343.133.980,2.994.231.248.031.060,40.130.851.278.783.900,6.066.269.590.824.730,0,1
15.253.904.291.426.100,10.015.499.750.676.600,12.337.684.507.962.100,35.469.279.618.296.700,0,0
5.762.883.601.668.130,2.717.175.988.981.790,4.414.357.392.589.010,15.284.047.127.382.100,3,0
6.067.150.463.828.550,8.159.557.894.152.060,26.817.060.027.399.900,12.737.029.553.719.700,2,0
424.130.671.302.386,3.783.156.071.652.590,8.256.661.636.287.160,1.677.018.135.595.240,5,1
7.364.442.356.247.220,8.839.696.714.675.830,7.972.067.199.320.540,7.068.667.458.699.470,0,0
9.343.670.147.690.140,3.422.255.247.789.040,7.542.431.097.497.120,35.279.930.686.593.900,0,0
9.255.685.129.067.760,98.138.333.424.128,18.013.166.730.081.600,5.353.712.407.749.100,0,0
4.508.393.714.041.320,6.296.835.952.592.020,828.732.915.521.061,1.711.595.952.414.800,5,1
11.323.804.584.075.500,4.161.609.464.061.570,11.496.067.952.050.100,5.637.555.701.337.090,0,0
9.848.411.989.623.340,16.653.851.349.727,9.833.952.748.515.020,43.773.873.395.764.200,0,0
8.388.980.864.459.340,9.861.767.972.836.940,-11.830.426.739.325.200,39.967.675.022.184.700,0,0
12.466.268.120.326.600,8.208.490.092.631.280,12.428.343.587.946.400,581.275.519.285.228,0,0
9.208.418.826.173.720,2.814.773.024.509.190,50.308.553.043.306.900,4.415.216.549.727.300,0,0
8.698.963.620.621.280,7.006.869.572.118.940,51.170.186.238.811.200,470.006.889.550.944,1,0
5.188.380.571.260.720,5.662.555.737.755.800,10.228.814.590.914.700,17.516.203.981.464.800,1,0
59.127.543.574.492.900,12.037.814.950.553.300,16.807.021.219.315.400,15.836.213.099.006.700,0,0
3.990.027.038.701.300,5.807.685.836.144.210,8.157.487.534.551.300,148.281.378.154.972,6,1
5.476.163.882.203.130,9.287.634.212.054.920,24.129.862.159.831.900,50.062.015.912.237.500,0,0
33.519.724.164.590.000,49.674.342.800.598.400,688.014.641.816.283,733.004.804.707.976,3,0
8.028.534.485.980.110,8.429.454.824.561.970,6.376.203.349.166.110,6.362.270.829.780.480,0,0
4.632.023.004.602.850,44.588.661.985.980.700,50.630.787.923.855.900,43.338.070.063.084.300,0,0
3.334.991.716.911.440,7.085.835.457.678.250,4.188.292.042.243.430,829.727.686.440.309,4,1
3.981.686.935.909.430,7.318.727.372.865.000,4.581.793.444.766.320,16.243.410.968.593.100,4,0
5.373.956.029.379.220,17.396.370.590.333.800,2.560.703.707.895.660,18.283.368.008.659.900,2,0
9.198.556.164.127.600,36.121.605.897.581.100,7.546.880.463.895.920,5.744.439.665.773.600,0,0
34.634.599.436.596.100,6.373.021.565.380.230,6.828.862.651.688.370,10.169.072.188.409.900,1,0
3.469.532.018.962.270,7.069.660.818.436.610,10.173.320.768.984.100,1.004.025.059.724.730,0,0
7.375.012.481.097.480,3.615.401.877.629.560,4.011.810.792.064.660,6.175.783.829.455.710,1,1
45.221.794.088.980.700,53.479.946.628.119.200,9.502.672.311.705.450,18.758.166.718.284.700,4,1
22.460.482.293.998.100,9.962.244.930.446.380,430.872.578.155.537,5.610.155.088.608.200,0,0
4.524.395.161.326.930,4.745.335.626.224.400,960.348.105.869.839,18.344.002.134.667.800,2,0
14.085.702.037.979.900,8.160.567.571.143.230,6.599.956.539.372.080,6.535.010.310.353.120,0,0
1.763.869.865.062.230,43.206.728.506.661.700,19.852.033.142.131.400,37.671.404.646.774.000,1,0
4.983.677.727.394.790,796.390.722.619.709,28.641.359.510.331.900,21.019.460.112.720.300,0,0
4.189.254.495.045.470,5.954.148.016.201.080,8.029.358.994.943.110,1.662.072.166.505.130,3,1
9.148.459.010.681,8.865.954.415.023.980,2.417.766.325.003.040,5.701.147.330.251.490,0,0
3.623.938.991.166.330,4.109.425.523.501.090,7.075.640.134.246.790,11.936.851.327.024.400,2,1
5.805.883.502.780.430,6.043.044.198.214.780,8.491.338.200.544.320,1.574.830.139.264.900,5,1
6.322.642.879.195.300,6.300.186.806.188.270,6.060.477.687.316.610,9.385.881.837.155.860,2,1
13.094.456.588.333.600,4.173.829.418.004.730,24.876.262.903.249.600,49.278.140.071.272.900,0,0
6.635.373.720.167.100,14.431.204.368.748.100,19.283.707.499.631.600,7.947.410.778.806.420,0,1
17.803.596.686.975.100,9.355.940.691.233.550,38.645.055.636.374.400,4.352.304.476.398.690,0,0
9.610.703.174.694.550,166.715.505.996.331,30.327.653.672.211.700,37.579.432.775.441.700,0,0
14.866.272.775.311.200,8.735.342.642.452.140,9.890.051.295.650.580,45.539.643.275.459.400,0,0
41.462.412.372.702.300,23.647.491.223.869.400,3.623.923.172.610.960,14.822.033.799.557.800,2,0
8.534.966.807.864.380,21.150.674.928.176.800,38.211.356.690.420.900,26.252.007.608.986.700,0,0
9.968.742.518.459.470,7.360.354.004.260.650,14.593.828.813.866.400,5.700.287.235.291.980,0,0
5.021.950.103.312.420,3.200.161.130.873.910,6.083.472.110.950.550,22.216.708.740.463.000,6,0
5.953.850.173.200.430,5.060.446.924.118.360,8.827.805.551.037.520,15.123.764.940.574.900,2,1
67.076.477.388.427.400,1.625.110.652.974.560,4.956.430.213.153.180,4.798.353.238.965.820,0,0
7.499.604.703.991.770,9.597.457.214.619.690,48.829.536.096.734.700,5.604.959.182.603.400,0,0
20.990.559.309.558.500,8.515.814.000.172.370,9.306.527.501.484.540,48.022.139.096.163.400,0,0
8.980.542.894.407.130,8.637.896.229.650.030,15.121.927.833.963.300,5.095.479.764.774.640,0,0
20.513.964.048.200.700,4.067.737.485.720.050,28.289.330.191.451.600,5.157.150.224.103.040,1,0
19.068.772.066.366.600,7.623.612.137.071.720,1.659.985.084.040.760,4.284.425.896.697.570,2,1
3.654.966.784.809.480,14.387.615.538.978.000,-9.395.492.878.346.770,6.683.213.527.121.090,0,0
47.206.694.510.999.900,8.619.002.591.780.270,5.723.752.622.398.170,17.938.922.067.159.700,0,0
5.648.411.332.626.160,19.972.932.578.028.100,5.814.354.427.060.040,1.787.443.727.543.150,2,0
6.570.863.942.835.230,58.660.173.740.456.000,1.300.277.670.766.770,49.000.060.197.693.600,0,0
7.755.276.166.950.100,4.553.949.052.479.400,4.067.825.190.008.820,7.237.814.686.347.230,2,0
4.532.888.347.480.270,51.801.534.890.851.900,9.302.969.014.192.860,18.790.520.917.060.400,5,1
52.439.026.932.758.000,7.463.140.417.219.400,12.215.803.193.318.400,19.200.500.640.649.600,0,0
4.407.627.469.382.280,42.268.661.965.742.500,905.547.931.544.938,173.384.502.343.077,4,1
400.763.060.875.326,7.180.681.612.008.600,48.603.020.287.808.900,1.420.728.821.265.580,7,0
5.596.403.313.082.170,4.426.937.019.674.350,9.043.867.329.791.290,1.641.324.830.644.610,5,0
1.552.402.459.307.120,7.322.192.063.122.220,14.581.551.411.682.600,4.272.494.057.065.040,0,0
1.819.281.304.952.710,2.330.189.643.968.340,121.456.600.308.422,3.310.383.668.089.770,0,0
8.617.856.210.135.170,8.131.420.044.817.250,5.873.752.539.590.430,4.098.594.401.065.060,0,0
9.461.154.621.336.320,5.884.312.404.534.520,9.875.410.756.153.320,50.946.217.161.750.200,1,0
37.330.931.627.975.200,21.076.309.942.990.600,2.762.973.328.315.750,12.023.102.781.054.200,0,0
27.074.467.314.355.300,23.672.047.585.383.200,26.501.934.252.445.700,4.104.119.830.795.600,1,0
6.439.995.432.390.150,628.030.464.569.537,6.050.618.592.280.290,10.181.636.509.168.500,3,1
4.087.341.710.980.960,8.299.395.932.124.430,2.508.159.439.972.310,1.545.393.887.435.220,3,0
2.538.635.566.034.480,4.156.277.820.291.550,977.796.671.525.665,4.837.280.414.268.210,0,0
15.615.259.736.619.000,2.583.004.291.275.920,6.858.805.174.961.890,4.406.831.074.312.010,0,0
7.159.722.288.473.970,8.670.116.069.106.000,9.334.646.210.097.570,6.044.067.566.341.120,0,0
6.589.239.419.101.510,669.268.291.750.835,5.440.048.523.072.600,870.197.642.671.076,2,1
2.709.599.250.348.340,4.480.854.872.830.760,937.794.000.807.916,4.363.478.298.087.530,0,0
22.197.216.193.294.900,48.790.019.527.930.100,3.746.691.584.218.130,5.488.275.557.253.390,3,0
2.310.747.965.880.710,2.042.564.679.363.960,11.365.935.014.603.400,7.711.023.125.462.390,0,0
6.718.927.435.987.280,62.680.263.006.484.300,5.940.195.899.241.210,7.679.906.269.483.920,3,1
19.710.537.754.364.100,3.587.425.105.428.880,7.909.786.533.519.580,468.200.425.416.204,0,0
10.410.858.198.457.300,9.956.451.766.743.490,-28.400.612.208.801.300,4.954.227.795.667.490,0,0
7.999.160.853.731.890,4.801.835.152.618.870,2.871.487.113.032.340,4.479.700.476.650.230,4,0
1.785.446.620.543.330,4.858.856.061.896.130,2.808.859.055.927.340,6.183.788.178.857.110,1,0
6.527.461.078.518.740,5.658.517.874.106.710,7.265.009.325.236.870,7.300.620.740.086.440,3,0
2.381.827.810.467.260,9.167.560.031.187.460,394.440.321.634.829,4.956.003.437.485.830,0,0
9.944.139.275.934.510,8.008.180.998.597.500,6.380.320.139.426.910,5.823.234.410.690.800,1,0
24.317.219.099.945.400,45.113.006.979.784.100,4.042.513.955.252.400,5.260.246.295.494.490,1,1
7.222.669.318.556.590,718.699.265.972.796,23.315.070.200.654.300,5.447.769.694.373.570,1,0
8.556.964.681.062.850,5.862.354.987.807.610,17.469.293.323.280.600,5.467.594.427.426.200,1,0
8.302.198.645.669.910,4.923.670.487.012.480,2.575.861.320.050.300,5.970.642.457.443.140,1,0
3.971.835.296.184.540,19.231.577.278.435.000,26.006.220.303.568.600,14.052.421.264.614.200,2,0
6.680.851.365.706.460,4.639.362.634.548.900,65.638.037.670.864.500,785.130.769.025.609,2,0
20.498.429.541.582.000,24.581.858.702.257.400,9.576.911.176.475.810,5.649.474.093.687.070,1,0
29.314.773.026.101.300,9.148.421.498.516.540,5.272.874.903.984.620,6.363.844.785.483.030,0,0
8.963.358.185.211.190,33.540.681.349.634.600,12.697.194.377.261.700,5.751.009.217.149.490,1,0
13.001.923.510.736.000,9.522.640.145.333.720,4.168.627.360.190.350,6.483.365.072.147.870,0,0
8.550.853.085.446.800,5.330.552.900.947.110,15.081.845.990.548.500,23.972.121.424.359.400,1,0
2.078.862.551.460.270,6.315.443.786.761.600,25.274.668.390.937.400,5.321.524.920.781.920,0,1
26.532.203.873.819.700,5.429.404.444.893.270,24.685.876.567.879.200,3.264.469.422.087.060,0,0
18.143.543.508.979.700,1.293.806.169.667.000,6.541.194.683.816.580,7.535.632.824.639.810,0,0
58.304.156.096.969.200,375.821.219.007.941,7.756.281.733.584.870,15.157.358.318.374.200,3,1
421.424.550.592.498,9.914.611.227.762.390,1.362.222.106.273.670,16.762.333.333.092.200,0,0
8.926.717.110.769.740,6.229.540.441.833.810,6.004.748.724.958.850,4.971.410.964.964.070,0,0
817.443.561.738.441,4.468.741.952.004.380,2.479.160.950.342.680,4.294.165.395.272.480,2,0
341.817.351.697.876,7.779.849.715.709.360,2.775.034.669.803.550,8.370.847.788.527.510,3,0
2.594.234.334.312.920,22.047.048.099.936.900,19.726.847.665.267.000,7.416.115.502.710.730,3,0
3.796.924.081.672.660,1.645.660.584.293.340,227.481.234.619.739,13.230.287.379.923.300,3,0
5.902.949.425.148.070,4.063.322.309.637.670,81.362.781.404.767,16.921.670.891.124.000,3,1
26.806.364.082.287.600,9.265.853.832.183.810,62.414.199.466.442,6.073.948.761.084.970,0,0
624.148.907.849.134,7.104.218.150.124.110,4.767.447.597.278.340,12.228.619.628.950.300,4,1
40.941.165.219.124.000,4.189.236.247.929.180,8.518.845.392.240.840,1.468.445.242.950.170,4,1
55.204.718.085.198.000,51.727.216.975.431.000,9.724.932.596.441.820,17.812.819.798.289.000,5,1
4.361.265.291.353.160,8.421.301.117.709.830,1.114.554.569.903.060,1.619.015.855.181.440,1,0
2.944.657.595.419.170,984.575.896.376.113,23.277.452.026.304.300,6.898.553.836.338.440,0,0
9.484.533.069.621.560,666.407.304.694.919,5.970.624.341.772.610,42.113.976.264.345.300,0,0
7.636.057.941.597.600,28.540.406.846.342.200,2.504.623.790.416.600,5.906.614.827.731.770,3,0
14.011.317.576.645.200,5.858.083.942.152.440,18.870.564.992.920.400,5.193.111.294.303.560,2,0
8.684.679.758.979.120,10.948.236.606.899.300,386.555.434.655.188,530.458.304.748.171,1,0
48.743.119.824.951.300,9.658.366.688.075.830,10.651.824.848.397.000,2.155.711.555.259.790,0,0
8.945.522.268.940.910,17.478.498.788.336.500,46.039.212.240.229.400,4.968.529.869.546.060,1,0
7.998.552.559.473.150,6.480.303.180.552.140,22.766.347.833.928.300,5.924.086.931.431.940,0,0
4.252.135.044.692.330,24.545.446.253.893.000,4.413.613.721.883.750,18.392.222.853.196.000,2,1
224.693.083.201.174,7.175.613.826.485.350,-8.988.736.657.383.230,6.306.784.703.236.840,0,0
26.867.735.938.494.600,7.768.213.672.402.810,16.412.440.615.729.200,7.186.246.977.914.980,0,0
5.416.342.146.608.660,6.734.197.289.114.320,6.820.077.582.608.030,18.448.001.134.122.800,5,1
63.347.821.982.614.700,6.144.994.602.551.920,6.948.669.010.683.300,11.384.419.528.909.800,2,1
25.788.768.543.320.200,8.924.690.939.520.110,3.272.764.337.761.820,44.819.438.255.843.100,0,0
13.935.607.407.282.400,7.862.671.098.975.800,9.896.667.504.238.000,5.521.393.892.689.500,0,0
834.930.236.799.299,3.309.147.657.801.950,15.393.100.855.362.900,5.329.435.934.488.560,0,1
9.844.021.807.035.520,24.828.747.963.084.500,951.140.451.110.031,50.235.055.814.675.000,0,0
5.256.901.823.026.850,9.880.139.620.654.210,7.883.631.138.758.040,2.054.028.372.819.540,0,0
1.716.792.858.483.030,3.893.897.796.668.730,24.424.414.125.073.700,38.606.736.279.738.400,1,1
27.230.732.651.936.800,7.326.126.992.403.980,26.538.675.745.176.600,7.757.693.119.739.860,1,0
18.390.676.547.466.700,6.847.251.638.810.040,1.956.178.246.464.340,5.901.902.540.366.430,1,0
914.298.806.560.499,21.208.123.747.737.700,10.230.827.750.515.100,4.932.177.273.721.300,0,0
11.775.108.289.014.100,23.899.768.021.155.100,11.130.901.829.985.700,48.613.457.813.441.000,2,0
57.651.647.551.425.300,2.812.845.635.530.340,5.288.888.952.842.550,16.673.869.406.473.600,1,1
274.055.220.687.206,41.112.727.825.937.900,4.574.107.212.980.840,7.689.090.873.901.040,2,1
55.417.800.251.579.300,2.343.250.656.505.260,4.205.135.896.828.170,18.054.089.372.333.000,1,1
6.514.203.883.518.640,19.651.482.746.847.800,39.863.912.593.197.700,9.910.679.703.560.610,0,0
8.297.418.037.072.010,8.793.930.568.071.950,33.882.118.503.801.100,50.834.400.686.038.600,0,0
2.064.212.717.606.030,965.609.831.380.884,3.571.389.222.003.660,698.364.356.000.646,0,0
10.995.828.658.480.400,3.415.703.870.315.670,14.534.621.687.091.000,4.631.213.181.508.000,0,0
13.688.563.006.880.700,3.385.068.794.254.720,12.856.648.607.049.500,4.991.049.435.958.120,1,0
9.000.186.418.481.050,7.091.812.774.370.980,10.135.943.547.661.200,6.468.463.842.804.750,0,0
8.738.900.775.625.150,6.802.506.883.303.740,10.108.769.018.731.300,5.160.830.821.959.280,0,0
5.974.131.021.703.080,8.254.398.957.486.280,25.640.744.079.112,15.470.320.848.465.900,3,0
60.051.686.043.365.300,14.660.830.036.000.300,24.107.806.253.093.900,1.313.965.650.201.150,0,0
6.650.366.745.462.550,15.966.634.936.715.000,14.461.509.512.797.800,8.637.483.408.240.680,1,1
1.753.712.786.234.490,7.900.832.499.714.370,4.360.634.440.670.390,656.165.069.118.945,0,0
9.144.119.459.249.590,61.629.074.835.414.400,3.863.894.633.176.970,4.326.458.389.324.520,0,0
4.187.705.248.920.730,4.486.055.762.771.700,6.460.833.415.448.280,15.633.512.655.187.700,0,0
3.831.385.282.494.970,6.225.469.904.622.810,67.887.787.606.978.000,12.834.463.270.893.200,1,1
5.189.177.052.828.370,30.891.772.284.376.600,6.369.648.358.513.960,1.874.482.300.063.900,3,0
4.696.596.677.505.500,36.872.515.547.084.500,6.595.991.515.133.360,45.867.139.218.910.200,1,0
16.628.336.875.607.900,7.697.314.182.968.800,520.097.753.574.453,5.169.888.876.787.510,1,0
7.380.336.164.263.700,8.109.351.926.726.100,9.263.641.426.600.790,5.929.222.827.695.190,0,0
8.279.866.792.512.640,4.003.566.268.398.300,10.915.469.699.420.600,628.284.370.264.128,0,0
6.031.521.094.663.880,9.471.529.360.063.540,7.597.384.435.725.360,1.535.273.365.177.770,0,0
24.534.910.968.132.000,4.064.627.179.520.720,38.576.293.768.340.800,47.299.924.226.887.900,0,0
38.929.561.404.197.600,7.718.360.352.301.090,29.094.287.436.490.300,1.323.896.174.781.210,0,0
28.869.373.677.069.900,4.838.772.645.642.590,5.845.639.362.344.580,7.283.120.380.465.240,1,1
35.567.271.646.494.900,897.532.326.522.084,14.506.580.794.554.600,11.810.124.374.282.700,1,1
7.190.459.051.842.450,9.077.612.436.501.780,7.703.101.158.733.090,7.080.545.547.253.500,1,0
297.121.715.623.175,8.741.680.787.108.380,4.577.267.560.095.910,7.206.588.873.948.570,0,0
5.664.046.402.968.970,9.364.933.313.102.250,8.878.551.739.908.440,17.698.562.038.838.800,1,0
4.760.504.021.990.990,8.255.348.415.204.150,2.230.099.043.577.820,2.024.969.156.488.190,0,0
6.636.711.653.626.480,7.913.107.143.126.660,2.794.164.450.668.050,8.002.278.856.405.910,1,0
936.829.739.324.758,20.091.133.968.552.200,32.549.371.085.781.900,5.193.876.455.090.830,0,0
7.325.720.972.102.500,8.051.192.087.546.640,10.579.751.218.521.700,7.462.728.523.791.340,0,0
21.494.037.859.075.600,8.501.327.346.850.360,6.920.609.853.229.080,50.506.165.315.616.600,0,0
31.183.135.061.284.600,28.915.033.445.415.000,50.668.587.698.838.300,5.129.699.821.893.810,0,0
2.622.640.442.998.250,9.522.600.783.623.230,282.735.751.898.922,564.629.600.276.044,0,0
59.507.793.070.025.400,4.986.014.639.916.420,6.267.019.226.182.600,1.223.154.234.410.660,0,0
51.425.813.484.250.300,14.990.925.324.713.900,-1.926.222.330.605.040,5.021.230.915.286.980,0,0
49.636.624.720.123.600,5.375.811.380.515.140,9.993.347.287.600.200,20.291.892.079.440.900,7,1
5.968.428.489.168.890,57.579.247.112.230.900,80.830.101.611.804.800,13.872.606.670.145.900,1,0
33.424.389.081.696.000,6.451.500.833.009.030,4.804.015.064.557.380,7.642.684.037.537.010,1,1
7.709.122.037.458.210,16.969.129.315.466.400,1.048.732.589.281.340,45.016.662.956.090.600,1,0
1.065.982.531.337.710,9.603.667.746.221.300,396.506.844.500.377,5.770.725.141.820.290,1,0
7.513.778.173.580.870,4.458.809.273.414.390,-3.770.489.198.248.500,6.974.329.501.708.800,0,0
7.281.887.562.036.030,14.306.195.272.340.200,1.582.328.928.066.260,7.492.638.446.661.370,1,0
49.549.131.620.619.800,1.401.451.752.605.690,650.766.114.786.694,1.864.041.556.857.280,1,0
6.884.023.964.277.360,56.685.843.329.409.400,6.169.549.281.087.650,8.397.455.830.848.000,3,1
4.348.273.386.037.460,9.322.668.839.209.720,8.788.989.653.888.500,16.466.773.195.535.800,0,1
24.640.203.323.910.600,6.659.471.660.804.640,3.151.808.848.491.620,50.197.037.998.989.600,4,1
8.191.023.176.741.990,8.226.574.684.804.270,6.831.384.166.137.330,46.302.733.632.913.900,0,0
7.994.158.789.689.790,13.281.203.458.580.000,7.808.755.158.546.380,587.564.478.929.623,0,0
6.946.964.708.544.260,5.420.152.984.797.260,6.249.485.470.019.880,8.213.271.402.494.350,4,1
2.721.451.372.299.620,4.595.629.775.055.210,4.839.344.138.427.970,6.020.658.837.905.830,2,0
59.023.066.686.908.700,498.967.944.220.793,8.709.487.337.418.030,14.902.806.729.038.400,2,1
3.609.738.969.400.260,7.221.318.533.518.790,46.033.084.149.435.600,1.117.094.326.392.450,1,0
9.158.207.332.663.410,6.844.353.610.693.070,1.426.159.308.859.880,5.571.575.193.070.870,0,0
9.173.135.754.622.420,50.322.041.485.863.400,12.929.004.650.043.800,6.178.705.746.207.340,1,0
1.368.186.309.189.610,7.651.488.498.612.630,8.898.857.190.724.420,37.361.351.033.697.300,0,0
9.502.373.538.208.020,4.852.906.340.617.150,474.075.436.697.374,5.020.621.932.734.110,0,0
44.600.577.295.795.500,14.938.163.622.643.200,22.609.991.925.551.500,16.897.338.058.206.400,0,0
18.513.292.883.861.900,648.256.954.077.822,21.652.712.055.357.200,505.456.098.115.651,1,0
54.190.094.737.835.800,17.238.636.210.516.600,2.621.686.899.281.210,18.513.198.797.411.100,2,0
8.729.458.358.764.080,8.723.945.633.548.140,1.753.801.003.706.790,4.967.566.515.494.050,0,0
7.322.248.864.095.610,61.311.623.906.924.100,4.390.966.532.621.900,5.211.955.314.581.550,3,1
8.065.611.478.614.490,15.720.388.355.695.400,5.838.901.160.370.720,36.492.776.539.800.000,1,0
6.587.833.667.107.170,9.623.380.574.812.060,27.464.745.705.562.000,7.157.787.254.500.990,0,0
6.922.765.645.178.520,5.183.654.633.353.200,6.493.142.762.362.770,723.088.508.551.934,5,0
8.491.956.515.653.190,7.289.845.187.165.500,-23.859.049.369.510.700,46.027.470.349.024.000,0,0
24.966.800.885.918.500,6.268.329.044.150.670,39.060.341.611.887.800,4.977.665.372.555.840,0,0
48.942.496.364.314.000,2.531.989.070.128.100,4.869.014.744.084.050,21.238.908.973.307.700,3,1
22.120.944.181.960.200,8.036.934.518.773.020,9.311.251.894.166.520,44.484.069.067.921.300,0,0
987.668.007.996.647,8.178.220.735.661.900,-10.135.645.599.791.800,6.416.936.858.611.070,0,0
9.440.593.396.866.130,9.789.473.558.546.610,-18.575.430.371.861.400,6.624.627.522.335.040,0,0
394.268.113.685.059,50.186.953.102.450.300,7.899.656.405.258.410,3.049.470.895.331.910,0,0
7.055.751.725.156.880,45.495.687.972.773.700,5.702.762.576.959.240,690.539.902.993.088,1,1
9.252.483.174.156.650,7.534.756.054.464.800,5.972.723.659.710.940,4.602.078.861.507.920,1,0
18.057.534.512.733.300,13.247.065.634.192.600,10.450.794.306.531.000,21.795.005.460.254.200,1,0
5.679.452.305.526.290,5.469.155.137.931.240,9.030.785.036.915.720,15.463.502.122.569.900,5,1
9.154.882.975.880.410,54.624.760.013.085.000,6.106.541.338.645.280,5.777.611.989.544.170,0,0
3.394.597.858.579.880,8.947.312.281.038.720,3.283.052.419.888.330,701.948.733.415.049,0,0
69.742.026.724.684,41.798.408.550.691.300,61.530.872.319.069.900,8.039.483.959.713.340,3,0
29.734.900.737.255.000,853.284.798.567.202,1.375.317.680.730.080,72.481.570.422.148,0,1
9.243.961.953.765.300,8.561.536.219.946.600,-11.073.616.512.531.200,4.980.508.415.953.490,0,0
9.710.582.451.653.670,99.237.664.919.681,4.668.077.245.601.920,6.682.890.782.814.050,0,0
9.442.664.891.134.330,9.072.088.274.783.080,-2.310.437.796.124.190,714.901.580.170.471,0,0
4.742.142.166.574.630,2.626.954.770.019.350,5.098.350.651.947.980,18.922.675.641.113.900,1,1
8.620.426.509.893.130,8.747.660.625.539.930,-6.966.481.841.989.730,30.213.850.073.218.500,0,0
8.445.493.985.350.700,12.890.258.507.349.800,3.154.105.806.778.290,294.146.254.190.152,0,0
31.910.047.324.325.500,7.199.968.026.274.460,33.262.022.356.443.800,9.242.566.238.233.150,4,0
8.289.154.741.506.770,10.116.561.961.310.300,39.217.674.798.807.600,5.020.065.081.194.860,0,0
3.700.763.471.549.260,6.231.378.537.478.250,45.761.954.801.236.100,5.183.574.019.795.870,0,0
596.269.878.482.053,3.560.672.991.191.440,6.927.252.149.550.510,12.646.515.032.847.700,5,1
23.000.883.728.770.300,788.913.962.965.867,1.422.942.753.667.810,4.638.725.735.822.330,0,0
12.056.688.577.727.800,2.336.904.488.253.630,385.444.915.645.057,47.157.350.710.388.300,0,0
7.695.320.162.920.910,63.920.182.938.995.900,10.260.635.255.122.600,520.978.749.909.712,0,1
6.962.887.758.781.390,23.568.253.457.588.400,25.650.687.671.827.100,6.786.342.839.809.170,1,0
3.398.749.637.680.660,7.136.602.831.121.530,3.805.343.407.637.570,8.124.894.858.534.530,3,0
7.247.667.715.287.610,8.736.780.345.607.480,16.006.180.952.252.300,5.415.101.331.405.150,0,1
6.535.634.079.894.230,12.680.179.912.676.000,30.825.852.098.959.000,6.209.508.650.013.000,1,0
31.529.033.783.061.000,8.665.956.885.955.030,11.708.034.648.033.200,7.968.963.995.130.050,1,0
53.949.129.237.533.700,5.935.752.544.142.970,9.214.752.552.652.440,194.869.269.389.041,2,1
7.907.231.648.389.630,12.711.049.086.702.300,11.639.490.574.455.600,4.320.287.393.347.710,0,0
31.875.250.293.206.900,427.541.855.359.712,6.167.411.976.820.140,4.948.516.901.349.560,3,0
6.258.913.764.370.090,1.608.602.934.850.970,2.052.174.730.394.310,11.268.031.934.915.100,1,0
885.977.748.236.187,7.003.478.888.665.690,644.054.471.941.736,4.142.160.309.918.350,1,1
6.158.631.881.823.040,7.588.681.344.179.490,36.145.964.429.239.000,13.015.328.998.685.700,1,0
23.295.947.475.363.300,10.579.652.027.279.800,5.281.493.042.186.600,8.709.952.701.005.220,1,1
2.440.078.155.653.800,50.613.985.269.464.400,6.468.148.949.605.060,5.695.349.814.258.410,1,0
8.700.988.739.009.290,8.146.250.560.259.170,6.234.732.058.469.830,7.751.873.322.838.200,1,0
2.126.941.085.038.710,9.361.630.415.509.960,2.208.047.693.146.040,5.568.927.982.666.900,0,0
8.747.016.726.841.990,51.351.786.674.177,17.963.912.792.454.300,4.383.520.244.201.080,4,1
528.937.134.027.212,9.502.792.236.114.070,42.161.822.041.496.700,19.732.863.109.962.100,0,0
9.390.676.985.128.960,5.356.889.704.560.290,6.026.424.138.678.050,6.781.615.650.198.170,1,0
7.987.832.357.736.650,39.419.049.459.990.700,26.844.470.718.460.500,7.002.379.795.053.060,2,0
9.979.341.105.333.370,8.482.031.285.528.950,14.369.713.952.252.400,44.247.246.014.264.800,0,0
35.071.181.545.171.000,492.982.710.458.089,7.879.099.065.245.730,10.175.120.432.887.400,4,0
7.671.882.889.311.260,47.190.251.056.452.300,37.077.255.063.221,39.932.909.840.561.200,4,0
40.193.091.360.924.200,4.903.124.894.098.280,8.749.638.792.799.940,15.098.280.329.114.700,3,1
4.798.756.203.039.080,8.467.850.018.697.450,24.987.383.846.982.300,21.252.666.378.997,1,0
6.275.054.632.183.700,8.319.415.416.880.520,19.686.852.892.529.800,11.693.465.870.704.700,2,0
8.736.771.141.863.380,4.035.199.924.402.110,16.920.712.724.303.800,4.346.546.383.173.570,1,1
9.840.834.691.992.950,333.299.859.870.525,33.571.215.081.020.900,5.360.253.281.056.190,0,0
7.682.734.138.645.180,4.919.280.240.391.290,4.140.913.528.149.800,5.827.917.294.610.930,1,0
4.177.667.821.673.330,57.277.250.973.710.900,8.532.285.047.297.710,15.777.841.827.952.300,1,1
4.213.570.022.770.700,23.833.721.062.799.600,4.133.241.150.326.620,16.188.827.380.943.500,2,0
7.375.823.015.888.910,7.939.550.847.155.900,12.133.016.981.068.300,5.718.249.238.545.670,0,0
23.877.714.576.830.200,48.648.276.573.242.200,4.142.770.173.871.630,6.490.647.499.472.680,6,0
11.047.411.313.139.400,3.340.455.484.199.590,11.526.085.040.712.500,5.743.836.086.758.100,0,0
35.462.215.764.077.600,1.068.209.929.639.900,12.719.632.336.915.000,9.230.724.966.479.740,0,0
28.723.899.165.408.100,23.884.516.040.360.600,2.868.984.332.188.600,5.549.412.588.951.250,3,0
29.630.812.045.599.000,9.492.811.717.559.830,36.018.152.133.964.900,662.987.793.405.198,0,0
23.360.775.104.990.900,3.050.996.868.195.260,30.056.135.997.428.400,61.684.650.631.965,0,1
4.209.318.963.636.180,16.885.928.936.703.500,-13.016.887.051.147.400,5.148.477.150.926.710,0,0
1.787.393.473.341.380,4.606.727.916.549.930,9.352.933.552.179.430,43.569.840.521.445.600,0,0
9.877.223.897.360.310,3.070.877.433.602.480,5.663.351.347.437.110,5.261.621.100.978.430,1,0
4.277.731.337.358.620,35.159.250.271.194.100,354.986.693.424.263,16.225.298.199.621.500,1,0
38.432.664.715.968.100,32.314.521.727.941.700,5.814.354.756.832.110,13.563.669.912.099.500,3,0
6.796.472.826.930.690,5.441.086.239.394.680,6.504.477.700.189.170,8.320.426.912.959.200,3,0
21.825.388.786.506.400,5.517.123.720.199.660,3.773.172.311.120.930,4.968.094.201.570.700,0,0
9.499.611.839.502.250,3.565.589.211.768.880,5.484.571.608.120.690,5.232.120.802.123.530,0,0
786.345.014.415.552,4.473.027.562.526.000,33.736.634.662.035.900,6.563.719.402.291.280,5,0
894.110.023.122.595,9.655.179.182.347.660,49.170.918.026.998.100,4.433.645.976.076.370,0,0
4.175.807.757.849.280,3.773.484.772.303.110,7.581.661.285.040.810,16.082.987.442.614.500,5,1
8.791.183.075.621.640,25.822.681.325.998.200,10.466.609.655.073.400,4.940.890.263.139.840,1,0
9.447.320.222.914.100,2.434.670.440.667.600,3.030.947.945.813.610,5.427.744.378.624.310,0,0
4.674.015.112.498.690,45.776.461.270.413.400,10.150.443.467.321.700,1.856.924.230.873.640,2,1
6.134.113.892.107.070,759.520.148.716.944,3.465.519.103.588.920,12.995.184.204.662.700,1,0
1.670.339.460.920.750,2.059.881.841.884.730,6.646.842.901.495.900,6.166.525.988.578.500,0,0
9.911.686.261.369.760,7.092.961.271.407.680,7.408.508.018.184.120,40.630.796.126.902.300,0,0
2.316.717.013.834.430,21.149.823.349.416.200,9.790.982.651.371.820,4.080.449.179.245.560,0,0
9.427.317.741.351.250,418.932.977.983.946,1.275.089.536.993.140,3.709.375.734.537.990,3,0
6.496.466.489.923.680,7.758.650.652.027.860,3.186.985.178.918.150,8.724.973.603.592.580,4,0
60.773.679.487.885.900,33.873.295.577.443.100,6.202.512.512.887.230,1.399.076.875.548.860,4,1
5.126.885.110.165.080,5.637.371.014.453.990,894.177.822.986.456,18.473.876.287.341.100,6,1
2.306.698.117.177.580,2.049.792.328.259.100,13.547.490.950.083.600,5.101.067.369.326.380,0,0
17.652.803.200.550.800,7.419.953.911.261.720,1.330.843.036.015.940,5.698.455.326.666.110,0,0
22.048.620.907.017.500,5.227.910.326.875.960,6.575.395.093.884.030,5.718.351.327.449.540,1,0
18.643.826.214.425.400,8.525.426.448.755.000,10.953.138.902.826.100,4.724.361.512.398.270,0,0
7.795.844.735.667.530,19.819.638.642.166.800,1.000.039.332.477.790,5.492.020.465.324.620,0,0
3.501.252.591.667.300,8.743.980.317.083.300,1.549.835.747.096.720,9.986.086.895.653.630,1,0
5.784.267.656.339.630,3.525.292.413.005.170,8.912.505.428.787.140,4.776.611.742.780.420,0,0
9.691.026.301.408.110,7.226.835.744.744.860,6.657.257.144.134.090,47.894.150.904.086.000,0,0
8.837.858.849.634.250,31.922.529.778.618.800,12.039.800.630.677.600,7.244.926.802.140.910,0,0
9.277.522.831.952.120,9.059.116.712.346.470,-4.532.550.397.321.530,5.810.906.431.891.740,0,0
9.949.078.226.464.350,12.663.712.551.837.400,3.532.828.612.964.520,7.480.722.932.417.260,0,0
1.738.952.492.194.870,1.785.197.892.725.980,3.804.629.300.466.640,45.766.328.214.184.500,0,0
3.962.420.189.026.580,49.303.012.515.880.200,867.481.599.797.688,13.671.253.088.407.000,2,1
7.582.384.757.040.910,8.193.843.903.814.610,7.828.524.633.553.020,4.202.437.433.955.460,0,0
6.960.206.180.537.920,19.598.018.470.176.100,20.397.989.997.844.300,6.386.891.204.656.140,1,0
15.389.590.633.985.500,9.437.663.822.120.140,5.352.571.305.831.410,6.939.490.567.143.590,0,0
8.158.331.249.906.170,9.764.896.611.478.870,2.707.723.743.410.840,45.803.033.292.090.400,0,0
22.444.057.183.666.000,3.762.593.293.304.210,28.069.038.678.659.300,7.255.968.920.395.200,1,0
2.238.176.148.226.230,9.232.860.210.139.350,-34.580.854.103.394.400,4.087.588.626.070.760,0,0
5.369.744.228.934.130,5.448.246.756.734.310,9.631.379.806.227.830,1.795.545.844.815.020,10,1
59.293.993.484.170.300,26.974.246.587.376.700,4.562.691.761.864.980,1.439.796.535.005.500,1,1
5.800.862.078.378.110,7.023.987.210.805.980,5.237.796.946.600.260,15.820.972.210.933.300,5,0
9.148.683.739.775.480,6.589.018.065.748.570,3.954.868.233.247.210,592.665.404.409.835,0,0
8.774.608.626.303.800,9.891.253.191.087.330,-1.357.465.698.025.880,546.285.548.153.961,0,0
26.560.004.258.870.600,2.650.472.874.092.830,24.654.347.010.039.300,5.545.323.125.284.590,2,0
12.951.492.128.280.400,6.720.595.026.617.350,14.418.456.750.392.900,48.823.714.046.084.600,0,0
8.887.480.798.689.770,5.202.375.502.944.680,17.965.806.326.106.700,46.887.795.358.183.300,0,0
9.556.514.982.297.530,1.136.460.386.967.190,5.979.171.655.710.490,4.085.811.547.927.610,0,0
8.621.276.172.654.500,3.918.374.951.093.260,-22.111.994.446.805.200,41.333.429.823.841.200,0,0
8.095.160.747.248.780,9.994.606.810.596.730,3.978.809.934.935.790,6.152.569.502.101.090,0,0
6.552.419.806.390.210,8.022.736.971.474.770,2.375.500.299.369.420,7.667.198.757.197.390,1,0
5.508.573.706.091.390,7.867.230.147.335.400,3.673.107.849.050.530,19.797.702.235.512.700,3,0
8.698.675.991.141.010,5.097.260.752.881.790,1.053.347.373.591.470,4.659.970.571.667.510,1,0
40.845.321.307.069.800,30.006.708.290.543.900,5.785.390.197.357.290,14.092.652.705.174.100,3,1
372.688.517.012.314,15.126.428.446.267.500,18.742.039.208.819.000,1.240.989.039.849.610,1,1
2.597.537.837.603.260,28.467.473.884.646.300,25.186.511.518.870.200,7.322.274.497.109.920,1,0
723.420.113.688.585,37.597.122.192.913.900,4.417.273.937.744.190,7.354.055.821.896.010,2,1
4.958.757.350.787.700,756.310.096.980.294,4.326.294.909.927.990,2.048.910.030.181.380,1,0
8.104.621.590.764.790,5.396.617.889.031.520,1.239.717.710.023.000,6.089.179.142.950.210,0,0
22.018.320.194.981.100,7.748.362.655.548.260,4.954.470.482.920.750,358.264.893.379.888,0,0
6.832.587.636.595.950,1.802.900.895.891.220,35.146.052.221.848.700,7.276.048.033.421.630,0,0
7.613.085.949.030.010,10.233.217.953.406.300,2.652.029.199.368.550,4.090.712.350.343.120,0,0
8.512.069.140.487.680,41.049.871.369.737.900,19.459.096.930.174.900,6.256.091.614.468.050,0,0
4.951.465.270.139.740,9.331.929.170.490.180,13.616.004.761.294.000,19.598.865.231.245.900,1,0
480.586.577.326.648,6.374.024.812.092.210,8.092.949.254.292.780,20.565.392.408.024.400,6,1
5.924.077.846.595.170,8.018.258.998.755.150,2.875.794.839.481.310,1.532.320.236.484.070,1,1
8.246.809.659.251.490,46.637.459.450.454.800,27.048.779.181.473.400,4.214.778.856.988.590,0,1
34.780.920.790.219.300,3.616.660.831.950.420,5.982.236.043.687.010,9.124.268.589.695.610,3,0
6.780.161.525.590.630,10.840.037.271.662.200,11.106.287.907.542.200,9.369.610.439.569.200,0,0
565.731.963.995.791,875.933.022.186.205,10.716.220.858.665.900,16.310.129.259.476.200,0,0
2.670.282.701.694.210,7.831.600.290.279.020,17.719.910.049.345.800,6.119.142.915.158.270,0,0
878.629.986.355.158,16.811.809.759.772.500,-2.480.329.529.735.540,42.290.212.720.513.800,0,0
7.974.260.216.069.280,5.122.605.638.762.600,3.686.804.524.427.990,4.866.000.427.617.020,2,1
6.584.518.346.584.250,4.873.748.079.212.440,7.273.581.031.416.080,9.228.482.832.749.070,3,1
8.505.817.290.942.410,6.250.915.526.865.280,17.114.004.051.593.700,42.492.839.909.463.000,1,0
8.672.942.009.598.020,9.461.868.939.912.610,42.281.461.426.918.300,40.571.998.374.278.300,0,0
7.083.629.767.150.340,5.797.714.417.624.790,5.494.144.730.069.770,6.997.642.444.271.750,3,1
837.013.328.363.672,5.402.172.667.786.180,20.308.231.132.323.700,42.065.223.648.662.000,2,0
6.974.714.616.692.830,5.032.293.293.466.390,46.915.950.915.142.400,6.323.989.442.123.990,0,0
6.801.407.717.603.000,6.290.747.601.802.390,51.135.868.847.216.700,7.021.912.122.381.460,1,0
6.186.113.782.151.840,18.734.679.132.678.800,19.481.431.981.595.800,12.345.344.049.424.400,2,0
7.527.166.395.576.410,3.247.077.169.174.820,8.578.582.881.793.380,6.559.254.285.902.800,0,0
1.586.051.052.930.730,7.433.528.955.700.120,10.561.443.001.560.200,6.550.709.059.359.640,0,0
8.808.707.591.989.280,723.330.303.993.963,8.399.719.400.378.910,42.847.012.736.780.900,0,0
871.843.527.745.232,13.605.623.443.164.200,-10.556.539.091.822.400,7.165.226.652.546.710,0,0
29.247.283.034.559.100,8.360.789.007.952.800,4.981.845.291.424.930,3.995.526.309.608.040,0,0
8.258.167.505.647.620,15.478.603.484.611.100,5.674.493.150.669.830,615.783.862.581.037,0,0
12.886.986.747.344.500,3.011.755.869.973.580,11.018.638.056.509.600,42.936.199.852.998.400,0,0
3.351.188.542.591.410,248.976.899.161.365,335.867.618.945.195,7.981.724.290.829.820,1,0
7.435.082.562.916.070,3.723.070.985.730.470,36.502.879.093.764.900,5.028.795.101.635.740,3,0
1.607.598.960.483.080,25.466.376.588.996.100,12.550.434.976.601.700,4.995.094.278.611.990,0,0
8.179.670.241.190.620,488.950.926.438.452,2.711.384.812.020.540,5.675.618.188.522.300,0,0
8.321.341.779.577.410,4.074.078.813.546.850,19.936.024.833.395.500,5.730.217.369.481.430,1,0
50.746.773.376.083.600,9.865.694.907.793.260,6.901.869.119.709.420,19.014.247.956.667.100,1,0
638.587.171.683.358,5.592.635.012.822.560,4.879.347.598.570.440,40.104.174.825.991.400,1,0
28.703.813.317.491.200,14.218.137.638.735.100,1.362.270.096.551.790,5.636.708.939.325.530,0,0
6.169.269.183.757.420,5.282.589.390.860.240,9.690.988.925.003.110,1.246.062.860.389.050,1,0
9.811.861.780.274.230,6.258.411.949.823.750,29.782.960.060.160.400,4.789.985.085.102.080,0,0
6.318.135.270.166.680,5.450.927.741.371.950,19.414.168.620.614.200,10.342.019.093.840.700,1,0
2.598.035.810.641.590,8.364.397.373.761.230,16.282.164.696.028.700,6.107.663.526.149.490,1,0
6.340.057.030.996.110,5.119.386.306.819.270,8.591.535.519.327.330,13.374.078.193.809.500,4,1
5.399.853.797.158.550,5.270.076.245.815.330,10.176.005.880.816.800,18.342.839.383.042.400,7,1
7.798.453.951.511.430,5.615.945.077.121.940,34.824.184.610.912.400,4.865.395.397.745.900,0,0
10.698.063.882.695.800,17.081.370.630.621.000,2.788.530.582.316.200,5.566.298.135.701.890,0,0
761.027.902.502.028,19.769.030.311.448.700,10.416.782.100.411.000,49.384.010.241.600.000,0,0
5.412.665.786.761.100,3.188.173.228.730.040,5.989.401.437.846.280,19.444.630.109.679.400,3,0
9.629.920.038.589.940,5.934.964.158.218.510,5.827.423.891.612.830,42.817.894.081.155.800,1,0
34.187.216.603.868.600,21.011.777.594.021.400,3.040.747.120.026.180,11.128.743.647.888.700,2,0
6.326.218.931.339.480,11.633.172.713.326.100,12.322.016.685.656.800,11.570.076.468.033.800,2,0
9.320.281.055.100.170,9.701.168.864.184.320,15.192.539.882.080.200,43.813.046.754.598.000,0,0
10.250.972.799.067.900,21.981.814.809.622.900,49.244.463.080.084.700,4.416.869.866.195.360,0,0
9.372.284.872.364.510,8.026.974.053.360.210,17.037.913.577.193.300,44.872.592.927.355.900,0,0
6.878.857.223.008.130,788.035.149.575.022,2.890.872.626.042.110,8.940.417.345.024.650,0,0
678.370.591.051.719,297.214.113.845.096,11.768.897.161.117.600,3.732.568.904.449.170,3,0
30.096.356.694.681.600,1.356.266.160.073.130,11.199.380.918.371.300,6.401.492.282.023.560,0,0
7.081.720.886.452.810,14.562.864.670.542.300,10.373.827.667.838.000,6.156.525.775.420.850,0,0
673.506.014.687.717,6.974.316.172.371.920,801.037.884.383.145,49.856.044.712.694.400,1,0
58.217.046.017.627.300,6.428.065.910.861.730,7.018.277.904.146.520,15.431.107.934.030.300,4,0
34.588.305.695.295.600,7.827.456.742.513.860,23.886.880.030.576.200,8.083.048.898.461.100,2,0
62.091.551.776.747.700,9.374.811.723.991.040,11.458.114.145.257.900,11.821.384.069.478.800,0,0
45.742.033.812.512.800,691.927.363.266.592,843.364.361.905.775,4.900.945.053.925.410,0,0
8.715.368.061.523.760,15.585.153.655.144.300,45.184.844.021.016.500,438.698.904.600.391,1,0
973.488.969.177.397,24.344.261.676.541.000,-1.124.134.020.762.800,5.686.978.644.317.440,0,0
9.688.778.552.856.910,8.421.937.308.731.140,-22.065.932.011.743.200,5.919.660.885.163.660,0,0
7.496.518.317.429.240,2.093.060.758.342.080,16.277.254.170.335.700,558.642.485.586.695,0,0
13.008.624.013.063.100,7.252.231.695.448.140,3.417.446.250.243.330,5.246.564.119.034.410,0,0
7.582.631.959.290.220,7.032.800.540.422.500,2.489.340.573.488.350,337.316.604.464.344,3,0
2.458.691.645.880.150,402.526.355.490.142,8.331.443.099.558.500,45.790.826.584.513.100,0,0
22.123.551.528.997.200,9.200.400.525.459.030,283.409.750.668.836,6.004.986.579.643.040,0,0
3.236.102.191.495.410,6.502.550.710.936.610,5.524.778.855.703.310,7.742.289.570.360.430,3,0
48.864.319.040.466.500,9.041.897.779.166.070,9.291.298.349.332.040,19.166.316.719.163.600,1,0
7.704.074.178.077.930,9.478.565.672.536.600,22.377.588.648.000.300,7.665.220.334.572.850,0,0
6.832.953.766.065.050,2.585.572.636.402.450,3.398.348.007.382.460,9.615.078.930.607.410,0,0
44.590.270.637.674.800,3.372.124.904.062.850,7.056.781.497.101.160,18.425.717.246.610.700,4,1
27.362.666.628.166.500,402.260.413.683.542,5.136.500.391.748.200,7.295.882.198.168.620,7,1
9.971.245.001.577.110,5.122.429.640.431.320,1.628.943.728.011.210,277.412.909.862.716,1,0
426.181.302.235.973,4.965.154.222.306.040,9.894.545.376.800.660,15.635.006.810.478.400,1,1
4.513.870.243.296.750,12.331.849.107.529.200,18.097.917.807.906.300,17.858.335.952.510.100,0,0
16.362.382.119.166.900,40.097.032.668.835.100,2.469.014.964.400.750,4.816.391.204.549.970,1,0
7.948.095.487.499.290,3.507.097.879.920.840,24.567.446.963.017.000,4.704.505.379.688.450,0,0
6.936.822.257.814.880,7.728.400.834.265.030,24.716.582.376.669.700,47.488.259.476.226.000,1,0
2.207.696.127.887.600,803.170.511.632.731,1.469.376.414.410.000,569.011.501.790.435,1,0
8.238.104.561.584.260,153.412.882.389.088,7.357.192.584.578.800,5.546.102.751.528.650,0,0
680.499.302.074.713,3.665.511.873.792.260,5.545.449.181.604.550,9.543.783.103.980.630,2,0
6.545.112.142.811.350,3.733.531.610.318.310,6.046.944.264.139.080,8.758.221.324.120.080,3,0
2.732.595.269.982.090,15.141.044.393.608.500,1.564.637.919.673.380,5.277.224.889.888.590,1,0
9.508.635.622.504.100,7.984.535.050.511.900,-3.988.248.505.784.110,2.320.593.565.654.470,0,0
15.105.789.178.090.000,7.072.283.283.354.230,8.493.969.235.187.810,4.740.481.314.648.810,1,0
4.323.348.010.426.010,19.038.178.629.703.400,3.053.751.873.995.200,17.831.887.345.688.000,0,0
9.436.159.201.675.980,366.721.908.593.799,6.885.101.139.216.740,4.389.031.493.906.620,2,0
4.197.273.169.261.220,10.580.502.485.651.400,15.043.444.594.909.700,18.011.904.839.681.800,0,0
6.385.259.476.640.850,62.820.659.709.304.300,6.425.453.070.999.890,10.489.832.290.225.200,2,0
3.975.943.979.627.940,12.137.192.454.861.900,16.328.497.723.300.100,14.026.133.431.516.200,2,0
27.421.520.234.867.000,9.859.341.686.249.170,31.970.381.717.282.800,48.093.655.405.037.300,0,0
9.839.776.479.598.280,7.806.820.746.878.620,3.710.084.971.395.230,528.734.330.314.321,0,0
409.334.006.315.043,39.023.854.958.399.500,8.060.295.871.536.060,1.296.532.386.480.000,5,1
8.940.992.036.791.340,5.785.639.322.793.540,16.946.036.522.363.600,5.700.058.387.416.930,2,0
22.995.460.589.108.600,9.113.418.162.164.080,10.888.766.531.054.000,6.115.769.345.859.460,0,0
2.131.047.040.250.830,5.540.992.803.958.260,35.189.725.313.045.700,6.604.071.446.245.150,2,1
3.113.408.288.451.130,1.744.984.863.979.550,2.525.495.931.526.230,39.802.838.789.936.500,0,0
651.666.825.375.885,3.787.033.555.811.590,5.784.038.235.876.700,9.909.442.613.853.010,3,1
36.852.634.372.376.100,8.431.448.650.297.450,16.896.110.304.595.800,11.884.226.602.983.300,0,0
864.358.249.839.637,6.442.130.159.896.170,14.089.822.134.134.000,5.461.929.308.576.940,0,0
4.732.099.066.915.570,6.507.243.843.338.000,7.775.732.339.934.540,18.605.962.643.256.300,1,1
9.681.934.279.147.210,8.668.214.856.884.890,-63.203.094.802.365.700,26.082.787.937.963.400,0,0
18.552.551.570.312.100,8.939.730.574.625.040,6.562.741.396.995.740,5.453.774.981.811.960,0,0
8.686.231.679.556.100,9.197.925.717.794.360,2.016.573.871.389.290,4.864.304.935.536.210,0,0
7.765.968.527.917.410,948.491.932.531.561,4.406.729.500.620.370,47.605.107.331.683.600,1,0
770.921.844.644.052,5.441.260.019.631.000,39.738.362.746.433.600,6.146.118.286.955.580,3,0
8.447.832.281.168.870,7.405.095.212.183.180,980.752.953.291.273,4.994.412.199.251.510,0,0
7.610.239.909.429.980,7.569.268.451.270.130,17.409.804.266.571.200,41.780.730.325.235.500,1,0
6.262.203.216.314.150,6.067.162.019.700.030,659.560.624.641.944,9.831.582.492.239.990,2,1
13.124.487.768.238.700,16.678.733.518.367.400,38.170.942.101.348.500,38.877.597.925.765.200,0,0
32.526.179.491.251.900,7.974.205.539.416.640,7.150.847.388.094.640,739.328.190.359.282,0,0
9.208.478.478.156.860,7.201.113.335.149.450,44.154.899.551.277.800,5.724.915.392.154.120,0,0
61.665.031.452.073.800,8.613.577.154.903.620,11.165.472.750.772.000,12.785.095.571.285.300,1,0
7.965.372.909.761.760,46.380.982.467.437.600,3.474.935.496.874.220,500.310.453.209.972,2,0
48.152.235.151.255.000,1.739.773.995.218.030,2.706.766.976.065.010,19.498.712.742.852.400,1,0
11.730.818.896.239.400,3.374.770.457.129.710,14.509.141.710.850.600,617.710.211.941.058,0,1
12.518.579.220.255.000,18.081.092.205.685.400,26.741.426.457.216.500,4.522.754.319.198.270,0,0
6.855.652.872.289.710,40.032.986.841.075.800,5.654.458.644.446.240,8.258.286.527.919.130,4,1
43.030.589.489.946.200,54.987.692.115.621.000,8.983.907.755.401.730,16.417.251.670.263.800,4,1
20.052.472.670.033.600,6.195.825.928.270.860,28.196.607.966.210.300,7.109.433.138.866.150,2,0
4.915.945.467.414.360,6.634.903.451.287.100,7.325.533.834.167.190,2.068.939.325.763.390,3,0
6.420.893.707.513.400,83.629.131.310.246,6.458.587.745.258.710,624.668.443.889.748,0,0
5.819.714.019.143.980,21.546.290.727.573.000,3.699.376.358.541.690,15.135.306.244.148.500,1,0
26.899.340.443.509.700,12.048.182.243.846.700,6.855.441.549.291.510,7.098.788.530.474.470,0,0
7.975.591.006.371.880,8.515.371.718.979.250,6.748.530.223.426.930,48.666.641.647.518.100,0,0
31.036.195.892.357.300,15.661.281.489.264.900,16.623.011.648.253.500,7.594.160.780.496.740,1,0
4.552.201.490.818.010,9.747.600.813.361.950,9.031.799.114.490.800,2.020.405.675.541.520,0,0
11.620.539.908.100.600,842.538.229.398.637,3.987.001.707.609.670,3.957.324.212.498.700,0,0
7.244.688.779.455.880,5.008.766.058.895.990,9.985.463.298.952.280,5.204.856.907.378.640,1,0
3.924.935.564.066.840,9.814.214.249.220.250,10.139.989.671.094.400,13.854.289.508.692.200,0,0
4.799.388.347.171.230,9.737.672.910.800.420,10.119.033.077.580.500,2.022.118.321.654.030,0,0
6.000.205.481.193.030,30.306.576.117.510.100,5.516.167.872.499.210,13.645.305.942.968.700,5,1
29.166.257.870.930.300,63.822.441.504.061.100,4.680.402.140.001.330,8.798.544.665.605.440,1,0
6.949.818.861.265.420,3.500.068.684.731.780,4.363.699.428.443.960,594.658.631.709.363,3,0
8.601.223.971.892.040,9.283.725.519.807.910,2.127.983.448.009.100,6.481.791.378.261.630,0,0
7.798.509.888.933.490,6.562.608.817.781.750,5.446.360.343.385.450,6.513.926.037.307.710,2,0
39.618.825.348.357.100,54.941.183.206.096.400,3.403.290.670.463.450,6.901.263.449.795.640,0,0
480.506.947.257.829,5.908.662.673.951.140,930.815.015.525.906,18.129.478.711.095.500,5,1
10.493.017.841.817.400,6.527.281.237.772.240,9.485.873.388.791.480,41.372.899.516.259.900,0,0
24.204.501.586.252.700,25.566.622.333.181.400,24.411.645.185.136.200,7.030.431.907.706.620,1,0
9.866.625.932.671.460,3.645.664.275.198.640,25.177.185.349.661.900,3.123.068.781.187.910,0,0
14.249.554.290.151.300,8.436.805.296.649.770,15.433.757.407.074.300,3.418.703.066.699.180,0,0
49.888.815.345.135.600,19.494.276.897.015.900,29.872.040.160.952.200,19.510.765.089.880.800,1,0
6.181.557.343.181.190,8.268.678.471.733.620,2.180.462.367.262.410,1.265.539.564.721.560,2,0
702.464.970.544.104,5.626.554.229.027.420,5.587.144.204.089.650,8.524.014.980.924.040,2,0
5.596.486.834.869.140,7.621.875.111.940.820,39.856.653.747.228.200,17.370.147.608.463.900,0,1
9.770.847.419.183.650,7.136.073.662.634.710,38.050.939.134.405.900,43.918.515.312.854.100,0,0
3.264.613.082.439.910,207.511.495.384.879,23.041.863.223.681.100,8.639.039.854.916.830,0,0
51.771.164.338.471.100,5.688.127.364.338.720,9.368.557.088.157.640,20.236.155.311.601.200,4,0
8.786.649.914.483.330,8.677.231.528.050.920,-29.204.434.481.463.600,5.444.314.205.548.440,0,0
3.506.269.312.091.800,43.211.623.680.192.900,7.260.121.903.972.990,9.737.715.524.759.250,4,1
33.203.108.791.366.500,9.665.907.702.233.160,16.414.018.969.062.900,3.045.192.156.641.610,0,0
7.857.849.715.502.070,45.221.510.010.171.800,15.386.691.794.378.500,40.844.715.821.816.200,0,0
3.969.232.762.015.960,14.278.563.666.788.400,14.948.144.195.085.500,15.238.399.517.867.000,3,0
13.271.575.404.306.000,3.894.346.800.776.730,10.472.267.939.352.900,5.204.722.182.879.590,1,0
5.675.408.482.615.580,9.517.024.063.905.370,9.226.358.597.198.370,1.661.828.724.860.560,0,0
6.894.649.691.372.650,3.197.208.493.398.540,4.356.920.437.098.890,861.045.732.228.433,2,0
8.005.866.991.090.820,8.680.981.598.670.620,2.916.800.002.548.160,4.033.608.221.083.400,0,0
2.001.502.442.448.100,8.812.506.816.818.890,6.932.332.549.338.800,4.942.039.398.917.560,0,0
16.748.258.225.906.900,3.501.865.243.319.610,23.575.789.269.601.500,5.197.343.998.672.590,1,0
10.456.784.033.440.000,8.325.765.805.063.210,5.857.857.058.501.070,4.564.656.893.118.740,0,0
6.364.302.495.436.360,7.245.579.091.588.180,34.727.360.358.377.000,11.015.159.843.904.800,5,1
7.064.757.264.869.010,311.512.299.013.986,36.269.278.920.273.300,6.591.995.584.242.870,1,1
31.586.144.825.642.000,7.829.236.142.575.720,73.603.585.046.413,36.009.149.584.547.500,0,0
9.362.122.462.436.890,4.426.548.482.604.330,7.467.354.825.756.650,5.182.584.987.755.060,0,0
51.971.283.651.472.400,4.852.667.423.426.210,6.640.088.219.378.630,3.672.304.807.975.210,0,0
5.412.963.353.010.700,7.779.094.067.485.360,36.430.804.020.080.400,18.939.588.658.584.700,0,0
7.090.605.194.509.160,3.823.633.310.616.270,4.534.620.117.112.260,8.060.770.388.486.270,1,1
8.709.691.237.460.850,4.431.273.453.229.140,12.078.853.147.992.500,47.343.850.197.684.400,2,0
7.140.869.321.324.270,37.619.046.876.962.200,4.971.313.518.413.850,5.344.993.254.458.970,2,1
8.017.280.830.697.910,36.734.051.527.728,201.891.728.896.759,50.312.048.495.071.400,0,0
3.394.501.925.428.060,52.594.657.690.145.900,72.589.749.012.495,8.301.998.739.113.040,5,1
8.148.251.137.465.120,8.087.994.445.011.500,114.555.075.746.405,5.700.151.726.105.930,0,0
8.011.484.638.467.510,36.176.831.192.256.500,43.393.889.889.362.200,485.423.819.230.549,0,0
8.948.166.560.605.270,5.242.547.205.377.360,11.371.529.131.374.100,6.715.946.204.020.820,0,0
5.475.923.761.537.360,6.707.273.254.426.000,71.165.321.690.293.800,1.955.687.765.199.180,3,0
8.172.977.699.624.930,269.439.446.303.655,1.621.617.805.671.790,4.944.620.490.097.640,0,0
4.523.182.845.183.000,27.752.280.490.239.200,50.503.254.821.093.700,19.103.798.083.624.900,1,0
6.435.776.951.965.240,9.334.131.270.234.540,10.991.382.233.896.100,995.797.235.815.858,0,0
52.640.266.093.611.300,7.235.345.733.310.880,5.670.278.685.254.810,19.520.138.107.661.000,4,0
7.315.895.217.553.310,5.771.866.762.233.080,482.856.385.810.186,5.665.281.303.277.790,4,0
8.162.998.203.058.950,647.720.054.420.612,5.837.176.244.919.480,576.882.890.504.791,1,0
603.520.839.905.638,29.299.443.103.418.300,-6.806.974.688.479.580,6.433.940.734.942.880,0,0
24.710.323.401.014.600,6.181.029.655.616.960,38.623.173.792.369.400,6.411.404.178.634.300,3,0
15.954.468.011.318.800,5.095.088.732.242.010,22.891.172.922.009.500,5.967.555.142.438.860,0,0
8.717.835.665.922.010,54.574.967.977.943.500,20.125.748.964.823.200,5.937.982.587.514.530,0,0
2.192.139.873.580.440,3.594.238.268.308.170,2.456.606.244.306.750,5.842.384.854.619.070,0,0
9.758.652.558.191.310,814.738.977.129.419,-3.822.435.655.958.660,38.608.953.259.110.700,0,0
3.368.957.917.711.060,1.933.392.336.120.520,2.267.678.361.971.730,1.066.753.883.245.880,1,0
18.211.791.568.869.900,9.507.447.132.126.710,7.563.055.638.623.070,6.900.315.480.060.580,1,0
7.896.985.071.424.790,408.699.562.270.934,2.967.939.866.162.820,4.991.896.593.278.880,0,1
6.587.077.755.008.760,4.666.831.558.308.640,6.667.977.135.668.380,8.886.632.500.550.410,4,1
498.195.716.453.139,5.270.978.985.343.890,8.259.774.851.307.830,2.060.997.027.227.680,1,0
5.553.635.509.376.310,3.756.622.954.398.050,6.486.263.286.055.300,18.419.462.082.107.000,1,0
7.192.017.782.722.630,7.171.814.470.467.570,3.237.602.309.348.650,6.155.464.947.853.100,1,0
22.845.474.133.129.800,5.380.946.641.211.110,39.275.346.682.452.100,41.257.394.033.382.800,3,1
9.963.339.160.567.410,5.087.059.842.162.660,4.196.783.654.237.750,5.305.768.291.347.210,0,0
974.793.162.146.783,24.312.453.042.266.800,6.149.237.795.863.230,5.551.627.511.435.490,0,0
6.503.256.863.469.360,7.447.507.316.299.220,31.718.369.632.788.100,10.571.850.126.837.100,1,1
19.954.245.092.914.500,1.682.365.791.084.910,9.782.681.096.547.980,5.513.654.316.751.440,1,0
6.802.282.424.312.910,18.993.474.366.102.000,1.501.967.349.953.490,7.685.187.057.553.920,0,0
7.219.840.897.917.580,4.607.121.713.482.750,7.441.144.515.323.620,5.995.594.205.606.170,0,0
30.652.502.205.806.000,2.862.798.621.119.400,-3.907.209.977.712.390,50.660.954.527.983,0,0
2.576.828.885.112.130,24.746.298.123.314.600,2.397.436.420.086.630,5.331.337.454.149.770,3,0
4.626.229.567.393.160,6.452.376.445.533.310,7.529.620.610.725.350,18.807.321.631.988.900,3,1
8.682.725.054.083.800,6.509.717.452.185.440,1.376.346.203.121.840,32.710.541.070.676.000,1,1
727.169.069.766.308,8.245.170.697.999.290,10.745.037.449.239.800,595.403.944.774.725,1,0
742.706.521.199.981,4.177.085.669.729.750,4.310.097.934.286.360,64.772.127.814.111,3,0
4.254.933.344.480.750,7.308.509.102.615.020,7.269.486.263.579.580,16.704.210.049.814.500,0,0
3.459.349.925.469.620,27.366.638.492.145.700,40.329.077.043.661.200,11.098.603.073.096.400,1,0
3.710.387.629.846.020,9.800.054.631.968.160,15.862.455.191.832.200,11.267.633.874.830.800,0,0
9.876.495.637.360.570,5.962.585.752.327.020,85.471.033.623.832,5.487.416.032.009.530,0,0
4.010.919.141.248.240,7.097.370.848.010.200,-9.244.110.454.612.820,5.793.123.386.239.130,0,0
8.670.314.961.224.480,7.357.829.625.414.530,-15.259.042.019.254.400,7.360.674.836.175.120,0,0
5.786.754.085.723.930,51.820.573.218.252.000,9.720.341.089.114.990,16.152.071.174.714.100,2,0
4.386.154.191.895.900,37.528.657.531.803.100,5.278.123.587.092.450,16.380.021.262.722.100,0,0
7.252.576.604.151.360,569.230.212.091.448,4.600.410.192.955.940,7.034.418.935.610.860,2,0
48.666.894.142.470.200,9.207.708.496.360.750,11.569.043.065.675.300,21.733.029.952.065.800,0,0
8.734.232.380.816.600,9.684.191.305.004.070,-29.935.309.515.622.500,4.691.514.465.677.660,0,0
9.007.018.640.112.580,54.055.267.538.892.400,10.657.746.032.500.400,5.845.974.052.641.500,1,0
4.217.209.268.734.550,458.204.805.252.216,873.382.419.745.072,17.270.323.403.850.600,4,0
27.682.779.723.505.100,945.017.094.248.494,12.818.718.769.817.800,7.260.352.441.867.140,0,0
5.923.503.285.933.620,673.609.831.996.695,6.091.600.016.458.190,14.918.100.189.446.600,1,0
912.363.345.616.691,6.489.927.953.840.940,-4.656.825.913.950.900,4.304.571.631.993.620,0,0
21.066.218.900.566.600,4.657.255.776.674.970,3.908.727.799.102.850,5.146.866.739.824.760,3,1
62.296.658.356.348.200,2.402.450.184.643.030,37.447.692.730.661.700,1.250.143.812.639.660,1,1
63.156.022.009.252.000,4.698.043.214.486.810,7.733.306.117.611.570,12.221.441.122.932.300,3,1
733.113.022.415.281,4.554.655.720.063.610,4.665.784.672.497.020,6.324.951.870.834.540,2,0
1.315.676.851.272.590,582.144.802.814.742,1.886.524.266.622.710,46.370.152.586.135.500,0,0
7.158.249.646.820.880,35.677.049.034.925.100,42.486.938.309.991.500,7.016.245.687.617.010,2,1
909.032.520.665.641,16.427.044.945.592.800,-275.902.293.903.869,5.863.576.895.570.520,0,0
17.968.310.887.024.100,5.037.194.345.899.560,330.902.229.205.113,546.834.554.826.917,0,1
23.754.332.492.387.700,830.202.884.345.762,9.515.927.287.142.510,46.427.791.497.565.800,2,0
9.713.950.940.416.390,6.640.122.280.676.020,8.929.375.517.347.000,48.188.182.450.032.400,1,1
18.097.695.270.948.900,33.836.786.592.521.500,24.050.044.901.454.900,6.040.303.351.094.660,1,0
854.385.093.369.579,9.355.230.227.588.570,-10.598.862.186.712.500,36.450.989.490.099.900,0,0
49.227.785.644.803.400,9.122.075.712.491.820,1.504.664.209.906.310,1.786.216.495.903.980,1,0
24.723.107.440.317.700,20.934.839.938.409.800,13.696.740.270.892.000,7.122.822.591.047.670,2,0
8.707.499.012.725.110,39.417.585.120.362.900,-43.348.456.524.003.600,5.526.949.252.620.440,0,0
4.453.052.550.026.650,7.413.087.083.507.620,4.524.714.801.294.600,18.522.828.057.160.400,2,0
5.148.173.539.296.900,8.276.102.613.491.530,2.726.381.171.576.520,18.759.418.069.062.900,1,0
3.592.333.693.997.650,9.678.645.659.513.550,36.712.714.232.121.500,1.130.693.173.017.280,0,0
5.929.508.514.349.270,8.898.363.940.883.100,12.509.200.652.746.800,15.013.457.124.072.000,0,0
16.352.387.258.502.200,60.053.476.820.641.400,24.835.759.078.331.500,3.467.867.921.097.210,0,1
3.910.815.366.517.600,5.300.523.392.123.800,8.556.968.530.038.370,14.712.945.922.786.700,5,0
9.694.123.223.352.870,2.784.105.126.258.620,-2.137.644.518.876.000,5.158.929.528.574.120,0,0
25.813.343.270.112.700,24.665.644.684.477.700,23.683.357.441.103.300,5.408.909.097.924.730,2,0
6.567.366.645.412.920,4.596.147.517.329.260,7.266.774.300.338.030,901.377.483.295.542,5,0
3.251.900.642.246.940,6.285.039.000.835.670,4.795.683.983.915.020,6.239.557.553.503.480,0,1
7.734.731.256.866.000,55.725.183.331.841.000,3.897.350.754.970.190,5.949.870.011.161.290,1,0
13.087.366.071.834.900,7.426.359.896.816.900,9.899.585.268.875.890,5.278.352.792.133.000,1,0
9.698.210.450.785.440,27.976.693.088.704.000,35.150.783.272.380.200,4.806.161.391.954.820,0,0
4.537.895.413.836.390,5.649.526.076.524.730,9.503.954.482.066.290,19.759.466.200.826.400,6,1
23.605.046.334.646.300,8.814.224.339.079.210,30.055.213.994.125.000,4.076.652.369.037.420,0,0
7.349.674.733.001.260,41.366.552.358.320.600,10.385.814.627.577.900,4.404.910.483.809.660,1,1
16.975.790.508.754.000,750.160.832.954.601,7.000.032.172.845.750,42.142.437.815.921.400,0,0
51.977.394.855.601.700,693.400.853.429.044,6.356.941.779.311.770,19.430.796.299.937.500,6,1
3.370.031.764.312.860,990.642.737.172.179,939.852.498.488.647,9.040.988.533.980.920,1,0
8.288.833.658.826.090,277.891.125.987.756,1.097.914.947.838.590,5.497.208.068.390.150,1,0
4.308.875.236.618.050,4.981.892.991.739.790,9.192.081.418.464.350,16.466.296.617.086.400,7,1
24.871.427.258.762.900,3.295.304.137.739.960,29.452.834.508.060.800,4.760.798.268.992.030,2,0
61.714.498.660.403,44.060.311.405.917.400,8.099.280.058.565.010,14.238.689.514.787.700,2,0
7.067.772.168.854.450,856.950.129.869.388,8.728.803.771.631.670,9.180.277.433.233.910,0,0
16.704.190.790.094.900,6.842.090.751.884.860,17.630.368.031.873.100,5.202.004.942.078.900,1,0
16.761.921.628.831.700,8.824.411.913.475.810,6.579.297.381.098.100,4.303.076.502.898.970,1,0
3.667.142.693.354.290,20.351.110.833.188.600,3.880.209.074.615.430,6.475.781.108.891.140,0,0
7.364.020.150.656.400,873.361.117.841.438,3.401.644.216.752.420,4.470.611.942.554.770,0,0
6.638.045.276.218.050,5.976.227.417.838.440,9.327.257.428.775.600,8.586.647.477.329.900,2,0
4.746.308.757.498.130,8.885.992.804.371.520,1.783.398.172.858.240,18.828.872.419.531,0,0
8.441.704.489.691.970,3.290.737.794.607.270,18.279.378.422.741.600,38.806.352.583.617.300,0,0
8.056.701.529.500.530,31.458.763.341.406.600,2.135.568.303.297.060,486.031.931.913.346,1,0
58.535.436.439.675.200,5.120.885.766.986.630,9.178.959.854.126.880,1.455.639.883.470.210,5,1
8.682.712.805.132.580,9.406.901.877.232.310,4.716.924.105.764.790,5.029.678.371.612.930,0,0
20.584.121.003.676.800,4.778.136.468.140.530,8.401.323.640.259.510,5.225.388.896.020.220,1,0
11.191.961.939.772.700,3.522.309.750.707.450,872.510.471.595.551,4.386.716.781.717.590,0,0
26.974.961.151.698.900,8.565.719.886.833.350,13.753.394.425.809.000,5.688.447.529.597.140,1,0
5.708.685.608.931.480,3.960.544.774.354.660,7.264.319.611.089.000,47.699.756.813.151.200,0,0
531.169.528.001.032,199.156.897.597.067,314.818.942.772.892,2.009.860.624.834.450,2,0
9.366.056.922.949.610,4.247.941.813.314.110,39.895.687.078.776.300,4.852.658.857.697.800,0,0
39.343.540.668.509.600,3.855.525.014.916.690,5.128.425.532.605.580,5.825.071.681.249.460,0,0
1.221.099.140.100.260,9.154.162.014.667.030,-10.511.390.551.446.700,5.597.703.719.745.680,0,0
4.521.990.282.834.350,7.619.343.757.430.970,3.983.110.514.831.880,18.952.099.379.721.000,4,0
9.338.750.175.279.040,5.051.155.557.440.060,6.209.784.676.817.680,638.907.156.840.749,0,0
3.161.561.049.767.500,988.370.566.721.571,19.779.279.245.440.300,6.648.598.813.572.150,0,0
50.723.480.868.839.200,46.527.753.127.592.300,9.722.147.764.317.380,19.487.611.376.329.700,2,1
415.728.590.503.921,5.823.783.082.027.520,92.079.413.010.991,6.763.708.649.210.190,0,0
14.834.320.096.208.800,2.622.743.218.149.840,5.672.510.215.200.770,4.773.643.010.738.330,1,0
9.866.301.229.588.460,4.360.704.802.193.120,5.867.105.903.186.920,21.849.844.166.026.000,0,0
9.651.186.964.360.450,15.690.262.414.612.000,2.622.278.067.200.380,47.973.325.606.695.700,0,0
49.399.809.344.096.100,947.565.126.324.043,-2.010.307.552.837.080,513.501.100.458.409,0,0
9.518.117.854.232.380,7.668.488.978.177.730,6.424.362.519.302.460,2.383.440.717.279.820,0,0
6.391.199.378.155.000,26.828.720.042.777.200,40.805.057.514.785.400,12.033.172.867.751.400,3,0
8.679.182.945.200.220,5.908.045.335.179.150,18.431.093.350.611.600,43.035.340.824.174.800,1,0
4.547.398.556.338.590,721.449.157.109.572,5.703.505.349.301.940,1.886.826.388.741.700,5,0
5.155.960.285.792.500,941.278.928.906.798,7.812.011.541.683.790,19.592.696.211.920.000,0,0
4.888.465.802.569.200,8.816.353.491.754.100,14.444.733.488.371.400,18.618.639.058.440.700,1,0
6.668.642.575.461.040,5.151.922.261.382.130,7.301.833.711.800.480,7.657.470.548.565.810,2,1
1.396.512.547.563.120,7.746.526.197.930.170,9.212.263.643.312.930,40.876.371.403.139.100,1,0
29.973.589.872.677.900,562.144.753.827.585,545.950.202.659.756,6.085.911.113.830.410,0,0
3.079.299.415.911.900,5.527.038.900.455.400,6.507.921.072.425.640,7.223.919.523.472.000,1,0
7.046.807.627.366.460,1.147.419.583.381.910,8.627.819.211.264.640,6.324.722.220.260.930,1,0
20.185.345.212.294.800,12.613.765.801.615.200,5.834.911.166.723.650,4.241.523.715.428.110,1,0
6.734.324.333.249.170,5.295.336.150.224.570,6.798.038.085.135.200,9.529.940.087.207.130,2,1
9.699.120.461.072.700,26.886.154.497.900.600,4.413.022.970.054.960,6.464.441.766.298.480,0,0
939.007.157.894.184,2.103.690.246.046.860,9.561.089.156.623.430,6.188.679.147.274.300,0,0
6.726.021.182.251.260,7.228.392.039.002.120,4.123.256.786.269.460,8.874.465.713.697.860,1,1
44.375.021.930.457.100,3.248.659.669.016.490,759.071.058.437.551,1.809.499.125.830.330,1,0
8.681.422.543.775.050,5.952.768.411.040.540,16.498.257.059.388.200,3.801.167.159.595.130,1,1
1.771.497.894.473.850,5.391.937.941.273.140,2.617.205.153.208.240,483.597.394.624.965,1,0
6.926.259.522.261.640,9.688.146.905.778.040,50.236.255.018.483.500,6.662.375.762.910.380,0,0
8.381.152.896.481.100,48.421.313.934.764.100,26.129.042.500.457.400,3.223.875.917.965.710,4,0
9.446.142.194.740.230,6.360.143.637.779.730,26.093.270.311.441.200,6.057.808.109.186.930,1,0
6.832.480.282.896.450,5.516.879.678.064.610,62.567.092.198.252.300,7.102.599.107.357.020,3,0
4.971.747.640.084.270,8.410.961.706.161.010,24.327.636.366.822.100,2.118.995.663.306.390,1,0
6.178.472.402.012.130,9.968.492.842.814.390,5.281.194.296.966.160,13.372.366.616.570.200,0,0
8.689.049.844.787.180,43.034.317.368.907.200,14.152.184.236.310.800,5.573.348.854.857.260,0,0
57.060.974.663.882.900,3.202.987.424.967.420,63.256.770.541.520.400,1.730.323.021.309.120,4,1
3.038.705.969.683.680,9.066.532.969.519.980,-5.680.284.648.048.400,4.384.930.014.699.230,0,0
9.309.486.955.069.770,19.124.212.907.612.100,44.280.313.913.559.600,6.859.241.072.922.790,0,0
6.895.267.510.315.610,61.542.891.503.292.600,5.601.524.047.213.820,7.532.498.086.758.180,3,1
6.765.133.857.772.460,4.057.144.241.809.470,6.286.027.423.027.390,846.076.082.370.973,2,0
21.567.515.239.771.700,4.108.236.495.555.520,14.320.331.616.722.000,4.614.350.203.363.520,0,0
6.588.854.702.326.570,3.472.884.743.056.970,554.217.970.519.695,8.314.169.040.983.510,6,0
39.386.440.565.415.800,2.652.285.225.026.740,4.788.637.829.317.510,14.017.731.337.390.300,3,0
6.512.329.770.414.920,6.860.911.539.434.860,5.297.660.582.420.630,9.997.699.859.139.180,2,1
10.659.303.030.799.000,9.487.904.976.919.180,10.776.854.062.274.400,42.171.838.166.662.300,0,0
657.845.304.603.036,26.804.718.737.863.700,3.780.053.037.357.460,7.877.418.531.423.810,5,1
9.994.137.257.706.660,8.114.659.391.516.810,46.490.751.040.395.400,3.730.134.474.364.890,0,0
4.821.203.886.055.600,5.535.981.693.840.950,-3.843.744.518.322.910,6.196.688.148.260.160,0,0
9.771.741.842.213.170,5.381.210.100.398.130,47.327.615.209.414.200,4.386.916.696.493.820,0,0
40.690.796.072.287.000,7.055.006.370.989.450,12.955.364.128.280.100,14.386.518.612.536.000,1,0
8.707.534.503.372.590,9.340.329.911.306.390,4.628.166.232.514.620,6.465.872.212.494.980,0,0
7.823.854.840.582.730,7.663.512.805.573.900,16.312.620.834.028.200,4.156.157.156.216.680,0,0
5.670.162.609.866.670,6.579.499.112.045.920,6.469.478.011.127.140,16.256.032.262.725.900,4,0
7.384.492.092.513.260,8.238.963.816.246.640,13.088.170.830.574.300,51.050.792.166.153.500,2,0
878.515.561.301.348,6.475.197.955.701.630,1.093.808.818.485.580,662.968.123.511.771,3,0
404.140.321.651.033,9.689.443.971.742.910,6.698.705.112.529.350,16.467.810.787.070.700,0,0
3.270.331.615.632.380,7.139.579.478.647.710,36.393.531.220.051.100,9.112.345.750.258.000,3,0
6.675.933.855.635.840,9.246.586.095.822.460,43.110.673.721.945.000,9.466.183.709.312.570,0,0
8.078.459.419.412.580,51.713.189.201.063.800,24.279.815.683.656.200,455.092.720.724.071,0,0
7.622.851.347.766.150,11.706.441.298.186.200,10.433.753.255.710.600,7.428.455.301.827.180,1,0
7.978.136.488.586.340,5.281.777.214.230.170,31.474.806.533.225.700,5.445.584.764.718.030,2,0
435.583.314.812.933,1.268.728.280.630.930,1.713.130.577.341.030,18.042.607.938.120.500,1,0
8.178.342.161.750.210,59.249.347.917.640.500,2.541.235.814.139.390,4.990.525.747.248.470,2,0
12.020.905.537.060.800,4.824.930.605.276.620,13.214.815.103.273.900,47.430.319.747.887.300,2,0
54.448.909.796.084.900,6.225.753.978.327.810,770.747.861.209.475,20.249.672.100.295.200,3,1
575.866.049.812.157,10.046.981.054.831.500,-2.781.125.279.087.380,5.539.798.107.995.850,0,0
3.245.858.299.002.700,19.484.049.165.536.400,1.908.384.358.731.450,9.671.898.070.697.550,1,0
36.646.153.487.139.700,4.913.304.319.121.300,8.104.363.950.135.330,11.405.156.194.557.200,1,1
3.961.726.916.092.550,9.505.035.615.891.340,4.526.516.751.701.510,1.290.155.473.448.780,0,0
6.954.672.066.898.620,38.360.904.035.515.800,5.760.463.956.965.050,6.637.037.964.461.840,2,0
3.885.581.012.703.450,4.243.720.260.536.340,8.279.456.561.294.470,13.164.350.109.403.400,6,1
4.486.936.226.225.300,7.146.960.890.066.220,5.680.993.550.857.480,17.523.647.386.939.900,2,1
23.754.413.087.432.700,603.792.757.286.118,36.587.487.062.264.200,437.151.498.719.212,0,0
37.325.179.162.934.000,29.892.615.009.833.300,5.389.456.465.661.840,12.919.445.876.613.100,1,0
22.726.962.726.315.100,4.108.163.955.674.270,3.507.544.251.736.970,48.189.693.684.496.900,1,1
7.319.592.376.844.360,21.769.979.885.723.200,3.694.757.376.085.630,5.139.854.245.626.180,0,0
6.034.485.933.813.770,9.660.214.591.302.080,630.321.180.408.527,1.408.046.512.806.940,1,0
6.682.127.985.550.160,13.063.438.155.735.900,1.486.258.041.886.060,8.056.542.733.099.890,1,0
6.194.903.460.096.140,3.718.367.845.664.190,7.003.770.164.543.880,13.796.778.267.471.900,3,1
4.634.940.438.005.720,2.583.897.222.001.110,44.935.389.700.751.600,17.915.918.025.557.700,0,0
37.978.578.017.922.900,2.217.794.919.335.460,3.012.090.519.782.660,12.544.147.540.017.200,1,0
8.633.336.495.718.250,7.804.711.383.801.540,9.102.784.711.424.480,5.266.511.659.359.960,0,0
51.908.178.513.621.800,20.117.523.228.887.900,34.749.082.187.314.200,1.967.513.035.040.750,0,0
479.181.877.629.731,800.634.025.289.656,9.792.735.118.026.990,18.381.538.243.513.600,0,0
25.642.065.806.435.600,4.744.531.798.445.230,11.939.590.278.448.400,5.871.012.510.667.020,0,0
3.412.478.276.261.560,9.969.234.734.518.490,3.005.448.115.539.830,9.997.841.953.501.090,0,0
38.019.561.878.585.700,8.476.615.442.633.310,11.554.986.007.555.000,1.164.286.065.981.270,1,0
3.988.227.808.969.000,8.076.258.695.629.750,32.374.486.976.765.500,1.469.834.911.394.810,1,1
58.017.236.922.733.200,7.714.733.448.596.060,33.136.456.838.611.100,16.252.117.544.968.100,1,0
53.360.254.672.687.800,915.138.820.404.896,10.156.706.746.462.100,17.896.000.978.662.500,0,0
6.079.050.927.934.440,8.545.154.359.107.490,16.800.130.640.952.100,1.252.629.595.795.330,1,0
7.648.832.615.421.280,683.175.563.239.818,31.417.369.303.231.100,6.587.562.373.294.940,1,1
8.129.857.387.160.930,5.233.285.730.066.280,22.954.806.959.823.800,5.421.338.145.745.150,0,0
7.181.230.762.264.940,7.828.486.179.866.570,17.573.688.489.008.800,5.825.506.129.722.330,0,0
9.555.236.959.549.340,8.455.108.108.405.600,3.356.727.593.159.900,4.141.992.109.100.820,1,0
1.823.258.267.636.160,7.990.821.457.719.540,5.825.039.216.328.570,44.847.430.085.242.100,0,0
1.957.779.856.835.460,50.847.903.530.802.600,27.744.920.133.223.100,4.702.200.534.242.470,6,0
756.287.497.814.212,23.290.183.864.948.100,-7.000.487.608.237.490,41.541.183.241.898.200,0,0
647.474.714.154.603,8.453.299.756.887.260,22.363.315.077.480.300,8.314.412.742.049.010,4,1
898.030.548.949.987,7.271.628.097.401.380,8.393.773.335.425.430,6.145.456.608.667.280,0,0
2.434.822.965.762.990,9.807.611.743.888.510,2.766.977.514.174.690,6.529.404.193.455.300,1,0
9.270.345.447.963.060,15.569.259.775.593.200,1.575.607.170.503.000,37.283.897.784.654.900,0,0
6.026.739.028.956.080,22.566.458.305.205.500,435.759.260.688.637,5.137.260.213.534.050,0,0
9.344.360.268.055.140,2.117.981.498.815.020,41.865.990.477.476.600,40.989.579.046.373.000,0,0
3.516.226.872.396.340,7.925.397.676.213.360,26.931.994.117.700.900,9.727.549.346.738.640,2,0
10.142.082.844.921.600,18.690.729.645.011.800,4.375.538.250.648.410,4.660.559.085.626.690,0,0
4.858.717.591.863.250,6.665.982.982.330.600,12.145.301.050.118.100,1.942.320.497.061.220,2,0
25.677.656.772.050.700,9.985.608.065.856.280,2.204.733.868.529.140,7.781.878.950.826.040,0,0
28.487.290.196.192.200,24.817.211.445.149.100,4.002.435.593.817.950,6.042.673.903.690.800,0,0
30.728.996.492.628.600,8.352.440.601.588.650,13.589.411.163.820.100,6.534.174.298.767.820,1,0
8.030.258.978.326.630,3.653.668.415.506.520,19.362.463.574.821.700,4.389.523.520.366.870,0,0
5.391.612.766.752.540,8.416.154.597.578.150,28.891.296.485.393.100,19.936.565.859.340.100,3,0
31.130.769.915.600.300,554.620.491.211.145,6.432.121.879.118.450,5.876.864.825.723.320,4,1
6.103.337.833.109.180,9.016.312.294.863.600,8.944.519.858.538.370,12.398.428.527.651.600,0,0
7.161.506.742.231.930,9.261.929.864.146.260,4.912.812.660.153.570,7.897.447.846.927.420,1,0
27.262.400.073.353.300,9.098.181.280.775.990,6.663.415.760.233.580,6.374.936.144.443.800,0,0
41.354.910.152.535.100,7.541.217.599.278.820,14.194.577.368.148.600,15.514.797.027.967.800,1,0
12.188.609.333.694.700,25.035.872.957.085.500,3.423.552.603.170.860,7.143.937.019.532.750,0,0
1.811.493.495.346.800,6.693.154.163.635.010,19.952.691.869.559.100,5.339.340.431.582.210,0,0
6.811.178.539.649.820,888.272.196.511.506,9.755.724.217.743.100,720.097.957.009.517,0,0
18.143.834.769.562.600,45.994.195.129.396.200,30.046.788.435.842.700,48.117.758.901.638.300,4,1
52.516.338.366.706.000,60.697.311.627.426.500,8.567.656.484.641.050,18.397.109.640.981.200,1,1
7.090.462.617.224.320,18.849.985.279.556.100,11.944.343.152.052.300,7.943.074.402.045.460,0,0
10.687.692.309.474.300,8.049.668.338.816.850,3.776.948.677.319.470,5.581.171.282.259.060,0,0
5.673.122.196.289.030,9.673.281.113.534.690,32.466.691.601.864.400,18.083.645.230.543.600,0,0
25.656.278.370.136.300,2.685.989.329.145.970,2.465.058.532.576.510,6.987.874.302.299.990,0,0
9.629.268.752.375.790,4.948.259.516.005.460,111.650.146.171.169,4.586.122.336.868.140,1,1
4.835.456.467.199.240,861.161.105.063.738,6.492.828.125.304.710,1.885.355.609.654.360,0,0
8.059.925.497.751.580,5.591.366.564.629.680,27.296.832.108.965.300,508.725.346.613.796,1,0
55.022.654.215.626.100,5.027.834.418.466.800,9.522.835.642.953.310,17.349.672.820.783.600,2,0
4.341.253.285.481.910,1.444.364.841.550.770,3.754.726.814.004.100,5.165.402.713.116.560,0,0
6.331.513.755.940.220,442.066.213.118.075,7.905.074.893.072.550,12.313.750.180.896.400,4,1
9.514.033.422.066.570,33.410.465.208.656.300,5.030.999.856.075.990,4.832.424.499.278.400,0,0
6.016.118.201.463.310,5.218.308.753.051.890,8.861.730.750.973.020,14.101.324.882.517.500,4,1
8.191.888.594.267.900,58.565.433.542.879.900,2.365.494.140.109.310,4.998.148.910.300.700,1,0
8.842.064.633.484.070,8.495.578.607.209.500,1.461.040.663.882.040,5.812.074.756.761.880,0,0
22.807.977.194.893.200,7.610.059.829.495.550,1.926.802.930.603.630,47.041.733.792.684.700,1,0
21.204.483.990.822.600,7.130.142.918.617.400,1.791.887.772.583.720,3.040.989.419.108.850,0,0
6.109.809.888.509.910,3.662.863.862.065.220,7.090.472.785.574.030,13.573.681.222.859.800,1,0
4.110.284.698.067.040,52.935.935.568.818.200,7.604.723.646.225.740,16.084.987.814.413.000,0,0
8.398.613.028.667.200,7.549.325.397.850.500,13.611.117.879.087.800,5.492.923.929.013.190,2,0
9.000.231.233.980.110,9.551.751.604.781.320,41.098.900.409.404.300,4.364.796.791.746.360,0,0
3.534.213.793.027.180,24.015.159.602.201.400,3.401.467.848.598.820,8.988.220.459.884.480,0,0
23.687.055.897.448.200,3.235.246.137.370.370,28.392.656.997.102.800,5.965.070.175.219.100,0,1
7.805.255.152.438.610,18.381.288.948.181.400,10.428.130.129.688.000,5.434.744.131.187.660,0,1
2.748.060.355.481.360,57.693.612.334.483.900,5.004.487.967.883.290,6.062.400.911.979.590,1,1
8.226.143.185.136.780,15.484.139.464.745.400,7.751.433.606.743.150,6.904.881.482.685.880,1,0
4.237.382.536.487.620,35.619.394.346.137.900,6.805.742.731.974.570,1.526.825.974.140.160,4,0
6.675.498.992.914.700,6.970.130.139.342.620,4.764.113.853.527.460,10.460.520.664.273.100,2,1
9.553.531.383.466.810,5.601.159.830.093.480,6.788.856.551.941.480,50.359.886.823.013.300,0,0
623.859.324.676.573,3.864.625.643.279.350,6.821.041.311.632.980,10.130.098.044.791.500,1,1
4.517.676.787.372.290,4.202.496.018.075.410,8.942.781.224.535.700,18.173.680.930.469.700,3,1
5.866.084.631.754.740,5.621.108.826.232.290,8.800.050.840.911.080,1.626.830.645.776.310,8,1
16.801.420.774.486.300,5.864.727.887.161.300,5.920.201.387.305.600,46.955.923.915.491.900,0,0
7.368.737.449.441.820,78.509.868.453.609.800,-1.924.904.008.846.850,443.240.693.906.631,0,0
8.627.970.775.432.280,8.812.580.677.630.110,1.612.852.268.002.420,48.562.806.123.801.000,0,0
21.673.980.009.077.500,7.787.898.909.129.070,-2.425.862.424.338.830,44.143.347.661.308.000,0,0
9.571.455.552.016.170,7.068.035.962.105.050,768.986.174.176.387,5.496.049.765.826.380,0,0
23.638.586.046.336.300,9.200.381.641.090.520,14.611.946.731.593.500,5.773.577.064.252.300,0,0
641.971.500.443.266,2.706.836.043.017.310,4.505.404.537.519.160,9.419.072.220.227.170,6,1
6.070.940.360.887.800,3.704.914.370.595.140,7.061.821.809.304.920,12.747.805.976.509.200,5,0
54.669.741.271.407.000,56.892.140.584.471.600,9.483.323.998.601.280,19.207.162.685.456.800,7,1
23.194.709.611.597.500,8.817.089.696.385.840,8.342.767.600.796.260,4.554.048.323.903.820,1,0
3.909.059.959.055.140,9.419.055.872.604.200,6.197.942.889.030.740,12.190.659.152.234.100,0,0
594.476.335.186.173,739.563.248.111.268,394.236.767.780.414,13.421.291.656.551.100,1,1
4.967.668.588.591.690,8.661.976.085.469.400,12.635.628.286.229.100,20.344.200.760.175.500,1,0
9.877.855.202.148.870,6.691.541.555.348.500,-9.036.040.946.571.930,5.309.259.908.622.980,0,0
13.643.975.255.673.300,4.103.037.218.726.620,21.214.973.683.812.500,43.361.806.552.647.300,1,0
6.951.445.540.475.930,4.707.009.994.910.610,6.097.601.241.678.170,7.239.502.415.018.280,6,0
40.431.876.810.429.200,4.914.839.034.517.700,10.613.476.817.886.300,16.017.765.213.888.100,0,0
42.819.961.492.561.400,19.106.213.934.635.800,26.996.509.086.863.300,15.617.594.768.779.000,3,0
7.175.977.656.581.760,7.905.136.075.336.470,20.072.388.683.323.700,44.540.634.139.712.200,4,0
6.924.361.513.243.690,45.395.883.304.785.900,6.192.786.731.024.220,7.809.900.974.973.770,1,0
9.912.559.937.021.880,30.166.224.163.114.800,28.594.093.940.108.000,48.896.850.592.043.100,1,0
12.839.428.945.412.500,38.401.907.396.495.800,13.744.685.671.369.400,43.050.232.168.952.800,1,0
10.410.964.938.416.600,8.543.995.133.256.800,41.104.914.978.315.600,5.658.006.222.808.940,0,1
7.243.388.171.287.410,748.999.017.404.957,21.780.181.266.260.400,7.050.477.656.008.380,0,1
5.783.869.170.064.090,27.231.539.718.108.200,4.481.336.174.969.950,1.382.399.362.134.120,1,1
27.416.066.655.980.500,11.750.184.021.237.300,12.217.870.279.791.500,5.518.427.724.198.870,0,0
79.419.368.988.986.600,2.519.982.216.440.710,7.261.235.032.403.380,7.319.679.027.828.240,1,0
8.565.824.959.643.050,9.207.564.510.547.330,14.768.707.810.525.900,5.586.211.171.694.690,0,0
8.941.908.746.641.180,5.815.888.378.497.550,18.187.688.339.998.100,568.244.113.086.798,1,1
1.918.673.247.187.420,5.334.802.087.447.820,2.929.103.433.614.640,630.302.222.916.472,3,1
3.233.715.621.155.200,5.963.935.996.924.610,6.425.131.501.905.220,8.169.487.361.773.780,4,0
226.656.402.226.988,3.660.282.657.465.150,31.928.227.694.600.200,6.154.482.437.945.330,3,1
3.549.963.058.319.370,8.071.070.203.195.120,2.057.686.300.130.440,10.960.290.233.492.200,1,0
6.942.384.274.609.330,5.232.862.493.002.490,15.330.036.764.413.700,5.540.454.919.326.390,0,0
5.190.597.909.082.700,11.674.790.276.879.500,18.844.855.758.882.700,1.940.799.081.562.600,1,0
676.125.635.922.149,12.906.512.482.906.200,13.672.034.646.451.400,5.173.366.087.434.150,0,0
8.003.565.078.223.610,53.685.914.650.261.800,3.401.479.526.399.890,45.764.996.328.510.500,0,0
233.712.081.910.433,9.365.702.180.708.390,25.941.524.873.750.400,5.445.643.297.306.980,0,0
5.400.119.146.045.100,30.835.212.167.619.800,64.420.059.914.780.800,17.677.594.307.176.100,2,0
8.800.790.875.614.580,8.695.411.688.592.180,-419.178.398.721.963,4.220.320.101.523.000,0,0
6.508.773.690.471.940,7.640.955.865.788.790,2.840.287.839.758.050,9.523.620.863.216.260,3,0
5.329.577.865.513.350,24.781.244.290.690.600,4.748.770.289.580.870,18.263.360.141.045.900,2,0
3.243.337.531.153.750,36.340.748.316.242.400,3.879.328.323.647.550,7.701.286.134.406.410,0,0
33.300.191.305.819.700,10.184.726.514.238.200,1.035.050.377.083.460,8.555.733.587.049.540,0,0
6.694.869.551.981.900,7.284.939.338.474.400,32.319.991.865.381.100,8.969.383.252.346.470,2,0
9.941.393.612.211.670,1.996.697.380.406.460,7.073.987.771.985.230,5.949.332.106.150.940,0,0
6.618.391.898.493.780,3.712.709.205.053.930,6.216.553.870.104.870,8.585.151.231.801.440,3,1
5.577.834.173.700.240,5.016.991.660.064.240,9.530.672.659.746.070,19.028.782.118.489.900,5,1
7.306.505.102.392.460,7.254.681.684.501.620,26.026.982.818.539.000,698.785.235.329.752,2,1
4.652.056.122.837.180,11.323.122.325.912.500,18.271.579.330.271.900,19.623.041.905.848.700,1,0
60.142.342.600.785.200,40.636.640.527.746.100,1.392.906.070.052.140,5.154.592.842.981.690,0,0
5.622.968.158.779.090,4.850.729.091.426.950,9.786.098.655.409.560,17.673.437.607.458.200,1,1
9.576.252.845.053.800,5.408.270.639.715.390,13.661.554.848.619.700,6.187.476.331.984.210,0,0
17.530.294.235.765.900,8.183.606.413.952.160,47.742.810.018.659.700,6.300.625.187.617.240,1,0
6.900.048.908.206.650,1.716.781.950.432.160,14.093.010.583.941.900,8.801.834.326.446.900,1,0
20.093.368.865.905.600,8.078.314.518.266.220,6.433.919.939.307.770,5.212.687.850.517.720,0,0
53.582.768.447.308.100,6.928.784.276.966.520,6.313.736.107.136.930,1.962.249.361.251.120,6,1
9.667.644.964.671.960,5.558.708.141.989.590,13.115.229.584.087.000,6.347.949.616.873.810,1,0
45.037.093.625.818.500,6.995.278.704.025.710,5.849.711.607.858.020,17.638.220.304.467.800,2,0
7.561.633.288.952.460,4.120.177.389.516.560,4.239.915.074.177.360,5.245.452.694.099.790,3,0
34.757.152.423.898.200,13.839.758.596.812.400,18.286.249.006.378.900,9.710.238.943.717.120,0,0
664.911.724.487.218,6.657.652.402.653.670,4.591.149.770.092.220,9.750.304.157.767.290,2,0
7.954.499.607.897.290,5.246.723.066.856.220,31.538.076.301.314.800,6.105.980.880.884.100,1,1
9.271.778.194.794.520,6.393.748.005.427.750,10.475.651.950.585.900,477.077.108.207.535,0,0
23.464.208.185.545.300,33.799.878.102.849,28.469.033.479.555.800,3.935.053.092.531.410,2,0
39.931.591.580.930.800,906.866.577.339.836,8.730.427.949.410.070,14.281.907.103.844.800,0,0
15.241.601.333.041.700,58.736.986.857.557.600,2.313.248.746.796.740,41.173.811.282.221.100,3,1
9.924.835.021.583.750,8.540.248.429.087.380,-3.305.918.313.469.590,3.510.144.966.580.850,0,0
9.270.009.679.242.950,44.980.399.070.442.800,9.015.250.063.641.760,37.377.760.301.486.300,0,0
5.399.571.302.805.590,7.563.560.547.436.340,4.409.497.112.006.750,19.175.499.558.960.900,1,0
8.420.332.943.764.210,7.941.345.617.322.720,6.135.472.656.552.280,6.404.264.423.913.120,0,0
5.209.579.772.720.420,4.945.970.527.637.580,1.017.656.420.752.840,19.713.057.989.081.900,5,0
6.235.856.880.027.590,894.747.570.831.301,10.073.706.821.397.800,12.200.671.421.625.200,1,0
8.912.443.211.601.660,26.766.843.719.429.700,10.399.022.996.558.800,6.186.132.657.218.590,0,1
7.552.704.204.968.070,4.105.986.972.382.660,39.696.668.318.883.300,40.324.376.834.472.200,0,0
12.771.348.363.523.400,89.859.691.056.897,44.409.436.972.544.900,5.534.848.451.695.790,0,0
8.260.676.302.525.280,8.962.567.164.715.780,5.956.967.023.502.460,5.062.095.308.118.630,0,0
7.820.280.876.703.850,6.857.127.688.246.800,2.215.948.699.962.350,5.847.186.382.817.410,1,0
7.087.446.977.429.760,8.589.805.471.222.200,5.423.865.576.444.140,6.214.315.181.558.900,0,0
36.160.380.524.762.100,8.877.326.695.623.260,19.026.268.247.749.000,41.823.820.319.347.500,0,0
3.031.283.559.453.280,8.649.949.762.077.760,11.868.225.780.898.300,7.300.551.603.083.650,0,1
26.311.256.991.084.200,32.061.990.655.022.600,34.832.948.274.783.000,7.556.082.764.885.680,3,0
3.601.364.074.715.190,17.833.151.242.821.600,2.080.347.679.328.270,11.501.332.611.884.100,0,1
8.764.274.676.383.850,23.936.983.634.204.600,3.815.592.840.815.270,44.953.533.852.027.300,0,0
9.369.578.230.310.620,4.179.685.080.138.870,14.477.425.595.210.300,36.600.996.129.555.100,0,0
5.538.022.407.123.760,25.119.200.460.446.700,40.068.689.009.362.100,16.296.718.293.480.600,2,0
30.552.431.065.802.300,320.567.586.016.499,4.387.930.806.908.260,8.579.821.797.222.850,1,0
39.698.151.707.428.300,13.497.848.607.164.200,14.836.378.554.549.000,12.868.340.005.276.400,3,0
4.472.025.405.048.350,29.617.676.555.899.800,564.490.787.315.329,17.722.966.101.025.700,3,0
6.005.943.333.606.170,5.722.838.145.420.010,8.159.571.098.591.920,15.365.099.446.690.100,3,1
51.567.942.769.649.700,44.185.370.809.106.300,9.315.738.214.311.360,18.202.843.816.271.200,7,1
9.193.919.732.144.170,3.467.187.612.359.110,9.985.542.772.084.230,649.453.801.771.871,0,0
49.696.348.290.583.000,746.452.128.857.114,5.096.905.641.479.500,19.739.445.812.873.400,4,0
9.921.580.148.233.120,893.509.971.393.318,21.089.743.082.452.400,38.514.991.671.813.900,0,0
8.514.249.577.450.950,756.789.222.902.397,9.676.909.359.652.730,47.838.619.404.794.200,0,0
2.085.105.143.573.350,33.200.070.211.767.900,2.133.631.173.621.110,4.491.729.486.014.930,2,0
9.305.952.146.439.160,7.444.421.678.375.530,6.217.947.493.429.890,5.442.232.062.123.230,0,0
11.636.639.788.547.600,1.519.801.824.740.510,9.964.678.522.060.960,4.361.422.603.078.900,0,0
8.174.497.084.911.910,13.031.798.809.129.000,3.998.575.451.177.370,31.855.887.908.668.000,0,0
3.806.232.934.765.800,34.562.703.703.615.800,6.099.699.208.452.000,1.213.539.326.602.960,1,1
8.779.743.204.450.690,807.702.369.044.057,3.450.570.468.392.650,3.655.307.890.039.170,1,0
8.680.566.901.074.500,24.634.824.724.230.100,6.760.296.075.973.330,5.221.478.820.605.460,0,0
8.059.254.001.176.210,6.325.340.889.867.950,-5.375.542.940.098.040,39.521.220.460.463.000,0,0
7.900.304.363.070.610,13.170.953.520.635.500,7.627.458.479.145.210,4.735.601.516.536.550,0,0
3.046.791.390.980.400,8.587.449.685.295.800,988.656.961.379.415,7.409.326.988.021.240,0,0
8.091.928.305.125.210,6.337.832.847.472.870,40.695.330.679.791.400,4.789.844.644.611.530,0,0
4.029.801.787.651.610,25.320.116.336.997.600,4.377.805.662.643.050,14.619.444.791.013.300,2,0
1.735.245.149.865.080,5.552.958.253.281.810,22.150.711.634.984.400,5.752.998.215.489.240,0,0
6.949.510.889.024.610,5.275.796.224.253.500,6.057.945.200.657.210,6.084.930.810.005.160,4,1
34.609.972.653.778.500,6.554.359.784.406.610,5.938.648.788.765.390,9.525.168.580.034.500,3,1
9.756.102.008.599.140,2.331.875.544.216.160,-17.980.006.292.424.400,16.706.799.031.547.900,0,0
640.972.077.345.332,8.644.029.871.943.970,10.235.686.809.988.700,10.800.641.775.456.600,0,0
8.224.805.636.343.600,30.936.856.208.001.200,18.112.900.758.971.100,47.819.603.481.901.800,0,0
13.252.467.274.184.800,6.941.316.539.762.360,14.991.759.941.257.700,4.034.079.990.647.560,0,0
8.620.144.822.726.220,1.612.464.637.221.480,-3.681.905.060.609.660,5.337.112.795.513.800,0,0
9.227.571.905.133.940,3.726.571.298.941.470,9.967.544.253.405.740,6.174.670.711.642.700,1,0
4.870.619.188.189.350,3.517.098.179.588.080,7.755.093.854.820.900,1.939.896.071.993.370,5,1
60.625.293.775.097.700,54.348.442.858.301.400,7.863.247.162.701.290,1.258.498.506.191.560,6,1
7.648.098.009.029.950,727.362.617.771.965,6.644.524.692.275.370,5.615.181.153.507.320,1,0
17.483.862.726.041.200,7.901.313.737.261.080,11.942.186.781.254.300,374.028.520.334.983,0,0
5.025.660.764.634.420,21.778.080.176.756.800,36.011.919.467.340.000,19.334.680.881.042.600,1,0
3.986.630.277.723.130,6.770.378.148.820.100,6.320.049.637.224.200,15.198.732.083.359.300,2,0
1.463.739.921.622.490,8.032.121.232.440.930,10.047.351.182.917.600,5.091.061.785.663.760,0,0
36.753.442.229.153.100,5.618.769.562.415.130,7.686.145.713.154.820,9.358.745.874.223.070,3,1
6.817.230.938.549.350,7.408.832.067.219.850,335.205.667.833.084,320.434.751.969.668,1,0
25.811.906.949.486.900,6.618.603.122.150.050,14.177.507.699.758.500,5.162.282.228.206.310,0,0
13.516.628.915.482.200,3.555.297.971.520.070,14.479.394.129.912.500,5.881.700.586.638.420,0,0
9.631.151.115.891.730,8.088.585.390.335.650,3.788.106.559.721.200,33.827.087.684.178.300,0,0
54.952.953.589.501.600,294.701.369.885.528,5.629.085.390.684.330,18.718.194.692.033.000,5,0
96.582.216.115.322,5.712.129.177.515.170,-3.623.517.200.376.860,6.330.634.718.017.270,0,0
432.497.878.330.132,7.453.977.391.415.390,4.830.496.964.679.410,18.831.791.138.690.300,5,1
31.181.613.308.525.900,3.789.559.098.125.070,5.405.344.746.483.720,7.884.535.967.052.970,3,0
5.061.418.628.402.440,30.276.760.761.742.500,6.032.446.945.542.200,2.047.853.739.940.140,2,0
4.395.116.886.329.100,45.934.601.017.282.200,9.614.761.196.209.430,1.535.906.505.358.530,6,1
10.566.468.426.174.300,8.179.634.943.491.530,8.619.621.999.940.900,7.106.054.052.519.640,0,0
6.408.263.146.902.060,9.299.217.631.456.640,-662.182.536.300.071,9.989.235.277.307.940,0,0
2.160.381.825.095.990,5.450.834.128.598.900,36.884.611.087.878.100,43.326.867.545.564.500,3,0
6.195.879.548.978.290,6.614.662.053.236.510,5.609.127.263.578.010,12.082.206.315.881.800,5,0
6.502.010.923.981.530,9.032.736.222.389.140,11.375.186.729.521.500,1.136.678.358.256.580,1,0
1.520.248.531.286.480,985.468.514.129.424,33.197.240.866.125.100,724.326.098.450.453,0,0
6.134.962.711.066.810,23.207.857.786.616.500,5.586.469.252.884.340,5.126.403.789.469.330,0,0
7.807.615.860.684.390,7.089.000.062.515.820,2.013.789.111.493.170,6.289.412.839.546.660,0,0
4.598.004.237.693.200,8.237.444.619.122.990,2.081.925.220.375.090,18.878.872.176.433.700,1,0
5.816.379.550.547.570,8.570.290.283.305.770,4.199.199.437.293.880,3.963.069.414.255.460,0,0
9.948.663.171.697.670,4.151.071.768.549.320,5.500.431.135.793.850,6.476.815.833.767.820,0,0
5.778.056.099.636.660,8.933.990.229.186.680,4.100.262.242.094.570,437.872.287.909.785,0,0
6.950.352.288.585.530,43.778.147.729.961.900,5.570.671.504.744.150,8.774.718.496.068.300,4,0
9.836.789.252.634.130,2.307.345.902.070.530,5.250.809.098.405.090,6.298.666.077.759.030,0,0
23.918.010.421.592.500,2.911.964.549.966.240,2.283.165.256.652.550,611.395.950.975.971,0,0
14.224.936.868.719.600,7.722.675.568.375.050,9.081.667.147.282.010,6.853.916.173.624.770,1,0
12.138.493.942.242.800,7.552.708.602.588.680,22.289.544.787.847.900,7.243.915.127.684.370,0,0
30.327.514.756.759.500,8.275.812.174.807.020,16.666.236.697.353.900,6.991.048.361.203.920,0,0
1.010.458.110.106.460,4.276.690.858.241.690,15.485.523.946.908.400,41.964.524.972.537,3,1
692.161.341.694.132,5.960.639.311.005.950,5.248.104.555.596.160,5.503.032.704.762.990,1,1
6.229.179.813.006.260,89.652.231.235.679,-9.284.536.198.192.520,7.245.719.307.335.090,0,0
5.094.221.281.497.890,33.735.907.835.727.900,7.232.080.064.152.100,19.493.883.172.274.900,4,1
9.966.968.538.529.760,8.970.091.901.484.570,7.762.975.760.916.040,6.135.102.759.348.050,0,0
8.139.702.695.060.180,9.615.437.228.811.090,-5.552.301.217.017.980,4.367.265.119.269.950,0,0
6.152.194.382.310.100,8.072.616.493.262.500,32.146.626.692.032.400,14.261.816.806.307.400,2,0
30.625.362.078.661.100,45.963.275.435.646.000,6.730.105.209.596.100,659.587.953.756.643,7,1
62.389.583.629.163.800,2.236.025.483.236.710,3.147.254.281.009.660,1.077.079.954.908.290,1,1
5.270.414.639.116.510,9.334.551.052.498.520,8.569.475.665.811.080,19.252.967.781.142.300,1,0
4.260.833.838.903.710,3.445.965.957.269.710,6.698.525.064.376.190,15.882.523.602.386.100,0,0
13.071.037.674.019.900,16.098.443.168.737.400,4.117.920.418.207.890,5.612.696.224.635.160,0,0
8.866.042.152.404.660,5.631.643.884.539.540,10.467.582.637.356.700,4.957.127.187.539.260,1,0
4.497.846.488.213.220,9.437.741.203.448.160,8.035.682.207.208.420,18.850.879.436.204.800,1,0
19.462.251.182.076.500,3.830.290.500.322.570,5.927.087.959.548.200,4.850.582.602.857.400,0,0
3.677.593.508.772.890,23.812.484.325.399.800,3.226.829.517.650.020,10.591.704.296.529.700,1,1
414.129.752.528.927,9.384.476.404.104.070,7.526.437.705.917.150,14.791.088.419.380.900,0,0
8.275.378.955.668.740,17.108.596.685.716.200,16.621.806.651.906.900,7.115.167.130.670.840,0,0
733.614.380.561.402,11.324.345.163.981.900,8.915.111.918.121.660,6.204.650.659.181.980,1,0
7.693.048.936.413.390,5.701.872.157.998.040,3.877.224.274.454.490,34.154.723.822.019.900,3,0
11.031.264.428.647.200,8.618.438.232.948.290,11.712.106.541.296.300,44.798.874.379.735.200,0,0
41.615.399.817.976.100,4.771.098.176.939.260,903.389.883.590.651,1.565.126.355.697.120,3,1
4.813.441.516.353.230,9.945.642.566.845.240,3.802.189.669.494.720,21.586.627.285.916.300,1,0
19.192.276.823.056.600,6.791.716.995.379.920,5.227.428.895.205.430,6.028.841.989.681.420,1,0
2.598.132.087.450.340,7.407.490.721.044.770,49.484.654.458.367.500,49.165.358.183.548.800,0,0
760.289.823.122.135,9.928.321.316.819.750,3.003.958.817.990.050,7.925.231.490.653.910,0,0
13.710.970.572.899.900,4.078.942.367.801.900,17.984.840.050.924.800,49.895.645.625.628.700,1,1
53.531.013.145.259.100,28.740.253.384.548.200,59.328.991.226.443.400,2.033.977.673.161.250,1,0
2.152.018.720.172.370,55.787.918.357.788.500,3.682.413.186.545.220,41.048.940.634.886.500,3,1
12.120.774.643.893.200,3.043.075.918.208.640,37.404.107.793.552.700,2.601.938.627.789.740,1,0
2.412.014.575.995.410,8.645.750.712.015.230,9.660.387.323.352.030,41.184.476.582.080.500,1,0
9.758.737.549.100.530,14.283.430.791.767.100,152.457.001.046.056,17.498.479.355.395.800,0,0
8.015.371.118.829.890,4.495.833.529.202.620,35.003.430.293.517.800,7.271.195.858.856.250,1,1
9.595.766.443.210.330,8.368.634.222.265.920,3.548.153.691.284.290,5.214.921.703.757.020,0,0
48.785.404.392.636.200,57.231.518.563.007.600,8.797.388.004.681.200,18.965.119.857.196.000,9,0
10.973.619.867.750.300,9.992.072.989.434.400,4.575.669.296.715.130,5.460.016.883.174.150,0,0
5.479.594.889.736.920,2.868.466.456.472,5.546.915.581.597.890,18.559.750.930.744.000,1,1
4.543.773.345.599.600,2.804.550.647.600.550,531.823.269.501.458,19.138.347.948.191.100,2,1
844.357.082.739.616,1.597.494.602.339.440,6.186.938.263.478.060,6.249.444.934.899.230,0,1
9.808.258.078.424.450,1.640.635.882.653.350,2.204.113.637.416.260,4.714.738.424.977.470,0,0
4.882.411.370.217.780,2.851.865.960.100.470,5.675.281.964.467.810,19.016.815.203.370.100,1,0
15.004.866.469.398.400,7.928.400.452.735.270,5.631.218.640.449.940,586.064.351.300.838,0,0
32.467.592.689.006,9.057.567.906.364.470,12.519.627.621.878.800,9.027.947.909.384.940,0,0
7.373.570.773.877.990,9.750.871.697.076.810,260.271.600.814.698,5.997.583.787.328.130,0,0
47.601.812.936.876.600,23.228.965.409.645.200,39.385.420.172.316.300,21.752.349.599.631.800,2,0
3.758.882.851.457.690,8.812.975.456.140.910,10.625.507.685.616.600,1.150.608.299.178.510,1,0
3.944.762.785.700.350,3.282.550.892.773.370,6.098.244.516.000.860,12.696.059.791.690.000,4,1
4.594.467.684.059.860,1.128.405.445.168.840,15.604.995.425.985.700,192.340.172.443.786,0,0
7.850.165.438.370.560,8.700.249.255.201.650,7.707.380.540.510.120,4.583.352.396.821.370,0,0
8.920.846.889.402.340,6.361.056.346.436.180,8.529.568.553.693.450,5.502.401.112.316.030,0,0
9.553.346.865.039.280,1.647.308.960.810.610,-29.659.037.129.293.000,4.167.463.790.388.990,0,0
786.903.386.255.295,4.298.312.575.130.020,3.548.279.054.905.770,4.844.480.929.774.320,5,1
31.540.689.574.801.200,28.725.769.487.706.700,4.154.945.288.614.250,9.620.889.246.624.320,2,0
6.881.347.060.865.420,736.794.568.710.197,28.796.544.443.171.100,7.150.088.774.797.110,3,0
43.760.312.405.539.100,45.341.623.062.426.800,9.746.915.743.184.150,1.654.776.047.160.840,7,1
25.467.062.204.605.100,989.279.945.106.385,32.158.466.079.340.300,6.910.553.080.431.810,1,0
8.408.715.794.259.220,5.474.498.225.959.510,19.420.624.970.323.300,39.939.342.648.297.100,0,0
38.426.348.962.324.900,3.550.152.661.362.460,4.169.075.315.329.400,43.074.113.906.326.800,0,0
9.017.619.921.354.230,4.819.001.671.099.770,9.088.748.009.022.180,5.581.249.891.802.710,2,0
46.147.746.462.473.400,5.031.335.547.483.190,1.011.132.546.504.900,1.986.571.103.090.800,8,1
6.372.014.768.082.800,31.593.582.238.563.600,49.420.459.964.578.300,12.072.795.076.420.400,1,0
6.593.539.222.057.820,729.240.249.097.568,3.540.586.741.292.650,8.466.585.422.150.000,0,1
8.951.177.407.065.360,8.747.470.734.889.740,5.431.088.152.386.140,5.602.118.534.020.930,1,0
6.366.696.821.672.070,938.719.301.977.863,14.913.499.764.229.000,10.428.983.562.319.100,1,0
6.139.335.847.600.610,8.050.933.767.995.260,2.198.863.507.172.540,12.232.527.891.574.000,1,0
6.665.204.056.068.990,8.505.801.973.065.990,20.030.292.162.110.000,6.204.466.712.497.040,0,0
5.184.080.219.452.040,5.505.453.006.199.950,9.732.738.545.750.930,19.198.444.971.946.100,3,1
15.016.900.081.704.100,8.258.882.264.268.140,7.196.501.403.732.200,5.311.211.576.891.210,0,0
7.374.337.687.214.850,30.350.390.914.795.200,29.598.406.559.103.100,6.050.796.117.081.660,3,0
5.122.219.208.126.740,3.984.787.621.092.140,9.533.927.592.772.570,1.881.763.144.142.440,3,1
6.802.277.792.083.530,3.169.130.138.185.440,43.138.234.691.197.300,892.241.974.228.549,1,1
4.167.290.060.238.420,46.738.733.544.792.500,64.502.549.797.961,5.560.692.626.339.660,0,0
8.479.201.604.580.320,28.557.961.623.863.600,4.133.107.614.081.490,3.016.416.607.330.970,0,0
7.163.233.880.626.820,9.616.114.422.544.460,42.549.164.963.066.100,6.722.638.554.422.420,0,0
7.208.433.599.867.330,31.284.462.800.566.800,8.388.129.394.002.490,42.286.109.799.638.000,0,0
712.567.277.652.586,9.804.453.811.093.980,49.442.352.117.126.400,6.098.604.538.652.960,0,0
1.210.847.523.488.740,5.268.171.660.504.130,5.887.958.066.073.050,355.470.182.523.723,0,0
9.565.013.982.994.800,57.099.078.445.176.300,-10.148.179.192.071.400,46.439.706.244.104.000,0,0
7.375.083.594.590.060,11.054.316.630.858.000,8.759.410.063.480.240,6.255.656.892.462.450,0,0
3.532.514.085.020.640,2.193.893.891.962.460,3.031.245.595.105.880,10.164.817.291.750.400,0,0
2.965.355.812.876.550,4.643.502.498.821.410,5.868.279.568.178.760,7.655.956.069.878.860,2,0
3.497.032.297.458.490,4.332.509.323.090.270,7.294.273.810.926.650,8.329.713.735.135.360,3,1
7.746.535.311.811.810,7.996.918.620.027.910,10.247.049.461.077.200,6.997.098.254.843.620,1,0
6.613.706.110.704.140,7.394.746.538.841.130,3.993.596.276.165.660,960.485.705.676.809,3,0
18.519.556.786.746.700,4.263.182.939.907.010,30.050.829.109.262.600,6.465.429.741.556.290,1,0
17.410.933.533.408.400,3.337.042.075.756.290,14.729.073.035.485.300,5.948.351.557.941.770,1,1
9.839.564.971.339.730,3.164.687.840.614.980,5.515.896.874.508.800,499.310.844.131.394,0,0
6.603.027.197.013.380,773.995.087.294.009,25.235.180.720.565.400,7.866.190.951.495.220,2,0
7.643.726.622.217.350,52.072.406.221.269.700,543.304.075.220.597,48.918.395.779.235.000,0,0
265.046.428.325.004,12.821.649.510.605.800,-12.727.465.831.864.500,7.538.788.879.387.460,0,0
2.094.496.103.091.280,795.544.391.926.648,9.122.803.179.063.640,6.385.593.628.576.000,0,0
8.217.166.747.642.730,4.771.463.759.890.490,12.569.393.697.184.100,43.828.273.203.298.500,0,0
9.678.600.348.450.300,13.088.113.855.357.500,9.819.553.107.074.240,2.181.960.496.672.360,0,0
29.544.477.747.742.000,23.556.593.459.450.100,25.507.909.696.483.800,6.638.647.575.368.060,3,0
7.692.231.478.381.330,9.325.039.530.973.820,7.023.343.697.134.650,51.124.114.347.579.900,0,0
6.246.635.688.542.630,859.502.975.624.898,18.153.374.023.205.900,11.646.630.110.717.900,2,0
3.819.396.396.528.950,7.097.850.502.239.720,4.662.430.286.631.760,1.300.035.289.664.300,5,0
2.056.872.621.955.550,4.822.252.303.373.260,32.758.954.548.294.800,6.073.528.499.185.110,0,0
12.138.641.815.940.600,52.032.362.619.138.500,1.729.247.993.105.390,6.001.869.289.336.330,1,0
6.150.129.680.388.660,9.752.445.352.839.580,5.345.190.250.422.440,1.318.763.952.509.100,0,1
774.633.780.637.788,9.657.704.438.842.870,2.659.194.978.330.350,3.544.600.507.079.300,0,0
6.439.042.535.411.300,21.526.904.578.583.400,25.768.112.925.343.000,9.984.949.420.557.770,2,0
53.030.213.324.915.800,8.111.045.663.053.180,28.585.913.794.814.000,21.630.994.770.330.500,0,1
4.195.122.343.163.620,1.972.426.661.670.160,231.548.633.914.386,5.374.633.751.671.080,0,0
9.684.887.775.943.830,2.135.374.778.839.510,-1.818.392.234.253.720,5.368.076.670.734.170,0,0
7.987.141.916.545.740,6.760.930.341.645.760,2.085.887.731.747.160,5.532.659.973.699.620,1,0
29.282.203.670.096.400,4.050.010.985.875.480,5.340.188.797.673.370,716.940.748.206.245,2,0
9.799.703.293.588.500,9.315.444.071.065.200,-3.284.789.636.524.300,26.170.369.737.458.400,0,0
6.018.815.896.363.220,8.900.973.489.600.880,14.103.245.880.361.200,13.687.269.414.315.900,1,0
5.824.226.582.072.460,51.152.564.080.949.300,955.151.324.073.011,15.642.135.344.995.200,7,1
748.073.179.429.532,9.185.215.304.431.210,14.528.841.908.184.500,6.972.945.067.744.590,0,0
8.117.697.880.901.370,9.041.136.604.795.050,7.925.723.963.462.400,5.163.927.823.416.200,0,0
6.564.786.073.315.020,15.652.921.341.574.100,16.420.903.780.745.600,776.303.786.397.733,1,0
12.809.574.636.620.000,36.663.770.009.645.600,15.465.483.747.606.400,5.444.971.369.842.540,0,0
3.382.675.059.944.980,61.912.140.004.669.600,58.900.367.701.925.800,8.252.106.213.573.180,4,0
9.280.836.403.260.490,15.939.488.477.140.200,5.142.542.941.218.210,3.784.787.422.941.400,0,0
22.461.561.184.385.100,9.680.221.720.457.380,3.725.449.861.262.560,45.041.559.546.130.100,1,0
3.721.670.238.375.130,9.147.493.287.276.600,7.051.841.407.700.620,12.168.407.540.442.200,0,0
432.076.882.944.196,16.695.017.903.446.900,20.097.947.608.715.600,18.168.693.665.067.300,1,1
43.940.498.969.445.200,12.115.546.126.098.500,11.501.839.895.508.000,1.796.711.237.516.760,1,0
6.129.395.824.945.250,854.084.828.082.653,10.509.639.171.044.900,13.559.087.294.212.500,0,0
9.430.758.377.447.070,9.094.436.640.366.310,27.746.590.426.222.500,5.473.863.999.972.640,0,0
24.069.271.183.250.400,19.362.380.979.546.000,15.300.505.009.147.700,5.621.308.032.721.200,0,0
12.150.137.630.091.800,4.162.849.285.443.540,14.929.993.895.504.200,5.708.550.836.240.970,1,0
19.747.048.985.993.700,448.851.365.652.003,27.356.801.829.711.000,2.735.632.811.650.410,1,0
8.869.249.002.092.690,59.901.104.421.356.700,11.569.759.241.949.100,51.195.054.193.965.900,1,0
645.810.812.655.206,7.173.534.374.742.490,1.119.995.583.189.950,9.136.139.515.397.640,1,0
28.590.678.923.916.000,22.675.861.740.051.500,20.721.008.022.963.600,7.679.175.127.130.500,0,0
8.159.469.389.686.170,931.490.386.918.926,32.315.705.760.106.400,4.954.815.043.064.940,0,0
861.369.996.363.436,9.084.101.072.685.690,-79.709.650.828.192,5.052.846.010.706.290,0,0
846.514.338.690.278,7.812.906.474.056.920,9.301.096.589.666.000,3.531.975.450.182.360,0,0
9.189.265.336.395.540,19.401.245.618.215.400,-7.516.425.452.523.940,6.019.149.187.372.100,0,0
25.224.102.017.336.100,3.270.067.684.961.020,3.507.762.824.510.940,6.324.184.877.160.670,1,0
7.550.419.287.462.780,6.279.587.353.429.070,3.846.147.213.620.650,6.137.213.644.464.830,6,1
46.053.949.727.414,27.519.021.177.347.500,506.544.789.988.098,18.063.433.789.886.300,1,1
8.419.985.528.900.610,9.095.866.950.537.770,24.665.837.206.334.800,42.696.386.115.774.900,0,0
7.284.906.771.616.130,6.338.894.618.324.410,39.962.890.907.051.500,6.326.177.067.968.060,1,0
7.764.474.464.997.240,719.067.173.164.456,-365.681.083.297.697,4.634.037.433.799.920,0,0
6.561.618.376.810.710,909.005.588.835.703,6.536.728.364.246.410,986.633.134.978.719,1,0
17.742.876.946.970.600,9.577.666.581.762.220,25.786.991.549.694.200,2.921.620.176.740.960,0,0
54.502.691.889.693.800,7.771.241.839.172.540,1.146.913.531.772.170,1.806.641.916.122.010,0,0
9.846.697.395.245.080,5.323.602.348.613.140,5.682.759.478.837.560,6.796.872.370.198.610,0,0
9.373.880.664.971.180,30.336.428.221.417.000,47.382.538.154.595.100,5.440.537.508.583.490,0,0
4.317.373.579.701.160,39.283.907.648.140.200,9.178.120.723.096.270,5.167.234.666.339.240,0,0
16.481.481.572.943.700,17.965.121.795.534.100,6.998.055.028.526.540,7.039.734.678.072.170,1,0
13.172.877.345.456.100,57.807.210.201.241.200,19.117.752.924.410.600,2.681.070.322.497.540,2,0
7.259.799.099.852.950,9.579.793.532.488.900,-14.830.617.479.935.500,5.352.001.521.977.040,0,0
8.177.853.298.569.450,5.030.726.002.716.090,16.528.453.322.319.900,46.950.268.598.830.100,1,1
2.135.113.663.106.710,8.291.458.139.448.110,49.257.514.277.073.700,6.106.001.767.779.190,0,0
505.852.692.951.829,62.000.133.347.740.800,7.921.663.363.549.040,20.849.987.839.661.100,4,0
8.407.030.280.112,34.022.299.445.125.700,16.394.401.309.098.300,4.179.228.593.722.250,0,0
7.328.015.447.662.500,8.559.251.895.912.970,9.518.418.757.527.050,699.617.814.024.853,1,1
54.223.720.549.184.800,43.467.814.831.647.000,9.747.751.159.358.190,18.316.637.245.915.700,5,1
5.903.476.904.587.720,1.928.396.089.422.450,2.896.544.261.295.250,16.184.973.737.923.100,0,0
5.083.605.469.162.790,19.110.562.269.114.400,30.811.276.837.069.000,18.915.024.746.090.700,1,1
29.754.845.131.882.000,7.687.641.807.211.600,2.679.721.519.167.410,6.809.003.317.754.180,1,0
5.650.219.928.590.160,2.655.875.983.073.590,4.883.058.325.163.700,16.651.671.277.550.000,3,0
6.888.853.020.500.900,767.233.394.159.223,24.847.123.826.925.000,8.575.799.633.418.840,1,0
8.733.229.158.608.070,2.058.873.107.665.990,915.477.014.764.102,44.913.347.354.244.100,0,0
63.629.135.397.924.800,3.216.863.687.013.090,4.994.918.354.305.190,10.883.160.921.797.000,2,1
761.121.537.043.158,4.654.869.724.396.990,42.982.574.122.152.800,600.281.471.986.747,3,0
160.071.634.954.573,9.431.958.496.934.500,-26.178.565.873.084.700,5.591.702.182.357.770,0,0
4.615.574.744.197.890,9.317.314.247.538.240,10.164.275.685.688.500,19.818.541.061.564,1,0
9.331.619.827.093.290,2.068.718.754.222.870,22.638.175.570.837.900,5.211.213.523.682.170,0,0
24.667.886.452.162.300,3.582.190.412.430.720,39.903.736.148.187.800,5.187.960.560.584.020,0,1
7.264.617.151.130.040,14.939.938.845.377.200,6.636.720.105.670.300,5.804.959.929.280.150,1,1
9.918.099.513.493.630,50.998.507.931.349.700,3.054.533.227.156.280,50.257.562.222.331.200,0,0
9.917.809.958.721.590,4.605.825.506.946.660,156.325.108.634.609,525.446.151.069.484,0,0
4.014.943.158.612.880,9.007.601.624.507.320,12.902.748.906.894.600,14.086.730.348.865.000,1,0
8.000.709.686.991.590,9.300.053.777.910.720,3.757.531.703.759.590,5.185.483.928.602.080,0,0
20.403.563.462.889.800,3.835.673.910.072.920,2.537.265.327.455.680,36.706.743.820.162.100,0,0
5.550.849.493.022.860,49.173.794.301.898.900,9.442.352.032.066.170,1.855.581.891.598.520,5,1
7.330.712.960.296.740,8.962.362.491.461.330,10.860.073.382.858.800,6.173.083.443.091.470,1,0
615.985.450.260.179,8.067.078.077.450.610,2.592.475.911.132.690,13.657.329.255.665.500,0,0
18.802.473.461.541.600,3.656.311.344.649.270,24.882.775.255.355.900,5.115.672.824.929.950,0,0
35.538.456.868.573.900,3.200.595.641.835.820,5.102.256.255.010.380,8.533.387.619.223.990,1,0
7.837.917.844.853.970,4.217.742.419.361.250,3.030.135.646.820.030,4.908.999.531.537.390,2,1
5.542.265.141.320.160,2.297.162.836.832.310,414.785.299.476.992,17.749.146.402.008.900,2,1
5.229.613.542.912.730,19.957.161.589.593.800,3.027.074.356.256.820,5.742.975.811.772.650,0,0
7.609.907.600.280.930,37.784.506.595.679.600,9.870.964.459.549.140,342.742.603.404.325,1,0
3.531.135.494.023.900,6.433.697.250.697.600,2.155.239.383.926.420,50.414.864.973.534.700,0,0
7.457.337.827.312.320,26.251.029.048.316.500,25.695.278.880.685.300,6.246.239.341.960.000,0,0
2.024.805.601.652.370,5.234.717.843.131.300,-1.233.193.518.728.200,45.179.653.463.749.100,0,0
9.580.734.801.193.800,23.097.931.052.806.300,3.409.740.193.089.800,5.075.044.555.067.040,0,0
3.679.407.513.020.840,8.019.139.528.361.260,28.662.518.995.967.100,1.064.479.201.496.560,0,0
3.269.316.163.380.790,8.514.891.816.465.460,8.463.121.740.601.030,7.625.310.178.975.480,1,0
14.888.805.033.244.400,4.830.662.451.933.020,20.725.363.150.163.300,4.623.138.096.141.330,0,1
30.560.421.549.021.400,41.607.067.040.868.600,5.540.711.058.463.410,6.556.550.085.770.630,2,1
8.766.507.618.282.000,9.778.536.935.017.810,-11.280.758.499.928.500,569.607.821.409.378,0,0
9.963.343.376.272.470,2.005.646.595.880.690,26.550.213.666.950.900,42.651.152.223.580.600,0,0
3.683.095.305.068.480,21.535.928.285.460.800,3.260.493.976.838.600,10.399.494.405.272.400,1,1
44.861.063.095.454.200,29.186.717.703.639.900,55.898.695.021.750.400,19.912.473.599.757.300,6,0
722.070.938.202.737,17.275.731.828.108.700,14.772.327.552.433.800,7.234.884.700.881.450,1,1
8.861.957.804.650.740,3.793.655.982.041.860,1.326.480.872.160.530,3.147.144.316.304.830,1,0
59.304.433.418.678.400,9.108.342.269.897.530,10.887.791.510.464.500,13.964.977.747.727.200,0,0
3.915.256.981.778.290,61.534.784.062.857.400,6.982.790.331.256.850,13.571.238.860.992.900,4,1
41.262.184.084.862.300,4.119.465.486.122.630,8.582.677.593.202.560,15.563.769.881.006.600,3,0
6.956.181.464.968.060,9.344.107.945.712.140,6.744.300.628.375.140,5.723.344.200.648.570,0,0
32.182.636.042.786.800,4.846.423.247.582.230,1.542.263.203.212.010,6.158.631.117.780.140,0,0
6.195.893.374.598.400,21.027.617.790.186.100,2.686.769.575.574.070,13.162.515.554.668.300,2,0
3.554.930.104.413.570,565.888.605.101.759,7.157.972.041.365.190,10.761.957.609.941.100,1,0
7.941.973.312.770.840,6.155.526.231.931.790,2.815.630.674.945.890,6.554.715.613.777.510,0,0
9.299.063.982.313.210,39.557.506.562.613.100,-37.115.681.416.689.200,5.456.082.299.477.900,0,0
5.882.022.669.483.900,4.030.387.579.071.320,7.560.907.528.345.000,15.614.777.972.817.500,6,1
4.809.728.898.861.230,6.491.539.648.308.720,7.357.899.971.308.450,2.128.859.881.581.480,2,1
6.423.255.259.052.270,6.980.705.464.034.010,4.910.720.649.212.920,11.549.077.204.801.400,2,1
6.485.359.448.296.830,63.813.990.251.626.900,5.427.666.510.833.240,4.159.652.269.405.650,0,1
5.799.837.874.281.310,3.205.632.243.609.240,5.867.130.758.715.520,16.526.843.412.442.800,1,1
5.614.845.879.595.230,9.352.012.359.790.950,9.648.524.112.523.570,16.752.309.614.566.100,1,0
5.606.600.944.161.700,4.271.124.464.193.340,8.800.237.293.924.920,17.983.411.831.243.000,5,1
6.034.876.665.964.540,12.875.443.736.805.500,14.557.735.537.130.900,14.257.394.404.883.800,0,0
6.764.679.372.263.620,9.476.236.585.206.670,12.032.838.732.939.200,6.777.896.616.791.270,2,0
8.049.889.996.807.690,4.751.708.660.226.280,341.870.673.627.284,5.021.447.316.856.050,1,0
26.982.072.012.821.400,31.725.917.435.686.700,3.704.376.271.382.360,6.325.952.875.676.850,3,0
825.049.410.180.062,7.663.040.711.189.000,1.450.670.579.418.210,4.639.878.425.982.900,0,0
4.982.556.822.634.530,4.979.485.925.822.630,9.699.447.415.678.430,20.312.428.132.689.000,8,1
7.705.827.913.433.110,31.003.402.401.245.000,3.140.818.697.959.480,5.807.855.575.285.640,1,0
585.509.292.439.792,8.119.677.423.908.010,-7.280.250.735.667.030,4.970.286.737.569.830,0,0
3.342.383.186.960.600,867.152.151.001.122,17.157.174.150.404.000,9.021.569.747.898.400,0,0
7.848.969.771.114.670,673.008.166.288.677,2.329.769.717.193.080,6.642.595.862.865.360,0,0
7.076.809.347.409.150,46.964.422.407.667.200,7.299.185.193.695.540,7.209.019.610.728.460,0,0
7.886.149.646.724.060,56.632.288.016.653.200,32.120.299.148.160.800,5.433.786.345.190.560,0,0
5.172.690.564.416.090,7.632.949.119.972.810,4.116.759.310.167.390,18.819.914.668.026.400,2,0
4.401.989.979.554.900,13.650.301.208.358.200,19.140.801.496.593.300,18.215.022.815.401.100,3,1
14.745.252.670.628.300,22.867.075.138.460.300,9.178.701.365.433.720,5.360.153.611.179.380,1,0
3.281.927.536.093.110,8.824.951.050.681.360,8.620.700.258.134.990,9.712.379.517.332.920,0,0
4.340.193.661.738.750,20.121.721.853.074.000,7.380.903.756.568.690,17.112.714.677.020.600,0,0
8.860.042.967.961.720,752.727.137.825.976,3.508.204.064.521.300,31.869.022.117.421.600,0,0
22.061.195.271.121.100,4.737.732.925.144.220,3.690.053.301.743.700,3.602.633.384.614.780,2,1
5.982.252.940.637.380,44.677.215.883.960.600,8.761.473.176.836.490,149.950.856.681.357,3,1
7.356.631.142.391.890,7.096.532.494.887.170,47.109.378.471.292.600,5.363.315.127.260.130,0,0
9.983.475.113.929.490,8.193.982.309.664.920,-4.549.776.983.590.820,5.436.828.457.481.620,0,0
9.331.133.313.435.570,3.598.249.006.365.660,9.273.612.743.781.660,511.549.938.566.723,0,1
6.425.651.995.351.910,5.407.656.313.005.420,7.339.666.754.558.850,10.262.450.467.194.400,5,1
421.248.053.294.072,6.773.006.863.356.590,6.131.663.678.969.910,15.904.314.936.053.000,6,1
63.617.736.470.823.200,7.026.295.764.379.150,4.913.886.449.557.160,10.069.429.124.699.500,3,1
7.856.516.180.802.310,9.559.800.588.260.720,884.340.350.786.731,5.237.874.282.089.960,0,0
11.833.619.092.338.700,5.313.399.532.366.090,17.807.628.072.968.400,4.425.809.641.461.420,0,0
4.099.048.896.962.880,3.997.195.509.744.270,810.967.524.432.072,14.623.830.876.260.000,6,1
8.398.022.856.356.170,9.537.036.264.917.070,3.394.163.031.842.770,47.229.940.929.569.800,0,0
383.832.951.933.044,6.421.102.350.255.210,6.241.115.131.243.330,12.412.645.479.239.000,2,0
5.718.722.712.271.860,2.981.503.562.765.550,5.668.139.017.355.600,1.750.784.395.373.130,2,0
5.877.693.608.621.980,12.646.424.540.357.100,15.786.008.240.848.500,15.075.202.736.876.100,1,1
18.447.625.313.363.900,8.425.545.014.651.810,7.610.220.298.842.380,6.127.044.322.328.190,0,0
3.622.354.416.522.880,3.621.816.027.941.510,6.255.903.429.585.920,12.345.043.321.123.400,4,0
33.451.128.874.193.200,6.604.697.213.644.310,5.260.693.782.481.600,9.669.120.160.999.970,4,1
26.196.708.532.064.700,4.708.164.193.658.980,5.045.503.413.110.230,5.534.668.688.215.560,0,0
24.191.763.891.355.200,19.892.977.979.503.800,20.765.049.104.891.600,5.327.014.187.680.230,0,0
8.316.970.436.757.730,6.016.866.086.204.650,18.528.487.939.732.000,5.926.590.042.374.290,1,0
2.730.708.099.728.120,6.068.306.895.068.230,37.468.857.769.698.500,6.231.847.591.920.050,0,0
5.180.787.662.388.150,41.334.245.987.119.200,948.415.038.427.486,2.074.143.061.704.920,6,1
29.872.557.358.877.300,54.661.493.966.367.100,5.960.808.303.681.820,7.592.885.749.011.370,3,1
9.406.792.451.153.400,43.604.697.411.857.900,8.323.272.149.413.930,4.641.069.726.977.240,1,0
25.929.675.886.577.300,7.486.721.752.509.900,28.063.977.516.729.300,67.237.596.486.977,2,0
4.296.568.127.389.350,8.279.249.545.453.120,20.428.775.521.854.200,16.803.808.464.030.900,1,0
8.727.302.504.846.010,771.243.074.033.178,369.267.874.203.408,4.908.299.495.003.840,0,0
8.419.335.667.918.080,3.881.294.781.180.210,6.762.340.785.961.170,4.567.175.580.950.970,0,1
18.610.141.784.627.700,1.941.287.704.459.720,919.953.146.223.786,5.274.783.836.420.180,0,0
8.026.433.097.957.100,5.366.075.092.637.740,30.568.762.847.904.100,6.150.340.115.498.060,4,0
4.581.868.867.378.920,9.348.220.404.438.010,5.609.150.688.453.900,19.633.366.266.238.800,0,0
4.829.688.720.853.550,8.349.567.750.521.160,25.853.400.876.121.200,20.137.419.230.405.300,0,0
13.347.997.241.594.300,8.425.345.083.518.010,5.936.476.348.559.520,5.617.798.875.728.630,0,0
8.060.151.375.712.460,3.032.081.937.596.740,3.553.823.435.482.970,6.273.969.678.834.720,0,0
7.279.393.069.737.650,4.294.478.970.787.020,4.866.135.637.111.870,5.966.572.815.618.860,1,1
49.646.115.235.529.900,47.070.594.731.593.700,9.791.102.219.483.700,18.875.190.354.553.300,8,1
4.368.507.026.151.790,15.737.158.334.991.000,22.698.782.402.354.200,18.589.564.077.061.200,2,0
7.295.082.286.523.960,31.068.130.244.456.300,-4.416.429.355.958.480,554.740.426.320.423,0,0
7.655.128.989.911.090,9.469.028.994.605.160,7.168.286.951.869,4.751.503.059.886.750,0,0
15.890.816.766.935.300,2.407.125.856.635.060,1.282.693.618.050.220,324.844.194.369.811,0,0
6.102.251.494.776.410,2.399.489.037.236.310,35.801.495.974.174.200,1.374.211.736.192.710,3,0
13.535.408.227.768.500,8.337.905.376.875.950,15.179.188.282.664.000,33.979.901.053.162.500,0,0
7.513.750.860.290.450,9.285.077.519.437.780,416.326.095.134.987,4.886.463.604.068.900,0,0
6.569.551.562.671.390,579.737.114.939.772,6.554.623.770.554.550,9.964.976.760.079.610,10,1
956.614.621.083.458,6.670.368.571.253.530,38.776.934.301.608.000,5.722.366.537.685.830,0,0
6.895.801.635.642.110,9.115.768.872.630.520,3.688.900.114.578.660,4.349.681.192.197.420,0,0
5.705.472.115.125.430,3.456.201.689.007.890,11.228.702.648.490.100,48.666.701.492.966.700,1,0
28.218.707.469.320.000,6.215.073.111.380.840,4.879.146.888.057.180,552.664.190.202.272,5,1
26.170.568.373.590.500,3.879.945.472.888.740,624.765.434.089.599,5.328.681.645.388.040,0,0
24.697.879.907.199.900,18.677.252.823.112.900,1.428.753.566.569.220,5.877.045.495.982.250,1,0
9.062.545.805.210.360,8.312.458.050.899.420,-12.809.300.551.237.800,4.502.263.825.220.830,0,0
2.495.461.998.495.060,7.667.683.563.383.350,1.863.154.000.949.850,5.407.397.537.692.740,0,0
271.949.726.128.631,3.506.426.914.571.460,42.409.010.578.761.500,464.901.116.561.802,4,0
7.593.982.624.179.630,37.681.062.777.421.200,31.897.763.276.410.600,665.171.160.199.163,1,0
44.973.984.245.054,5.335.544.335.535.790,9.744.730.792.542.200,1.873.026.747.040.060,9,1
7.767.105.569.551.810,2.410.046.851.345.490,8.660.101.130.492.480,6.119.059.111.272.720,0,0
6.536.615.756.438.520,24.124.433.603.802.700,7.268.755.320.496.080,6.291.611.194.555.360,0,0
4.875.711.936.733.840,20.823.180.860.821.400,38.679.060.168.834.000,19.059.376.978.384.200,5,0
33.613.600.183.282.600,25.048.294.674.976.300,36.832.582.828.447.700,4.641.889.168.667.800,0,0
6.265.320.345.535.450,8.059.058.425.334.410,5.745.879.955.147.490,31.062.192.130.172.300,0,0
9.064.374.533.444.100,27.967.385.654.644.300,47.599.853.087.575.500,8.144.304.463.004.200,0,0
13.924.537.111.759.500,19.152.132.205.014.800,8.370.355.765.061.530,48.728.045.937.003.600,0,0
5.324.206.822.752.170,5.042.634.607.930.310,10.063.546.002.639.400,20.270.759.477.614.700,8,1
4.110.956.026.007.060,8.656.450.363.727.310,17.902.971.829.890.600,13.865.022.709.812.200,4,1
3.473.433.262.588.420,24.134.970.383.749.900,36.330.573.610.798.900,10.674.278.639.204.300,0,0
8.998.333.456.872.720,7.853.624.279.279.860,-14.462.220.382.927.000,6.862.656.464.863.070,0,0
218.233.967.754.895,3.564.047.358.496.640,3.872.660.193.597.660,4.939.881.789.905.780,2,0
6.637.896.861.755.890,7.476.518.245.649.770,3.350.761.488.665.410,7.911.492.713.214.780,0,1
9.633.944.342.135.500,5.506.905.446.947.940,35.230.668.744.318.100,48.615.295.805.690.500,0,0
56.016.818.346.184.100,8.167.933.695.743.470,27.941.385.836.259.400,15.289.637.244.167.500,0,0
9.368.224.620.330.910,959.592.147.609.234,-4.499.951.279.035.450,4.963.191.304.196.510,0,0
5.225.787.928.602.370,7.926.624.767.516.170,5.938.055.546.360.290,5.821.632.221.369.300,0,0
4.187.933.190.741.610,6.038.030.788.437.530,806.232.462.202.574,15.751.050.827.231.300,5,1
26.015.779.096.205.100,4.933.415.880.523.800,4.713.164.367.780.810,5.561.075.602.023.220,3,0
7.308.209.649.807.290,4.006.908.634.826.660,11.478.227.308.658.700,6.572.690.829.258.080,0,0
9.812.970.904.972.460,9.843.219.788.140.410,-4.092.479.539.886.370,5.604.164.787.304.110,0,0
2.565.300.624.442.470,38.348.112.257.504.200,4.228.990.994.372.580,4.114.367.771.078.720,1,1
6.541.746.014.740.740,15.222.821.391.686.600,18.026.023.412.524.100,9.659.035.971.339.900,1,0
19.809.763.275.974.000,6.667.088.553.964.560,2.049.489.829.854.210,7.593.347.852.677.000,0,1
5.653.302.545.716.090,28.428.828.909.545.900,5.045.570.512.683.590,15.782.452.300.334.500,2,0
4.639.324.866.883.360,5.857.782.709.310.470,9.171.238.947.804.680,18.969.984.845.485.500,5,1
972.005.329.631.537,5.867.679.078.445.910,3.452.211.832.249.560,6.941.964.037.949.630,0,0
6.085.272.726.964.660,44.572.982.090.286.900,8.336.975.194.702.620,14.428.165.555.848.700,5,1
34.950.637.208.681.800,8.361.186.155.450.420,18.725.666.886.934.400,9.320.406.660.139.400,2,0
11.409.578.488.793.300,26.496.706.155.544.300,8.728.504.332.475.600,5.214.891.056.868.030,0,1
15.124.682.873.493.400,4.486.325.916.177.340,23.728.787.157.872.000,5.032.161.624.516.180,1,0
2.253.169.299.512.350,5.376.921.285.909.710,34.466.200.943.006.100,459.683.216.604.196,0,0
250.966.661.340.298,6.636.247.207.672.990,27.226.268.837.006.200,5.600.891.413.445.770,0,0
8.506.160.578.411.370,7.839.718.505.055.890,614.774.651.247.473,4.752.145.696.590.160,0,0
5.612.227.882.825.240,39.480.728.287.825.600,8.850.074.317.300.580,17.549.286.416.839.500,3,1
5.233.909.113.743.660,646.046.944.096.596,8.214.075.642.050.670,18.846.827.865.263.900,1,1
11.476.887.186.921.700,15.061.095.306.851.900,8.895.055.464.665.540,373.236.767.903.275,0,0
860.139.693.349.435,9.326.481.005.424.780,1.325.343.478.142.020,4.981.610.952.803.690,0,0
7.228.143.032.084.830,38.305.880.642.100.300,39.969.283.576.846.300,7.968.367.388.811.570,3,1
6.766.836.190.000.150,7.295.214.219.764.380,-20.248.746.662.244.500,50.835.132.486.643.200,0,0
7.078.350.972.297.680,20.341.081.882.177.600,1.442.728.551.686.320,6.398.678.562.783.790,0,0
54.353.821.734.264.600,205.187.142.904.807,3.235.747.481.173.340,19.397.697.203.215.600,0,0
8.172.534.574.677.820,487.082.544.323.578,1.510.467.173.083.480,484.406.281.784.618,1,0
45.830.064.152.865.600,8.782.524.677.323.460,18.966.014.254.820.600,206.189.893.001.915,1,0
48.469.628.713.004.600,5.272.551.499.506.770,9.946.833.440.744.690,1.982.145.922.984.070,5,1
16.577.454.016.327.500,9.298.704.822.938.790,-21.244.101.122.874.000,5.756.784.568.466.250,0,0
9.456.981.470.002.820,4.837.968.965.827.960,5.438.831.999.644.750,4.246.124.286.071.030,0,0
8.499.753.714.806.610,49.044.909.673.594.900,22.368.909.760.141.700,5.535.929.915.507.710,0,0
6.690.223.373.291.080,11.974.678.850.053.100,13.571.733.873.066.300,8.870.376.357.482.150,0,0
4.622.955.610.006.070,8.026.562.441.522.190,3.243.722.325.181.180,18.914.287.279.600.900,0,1
4.117.655.415.845.080,2.469.654.124.670.620,37.648.918.920.768.200,14.661.552.665.828.900,2,1
6.509.734.671.509.540,899.612.489.372.315,12.169.800.541.381.900,916.093.743.663.397,1,0
54.543.186.940.690.500,910.824.220.330.396,13.096.193.321.424.600,1.881.151.411.449.130,0,0
6.227.310.588.188.560,9.433.101.118.741.490,-24.304.197.351.530.400,5.629.975.313.440.240,0,0
5.125.026.487.703.310,52.023.048.910.309,9.694.254.421.246.510,19.756.056.994.518.100,4,1
8.064.036.172.328.390,6.770.937.847.836.440,2.296.243.071.217.740,542.449.632.314.594,2,1
45.923.987.759.695.800,7.785.158.800.616.630,3.643.906.214.078.080,18.766.394.768.925.900,0,0
5.195.657.755.426.840,1.310.146.186.504.650,6.250.351.625.954.840,5.099.182.191.911.620,0,0
786.278.199.384.033,6.009.571.949.974.970,3.310.871.389.106.730,5.048.702.521.656.710,2,0
2.013.637.821.359.740,34.297.901.303.311.600,7.202.587.514.762.890,5.191.550.385.480.550,0,0
25.862.083.488.803.800,4.975.660.833.887.250,48.238.761.488.270.200,8.512.569.766.748.430,0,1
1.647.063.534.322.950,1.548.426.816.202.270,572.313.620.060.352,536.594.460.493.226,0,0
3.302.150.648.714.970,1.829.229.259.620.840,1.766.296.801.930.160,9.194.432.240.401.410,0,0
756.751.505.688.635,3.650.475.666.926.010,3.219.766.536.613.850,5.993.451.443.530.490,1,0
5.193.858.595.039.370,43.243.716.671.650.300,9.611.531.440.329.040,1.945.795.614.958.710,4,1
20.488.127.415.071.200,62.317.242.453.218.700,3.038.598.318.212.170,6.486.673.371.559.180,1,0
8.778.300.781.520.400,7.442.841.843.851.560,35.564.864.451.713.000,47.207.539.580.840.000,0,0
8.795.818.549.515.290,5.036.917.612.374.440,21.056.016.305.999.800,6.066.207.300.564.100,1,0
8.705.784.250.460.060,18.262.513.025.310.100,3.475.904.097.341.790,468.142.604.820.746,0,0
2.387.962.113.815.390,57.397.517.503.174.100,448.250.591.642.685,45.349.664.798.664.400,5,0
4.512.393.441.809.880,6.374.046.122.611.830,7.396.258.487.809.770,18.684.110.333.464.300,3,1
9.849.896.561.408.750,5.567.092.565.528.530,20.392.647.994.828.800,38.954.487.186.257.800,0,0
7.720.124.763.099.900,7.382.955.104.783.070,14.221.322.652.876.800,5.906.663.989.834.810,1,0
2.716.742.122.555.980,3.356.092.442.409.010,3.023.752.284.821.710,3.806.050.907.740.940,2,1
65.204.591.260.492.000,765.106.591.633.131,23.989.342.877.301.500,46.821.695.396.612.800,1,0
4.639.313.768.123.320,4.327.670.817.081.930,9.455.973.038.357.030,1.762.361.771.660.270,3,1
9.092.202.058.615.600,4.841.844.983.225.960,1.302.158.587.558.900,7.827.632.127.225.720,0,0
53.870.179.795.271.400,6.481.021.272.610.710,7.103.068.995.404.130,17.263.703.300.971.700,0,1
49.781.250.803.429.000,1.835.838.399.922.390,4.325.282.981.569.260,20.006.225.328.863.000,0,0
10.547.369.995.663.000,6.539.942.214.202.480,9.509.500.500.058.220,6.149.558.487.906.210,1,0
656.780.104.724.294,61.858.514.907.211.500,5.636.315.490.083,10.425.160.883.865.500,3,0
8.221.031.606.002.250,30.984.711.675.327.900,14.454.426.777.616.200,5.935.129.567.289.620,1,1
3.804.200.075.075.620,8.579.428.489.948.940,7.482.326.692.817.840,12.020.882.746.223.100,1,0
7.756.118.509.253.270,9.093.544.991.304.110,9.078.645.270.568.190,6.687.290.506.505.490,0,0
9.644.766.539.008.110,9.232.237.469.852.280,12.928.869.845.152.900,5.913.701.109.514.540,0,0
20.376.645.912.768.900,6.892.793.212.258.370,23.322.767.562.023.300,5.398.735.976.838.360,0,1
5.233.296.311.947.410,12.710.261.377.074.000,1.296.930.576.854.690,19.837.881.289.251.800,1,0
28.713.795.808.457.500,3.567.231.693.089.060,47.494.701.236.147.800,6.252.729.968.126.610,4,1
7.928.544.190.338.390,59.248.299.390.159.600,34.663.147.929.049.200,42.962.951.983.544.700,1,0
5.775.933.658.811.570,8.355.717.050.906.480,1.670.363.753.749.120,1.733.791.214.351.130,1,0
6.345.824.175.503.030,4.366.092.871.300.850,3.788.450.782.391.220,12.376.566.975.307.200,0,0
7.979.141.596.158.940,23.663.313.147.000.800,15.343.503.312.594.500,42.932.475.937.660.100,0,0
3.959.704.726.624.540,8.897.489.902.953.800,1.501.323.880.541.010,13.577.766.322.921.700,1,0
9.150.900.684.070.430,9.165.550.183.816.480,-14.643.080.221.491.800,4.859.297.287.754.120,0,0
53.302.886.724.614,2.013.991.027.938.870,31.446.076.606.560.200,19.171.078.234.571.200,2,0
157.954.822.835.348,9.590.241.759.729.650,-12.860.965.887.106.600,5.107.504.376.017.610,0,0
6.958.991.181.688.020,6.134.018.465.221.710,5.303.648.167.442.930,8.148.555.268.051.510,1,0
7.932.613.504.382.540,26.167.136.663.750.600,20.370.663.404.110.300,44.562.884.897.500.600,1,0
3.167.616.770.675.260,6.699.109.439.584.760,3.994.489.227.541.550,6.952.579.790.442.130,0,0
857.179.256.998.753,28.191.340.447.222.100,42.584.397.737.393.200,6.262.075.816.652.280,0,0
9.061.432.547.657.660,24.474.507.963.692.700,32.890.276.974.437.700,45.412.834.856.350.700,0,0
27.690.448.737.780.800,8.814.858.195.889.100,6.161.984.602.708.780,4.982.380.899.046.410,0,0
983.521.472.715.222,4.159.136.542.975.090,738.103.902.581.758,4.514.995.759.397.800,1,0
14.071.152.804.875.800,720.333.369.165.993,13.621.969.455.440.300,46.935.507.687.712.200,0,0
20.201.566.840.248.900,9.182.850.353.799.570,6.253.765.332.499.910,673.194.903.794.767,0,0
18.422.483.923.802.600,4.080.404.616.028.160,2.192.143.923.014.700,6.027.351.335.518.940,1,1
8.939.897.100.078.700,19.127.737.103.739.700,2.966.416.344.658.600,6.153.908.550.645.350,0,0
6.542.925.523.249.610,5.171.179.308.569.190,7.645.896.920.200.330,10.381.880.086.231.900,1,0
15.210.428.322.227.200,9.080.836.870.598.540,28.719.392.783.705.400,5.981.556.065.097.550,1,0
44.032.341.836.834.800,8.043.744.141.377.000,2.682.123.100.678.420,16.865.241.751.326.700,3,0
61.529.802.506.980.200,6.582.984.336.315.370,940.108.962.169.669,12.517.956.324.314.100,0,0
834.640.849.893.833,6.925.728.000.775.810,50.466.450.570.265.000,4.012.646.453.465.720,0,0
8.824.163.684.073.380,5.718.975.224.589.530,20.450.862.435.341.300,479.952.304.004.431,0,0
8.036.035.354.415.350,9.074.631.763.464.250,860.010.925.109.365,5.833.568.181.185.340,0,0
5.052.067.735.766.380,12.248.141.685.029.700,1.864.506.590.401.970,20.114.264.191.129.900,0,0
9.671.266.152.591.700,5.340.361.132.046.560,1.052.669.195.941.160,6.311.754.837.844.610,0,0
4.177.609.792.750.990,8.794.626.935.118.920,15.385.786.264.491.100,14.554.771.761.777.400,0,0
9.841.103.190.364.970,410.023.786.741.743,7.124.343.302.176.580,5.500.360.521.576.860,0,0
6.679.199.988.036.270,4.819.949.177.328.670,7.444.426.247.939.920,7.414.372.734.419.790,5,1
63.467.127.325.394.100,7.046.067.766.695.820,8.678.498.327.929.550,1.115.128.538.174.520,1,0
165.954.895.295.785,27.814.364.044.891.000,12.632.238.063.267.900,5.796.961.157.464.980,1,0
881.927.758.304.644,3.245.066.491.689.470,5.874.489.135.749.390,47.956.971.999.209.000,0,0
4.274.896.879.206.150,9.451.224.487.448.860,7.618.359.757.607.610,17.083.555.065.442.100,0,0
16.223.340.578.247.900,28.266.736.054.115.900,1.578.236.869.672.180,40.902.411.155.279.400,0,0
1.260.751.997.575.900,460.868.735.269.652,7.873.023.673.825.330,3.336.414.188.168.130,3,0
55.975.568.363.838.200,6.713.044.235.642.790,6.778.200.434.498.740,18.104.425.129.861.600,1,1
52.739.962.212.267.600,1.621.833.724.078.770,2.216.657.131.245.190,2.119.139.244.797.670,1,0
7.193.536.223.691.580,4.864.423.871.418.740,4.874.540.261.033.940,5.356.853.953.363.270,4,1
8.902.580.530.178.020,7.385.390.394.759.070,5.830.930.418.954.070,6.229.588.691.954.250,0,0
79.406.584.643.029.500,866.855.213.027.066,11.243.166.858.783.500,50.455.850.428.397.800,0,0
7.314.964.903.403.620,6.262.592.746.624.260,4.099.197.859.325.370,46.932.379.862.519.900,2,0
18.741.194.409.758.200,6.690.535.153.169.470,22.481.421.012.203.400,3.981.817.551.002.450,1,0
858.177.053.157.164,12.628.347.258.456.800,9.467.445.526.575.270,504.034.836.690.841,0,0
8.190.635.138.616.560,9.457.764.972.463.470,2.707.177.470.542.890,4.687.900.963.363.120,0,1
5.407.937.549.855.440,13.257.407.748.448.200,17.466.718.118.929.900,17.489.503.430.518.500,1,0
7.102.427.986.233.110,7.746.729.371.817.980,2.163.395.235.833.750,49.513.030.759.947.900,0,0
3.143.501.131.837.480,26.481.632.177.831.800,3.292.892.528.028.200,6.830.439.724.916.520,2,0
47.116.789.893.281.400,9.335.931.437.012.510,6.953.093.129.979.460,19.583.120.860.529.000,1,1
8.216.368.977.104.710,7.199.595.393.694.790,15.348.807.659.781.200,5.078.653.624.420.760,1,0
4.592.651.971.732.130,7.538.137.129.783.680,4.513.173.787.767.530,18.304.495.765.350.400,2,1
3.577.982.653.254.410,21.905.917.305.988.300,29.585.904.579.128.200,10.659.347.488.053.900,3,1
49.421.244.725.029.900,4.430.399.766.351.600,9.735.801.035.436.630,21.014.925.919.870.400,4,1
8.282.492.524.372.180,6.178.131.945.892.860,231.649.089.793.561,5.462.735.728.085.770,1,0
33.520.804.737.087.200,7.699.736.182.066.000,23.319.701.193.253.000,8.737.007.327.386.140,3,0
1.737.615.931.357.430,10.395.937.591.238.900,5.632.287.055.832.220,6.001.347.819.125.270,0,0
7.120.140.203.307.800,9.623.653.164.545.280,19.263.411.830.175.300,5.625.099.854.964.520,1,0
8.259.782.127.080.810,890.220.670.554.556,6.616.136.893.845.000,48.489.806.743.198.600,0,0
10.063.747.852.353.300,27.034.859.049.558.400,3.731.465.734.532.150,4.804.073.858.960.170,0,1
2.398.741.127.559.440,822.760.243.032.332,12.972.411.569.090.700,4.272.089.297.165.520,1,0
1.419.719.897.609.930,51.832.392.303.982.300,19.391.164.427.852.700,46.048.208.841.498.500,0,1
3.479.414.115.821.660,4.618.064.815.620.180,68.500.250.717.690.400,7.645.751.610.253.250,1,1
45.035.097.890.541.200,3.144.341.058.114.050,6.448.383.248.319.440,201.728.006.399.902,3,0
7.488.263.369.633.060,58.096.858.663.159.200,38.172.055.457.788.300,47.412.176.514.264.600,3,0
6.511.475.848.816.740,7.298.891.177.035.970,39.241.487.526.492.500,11.372.475.922.845.300,2,0
62.092.856.747.843.100,4.109.329.049.627.580,7.614.600.887.212.760,12.258.151.843.928.100,4,1
3.523.749.466.096.540,6.292.191.930.082.920,6.446.491.216.889.050,1.060.983.753.433.780,5,1
84.144.755.308.476,6.993.129.211.553.030,1.951.706.992.589.120,45.553.012.654.532.500,1,0
47.128.716.739.816.400,7.111.218.170.152.850,5.260.230.665.124.780,19.602.180.296.785.700,2,0
9.791.049.380.151.540,5.196.609.813.118.020,30.407.585.911.636.300,5.650.645.114.791.060,0,0
6.341.421.382.957.360,8.597.478.056.850.660,15.010.587.627.344.600,11.764.892.600.111.000,1,0
12.626.474.156.450.200,4.582.533.147.650.470,18.372.739.079.692.100,5.788.673.591.209.580,0,1
676.177.562.075.434,26.241.608.169.621.400,341.492.375.529.059,7.809.258.828.949.000,2,1
325.104.015.431.699,24.176.450.747.968.100,2.858.586.486.367.050,776.952.636.453.486,3,0
6.863.271.966.860.970,48.301.411.284.395.000,63.237.025.813.132.500,6.049.469.581.887.560,4,1
6.964.114.816.240.570,8.868.315.394.689.590,-18.280.332.639.893.000,5.524.645.717.350.560,0,0
1.748.814.371.759.590,3.783.475.816.826.460,251.371.938.218.827,6.158.376.290.394.120,0,0
8.557.372.589.057.860,7.497.257.467.835.430,1.080.643.164.880.720,664.278.043.974.654,1,0
2.271.795.570.235.140,968.187.309.872.186,7.923.154.019.895.410,5.668.119.255.916.170,0,1
83.704.112.524.294,4.760.567.021.510.610,23.068.603.641.764.800,4.284.732.001.515.820,3,0
27.927.608.845.441.000,9.916.861.403.927.350,6.786.502.959.597.320,46.156.194.252.617.200,0,0
6.428.819.100.587.070,770.437.802.792.337,27.820.436.544.871.600,11.446.470.745.444.200,1,1
694.150.573.509.831,210.528.488.440.613,22.978.527.471.718.300,5.481.791.948.217.740,1,0
51.265.475.314.505.200,5.014.414.736.979.100,9.667.804.999.812.710,1.953.976.841.556.500,4,0
30.531.067.669.673.100,23.362.476.364.856.600,31.192.921.009.214.200,7.030.024.883.990.960,2,0
21.264.437.637.109.600,4.095.609.272.625.090,28.238.382.411.621.800,5.172.110.869.600.290,1,1
3.318.935.456.242.620,7.800.840.237.349.640,32.822.558.241.980.600,5.036.080.691.988.610,1,0
3.039.464.012.407.230,7.712.248.152.904.030,2.936.028.702.012.670,7.333.185.914.880.680,1,0
653.162.790.531.283,22.810.037.790.238.500,31.398.535.101.678.200,7.226.464.397.974.230,1,0
9.383.048.184.484.820,9.222.233.181.548.600,15.026.965.008.692.400,50.156.662.123.654.400,0,0
871.204.482.263.052,5.925.681.827.648.260,13.143.600.291.488.500,27.856.986.559.317.000,0,0
7.660.647.765.353.020,37.992.429.096.201.400,3.032.375.452.826.280,6.167.625.503.536.170,3,0
7.884.473.432.532.980,5.019.355.807.808.600,3.765.313.722.406,46.789.663.264.105.600,1,1
6.649.849.034.759.950,6.050.712.534.377.430,6.650.517.312.847.590,6.689.023.408.173.820,4,0
260.286.857.566.003,5.598.905.318.457.850,4.530.460.256.501.910,5.033.630.242.848.030,3,1
9.071.950.307.058.290,4.864.050.355.361.780,9.139.617.151.608.060,4.433.688.410.919.580,1,0
670.732.311.905.834,5.049.328.040.894.000,6.206.784.781.799.800,9.683.046.902.661.940,2,1
5.604.406.309.804.390,17.641.191.042.788.600,22.864.586.581.677.000,1.769.248.921.941.540,0,0
11.098.946.921.348.100,8.127.329.043.046.790,4.100.706.014.709.700,5.352.207.765.567.020,0,0
4.470.555.438.064.250,54.176.031.994.101.500,9.927.208.060.228.370,19.219.563.997.275.700,6,1
4.603.582.712.019.260,13.107.986.170.470.300,19.909.563.870.955.400,1.877.036.969.923.630,1,0
8.645.636.095.226.690,7.661.571.015.827.770,8.748.230.805.583.400,5.773.689.126.096.740,1,0
5.466.482.201.877.880,9.324.439.783.773.500,8.196.467.742.353.290,19.137.469.866.058.400,0,1
3.804.005.489.704.090,947.306.899.236.962,5.107.890.435.965.740,11.049.934.230.964.000,0,0
9.768.003.285.106.590,36.901.773.241.117.200,8.923.627.798.559.070,6.473.157.156.676.430,0,0
11.072.059.332.631.500,13.551.687.356.075.400,3.460.838.827.071.780,35.873.802.408.792.900,0,0
4.225.484.283.119.440,51.839.962.663.306.500,8.607.621.915.341.180,17.030.336.745.004.000,6,0
4.202.467.517.140.520,11.260.922.934.922.000,-9.071.196.267.602.580,34.833.453.852.445.100,0,0
7.399.041.207.669.300,9.339.874.185.126.170,2.050.146.016.622.290,6.445.197.650.619.080,0,0
9.180.765.521.991.500,18.357.962.735.514.500,15.793.268.503.988.500,6.864.317.126.965.790,0,0
28.003.732.955.048.900,25.276.585.995.116.400,27.128.572.791.929.000,6.121.941.365.576.360,0,1
8.583.416.767.991.200,40.663.652.688.497.000,17.690.805.379.313.100,4.768.063.505.998.710,0,1
29.221.823.046.189.700,3.831.644.685.591.250,4.891.919.611.584.670,7.342.630.882.024.190,2,0
9.107.701.616.439.150,794.662.892.397.889,8.039.205.609.064.980,46.738.553.131.651.900,1,0
753.961.903.596.784,45.631.682.055.096.200,4.151.289.173.191.760,7.414.715.367.527.150,1,0
8.049.067.768.414.380,1.707.682.600.033.360,13.662.563.787.102.800,5.335.844.916.556.480,2,0
180.065.556.004.545,2.672.098.954.860.740,7.698.545.940.470.480,46.799.658.164.334.000,0,0
962.810.357.074.026,509.113.385.187.522,7.134.504.298.256.970,4.460.049.391.344.370,0,0
7.266.709.920.703.230,14.745.391.742.613.400,10.282.717.291.335.000,5.216.248.335.827.660,1,0
3.047.510.953.861.330,6.116.556.756.460.140,5.350.367.840.864.020,6.602.115.404.914.400,5,0
829.394.664.858.847,5.657.473.065.511.450,2.574.091.730.543.400,4.715.399.806.332.290,2,1
28.152.119.841.492.900,7.147.023.163.822.570,3.224.906.987.573.290,5.891.419.211.428.230,0,0
872.753.839.566.128,9.377.046.153.793.670,-6.536.906.133.500.090,43.562.435.449.516.500,0,0
11.258.039.041.193.700,9.122.545.611.011.550,-1.538.273.650.720.640,7.107.098.613.981.410,0,0
7.036.859.774.607.950,9.460.756.180.688.310,12.458.969.312.833.600,5.854.383.810.951.820,2,0
54.069.847.664.491.000,24.471.559.702.370.000,4.192.112.953.059.030,18.954.408.440.063.500,1,1
9.653.447.019.544.080,13.156.530.663.935.400,4.493.068.436.785.390,5.596.898.973.834.970,0,0
24.189.382.825.883.800,3.022.767.004.964.480,21.852.800.320.041.500,6.166.500.236.148.760,2,0
1.240.403.627.731.470,8.950.851.727.663.140,-11.113.079.543.525.000,494.149.606.238.975,0,0
46.876.796.546.450.500,9.720.534.746.234.880,5.713.873.539.996.760,19.045.271.217.768.400,0,0
30.126.526.076.000.000,859.324.951.070.476,13.571.082.692.015.200,7.533.435.902.923.120,1,0
5.983.574.842.977.580,1.100.177.211.275.430,50.716.178.526.942.100,14.513.903.472.386.000,0,0
2.972.378.077.086.170,9.474.279.980.597.930,5.396.613.974.770.610,6.661.232.567.902.710,0,1
2.999.191.115.069.840,423.358.027.350.786,5.288.716.996.918.850,546.486.854.868.907,4,0
7.431.931.987.316.030,9.310.290.762.353.670,33.271.846.019.138.700,5.311.581.107.558.080,0,0
4.814.283.597.835.340,4.423.937.407.481.930,43.655.552.855.623.900,385.400.253.660.556,0,0
9.028.949.951.919.870,4.606.916.967.546.750,-15.659.974.986.772.500,43.373.202.867.576.600,0,0
8.522.638.743.911.810,54.387.792.116.111.700,1.987.596.316.663.120,5.063.528.265.931.680,0,0
6.678.046.832.264.060,33.855.402.743.705.100,4.761.678.825.352.760,9.028.508.440.038.810,3,1
5.932.215.701.073.840,47.343.493.359.404.800,8.749.193.378.769.600,1.649.415.162.695.620,5,0
8.923.024.981.396.520,613.170.360.743.117,8.864.766.821.494.260,44.694.196.492.689.800,0,0
18.533.017.952.871.400,8.688.010.958.178.200,-20.178.158.466.770.600,588.078.598.499.743,0,0
7.896.916.219.082.860,6.619.015.764.719.280,10.913.045.852.808.300,5.308.082.232.659.910,0,0
2.395.101.699.095.380,4.340.488.684.781.800,3.666.502.156.012.240,6.800.240.472.130.180,0,0
7.945.782.787.001.900,819.427.853.670.365,8.904.738.586.617.860,5.772.007.894.610.340,1,0
34.670.266.726.483.300,9.055.821.375.731.320,3.112.789.724.229.260,3.991.816.536.729.120,0,0
58.280.683.508.348.900,11.975.996.643.219.700,13.217.197.545.464.500,1.392.313.888.827.180,1,0
9.954.375.161.913.090,5.319.329.775.527.910,2.115.946.395.466.380,5.311.331.850.251.850,0,0
8.556.960.938.375.390,28.451.195.974.244.400,12.188.931.576.136.900,4.498.387.032.368.630,2,0
5.214.456.890.435.890,4.706.119.787.694.740,11.006.066.873.373.400,18.678.683.921.313.000,0,0
6.364.090.928.664.230,6.685.466.951.139.850,29.800.562.364.551.300,37.335.223.312.151.600,0,0
8.313.735.143.857.090,8.627.707.774.592.250,44.412.186.275.211.500,5.222.867.141.563.120,0,1
5.989.785.081.772.100,16.290.265.447.739.400,1.617.871.545.406.320,15.698.599.270.756.600,0,0
11.493.299.705.956.600,8.124.136.576.239.000,344.635.764.214.787,4.600.370.515.617.440,0,0
938.572.848.233.562,8.533.957.335.369.410,27.728.439.342.529.500,5.594.198.624.679.870,0,0
9.096.268.194.365.920,9.143.404.426.664.830,-11.280.074.024.742.800,4.901.141.558.827.610,0,0
6.692.002.629.380.780,26.528.508.908.605.200,33.745.571.930.624.600,7.295.099.120.551.220,0,0
8.292.867.993.167.550,9.039.530.651.898.890,-8.709.550.396.658.970,5.801.119.682.763.440,0,0
8.789.789.002.822.670,3.206.627.547.364.320,11.341.112.540.081.800,39.167.186.973.415.200,0,0
5.717.723.520.483.220,5.523.380.134.555.020,9.377.471.573.777.990,16.615.614.483.070.500,4,0
5.174.463.517.550.410,5.050.747.083.228.210,467.965.900.914.178,1.943.192.649.398.340,0,0
43.042.741.032.099.000,4.388.108.836.874.360,5.119.395.699.220.180,17.668.716.828.155.100,0,0
3.169.465.877.911.190,7.203.732.127.322.020,37.354.602.778.101.200,6.750.270.601.050.370,1,0
43.459.596.085.871.100,444.479.977.977.791,9.484.660.334.474.760,175.024.955.026.892,5,1
7.738.796.557.301.560,25.629.237.536.921.700,14.157.019.292.446.600,45.127.912.810.640.700,0,0
6.019.234.310.151.310,1.904.134.960.249.100,25.996.907.809.328.300,13.411.883.176.084.100,1,0
892.523.289.954.846,669.953.490.859.218,1.100.662.643.998.870,13.715.669.143.314.400,0,0
4.433.800.143.791.870,4.015.440.253.398.720,39.361.694.806.858.700,1.987.053.456.872.230,0,0
607.089.578.718.754,8.058.911.691.968.540,19.471.616.721.909.900,14.004.570.505.308.000,0,0
63.130.755.309.198.800,7.924.960.612.992.880,10.320.987.909.717.900,10.566.871.535.125.200,1,0
5.916.971.623.063.250,19.148.961.490.811.900,3.195.223.734.536.280,13.726.923.069.766.000,3,0
7.026.337.730.855.160,3.862.363.952.990.890,5.126.397.019.656.350,6.429.547.479.338.070,1,0
2.374.334.683.748.060,4.848.587.397.161.030,3.902.739.715.178.500,6.194.466.516.347.670,2,0
5.123.637.775.457.900,3.549.951.158.139.410,7.520.108.700.995.100,17.993.704.846.941.400,4,0
10.422.480.280.834.700,32.071.216.498.429.300,14.753.870.339.067.500,4.864.368.639.344.830,1,1
3.845.113.276.448.120,9.639.160.120.731.880,847.427.884.819.306,14.470.243.023.750.600,0,0
4.876.670.686.212.640,6.415.796.812.433.940,7.960.870.438.985.350,1.875.241.044.620.330,5,1
6.522.242.595.454.720,2.343.295.536.738.820,5.447.121.829.645.960,9.789.212.551.876.340,0,0
9.505.310.525.862.030,4.301.759.084.443.130,5.457.547.914.746.400,7.203.896.594.864.210,1,0
6.006.510.665.483.550,8.750.086.997.439.700,14.588.375.219.053.400,14.670.878.587.497.800,0,0
7.435.939.161.765.590,30.145.618.641.066.700,28.865.111.112.442.900,5.897.862.935.360.680,3,0
50.626.605.949.520.200,9.455.634.477.438.820,14.454.192.939.153.600,20.477.217.715.227.700,0,0
6.341.040.313.763.310,7.583.847.715.899.170,3.919.547.941.253.590,1.070.259.354.221.950,2,0
7.093.221.613.377.340,6.060.138.319.360.810,12.056.066.860.022.900,6.301.139.380.390.210,1,0
25.439.158.084.184.600,5.703.125.078.265.030,39.968.533.793.161.900,5.335.493.747.290.660,0,0
36.185.309.320.513.800,5.357.655.960.740.790,7.195.670.466.402.540,8.817.456.135.350.300,0,0
47.249.335.500.651.300,14.049.900.979.551.700,21.902.053.843.827.900,1.905.183.492.909.540,1,0
4.564.874.550.238.370,6.225.493.962.131.130,8.134.273.472.467.270,4.033.759.110.680.760,0,1
14.002.409.755.331.700,20.782.384.145.883.500,4.921.676.245.037.010,4.741.833.114.969.380,0,0
2.768.143.077.913.050,5.040.700.797.484.240,6.238.339.472.523.530,5.983.828.596.190.580,2,1
9.715.326.909.010.500,54.488.168.602.939.300,22.226.429.192.776.800,619.764.602.928.811,0,0
33.134.700.710.305.000,2.835.071.902.709.390,3.575.809.623.667.130,9.313.065.572.145.180,0,0
4.820.410.581.120.820,9.484.251.555.414.920,8.766.115.334.529.770,20.023.312.752.760.700,0,0
19.609.771.273.839.200,8.424.641.068.355.750,13.627.214.058.068.200,514.516.758.481.544,1,0
6.107.800.710.757.680,7.223.735.076.327.980,4.372.205.041.816.020,12.062.025.816.392.900,2,0
28.068.321.551.597.400,77.993.866.409.409.000,5.119.383.328.118.280,4.172.817.218.939.020,0,0
20.699.257.843.842.600,10.613.001.930.901.900,8.149.545.905.394.980,5.318.186.262.593.190,0,0
5.165.726.284.459.790,4.927.813.458.649.550,9.953.879.533.639.000,2.059.006.012.356.180,1,1
5.505.799.160.420.820,16.071.334.919.098.500,11.209.915.553.255.500,4.891.739.620.402.540,0,0
7.664.032.649.225.320,978.265.463.529.474,19.738.297.355.360.700,4.465.227.440.270.790,0,0
21.906.880.910.185.700,15.852.023.402.740.900,9.497.676.359.239.450,5.754.446.448.845.270,1,0
3.672.136.250.082.110,48.746.783.546.397.300,9.914.787.428.087.630,49.169.955.345.742.200,1,0
10.802.575.413.069.100,3.641.210.568.415.050,15.507.268.135.508.900,6.692.658.652.927.340,0,1
3.388.606.493.387.510,63.938.642.145.409.700,5.761.903.407.207.410,10.327.683.163.086.400,2,1
8.025.856.795.798.120,1.290.364.088.894.240,6.575.500.389.266.820,6.113.654.149.588.210,1,0
57.204.864.336.930.000,4.303.164.280.423.900,8.884.040.428.300.000,17.328.709.614.265.300,4,0
5.126.677.259.564.160,27.470.503.280.714.300,54.382.638.487.286,1.858.996.066.796.030,3,0
29.348.882.320.812.100,8.877.515.246.716.880,9.124.827.137.613.510,7.441.380.916.178.010,0,0
9.317.537.194.328.160,4.058.571.213.469.500,6.935.945.242.765.980,5.377.669.408.769.330,0,0
3.970.150.412.371.910,9.137.274.940.064.590,13.898.351.730.808.800,14.432.894.316.615.400,1,0
870.927.667.957.715,8.329.941.385.530.000,7.516.536.618.484.710,5.495.587.291.415.620,0,0
6.170.665.161.178.010,29.757.071.644.081.500,459.606.561.590.889,13.012.388.763.503.400,1,0
1.138.383.934.766.010,7.892.906.546.771.040,5.476.964.441.283.110,7.709.535.579.807.500,1,0
3.452.231.428.016.920,3.121.356.033.874.750,2.686.615.697.786.840,9.451.706.039.659.060,0,0
5.074.119.387.178.080,9.668.655.502.933.930,5.620.200.212.543.280,20.895.191.290.932.300,0,0
8.742.225.246.851.750,5.265.949.425.897.890,1.842.283.659.180.560,45.426.593.852.200.500,0,0
4.935.465.803.401.180,30.328.102.606.544.500,636.242.283.763.607,2.075.943.911.312.270,4,0
7.022.587.660.316.640,3.625.832.125.946.770,4.702.326.176.196.320,7.879.187.598.760.360,0,0
9.928.168.389.990.700,6.640.535.346.049.730,-5.281.953.741.015.200,5.364.505.926.260.540,0,0
13.148.911.989.798.100,9.893.495.140.420.390,-19.771.937.672.506.000,6.686.121.247.236.110,0,0
2.747.315.255.195.190,39.291.945.150.692.400,6.424.311.891.529.660,5.301.925.150.957.070,0,0
3.945.760.755.976.460,6.549.071.231.478.590,5.625.451.869.700.010,1.311.774.962.600.400,4,1
4.218.281.785.388.310,44.273.592.770.645.800,9.248.743.908.151.650,16.263.243.009.912.900,4,1
41.102.107.526.554.500,9.489.162.181.887.150,885.827.602.172.816,1.597.729.594.543.830,1,0
9.076.110.025.565.540,24.599.974.030.679.500,9.543.590.224.144.580,51.831.300.252.329,2,0
7.140.326.444.668.560,5.320.868.239.380.110,5.508.735.243.805.640,7.803.998.713.102.870,1,0
6.079.052.140.907.030,482.356.208.582.753,7.993.518.355.524.110,1.271.852.403.302.500,6,1
3.093.727.178.627.820,7.028.664.440.501.010,39.249.864.760.643.000,6.297.260.937.641.450,6,0
8.237.903.842.212.940,6.801.023.195.242.050,6.440.826.967.801.020,5.387.472.495.591.930,1,0
955.060.511.484.989,19.378.913.002.335.400,5.101.225.283.126.030,49.232.976.983.478.800,0,0
8.211.982.825.502.260,21.456.482.009.284.900,7.957.726.558.647.370,5.629.125.674.445.720,0,0
15.651.051.914.729.000,7.381.507.548.416.890,24.653.462.840.242.900,49.726.581.516.964.100,0,0
636.401.370.183.407,18.913.869.632.674.000,22.082.398.796.909.200,1.057.670.772.603.840,0,0
51.135.381.442.100.700,57.349.176.389.097.600,5.074.227.050.684.500,49.256.948.702.463.100,0,0
25.760.722.033.372.100,2.152.438.205.009.530,20.278.275.319.509.100,5.823.650.474.610.320,0,0
5.952.470.034.777.160,8.616.249.500.839.780,-1.867.502.989.604.310,46.959.371.031.395.100,0,0
6.037.954.529.493.870,9.421.854.544.896.380,49.052.891.656.756,13.549.683.264.729.600,0,0
6.865.899.134.926.060,5.184.929.749.422.400,6.112.555.841.644.530,722.713.412.706.466,6,1
11.448.763.806.590.500,3.523.088.842.091.780,740.816.791.726.206,5.865.554.136.426.290,0,0
3.838.388.830.449.790,23.405.777.501.749.900,35.337.496.358.107.600,128.338.861.085.995,4,1
456.236.508.955.542,4.978.100.152.304.370,11.233.133.417.024.400,2.088.695.417.004.470,1,0
3.690.530.217.609.160,2.685.000.761.974.950,40.748.100.294.195.800,11.524.943.429.324.500,3,1
12.102.500.048.519.300,6.542.357.799.453.170,7.818.932.921.220.030,44.605.549.580.159.000,0,1
4.189.477.901.874.750,5.336.169.313.092.100,9.334.402.737.418.900,18.471.010.516.994.400,4,1
7.511.780.478.084.180,9.440.412.782.809.270,8.921.796.644.402.850,60.535.090.884.236,1,0
7.100.766.453.325.540,3.962.772.624.917.000,6.821.832.844.241.540,5.991.637.771.537.180,0,0
8.018.001.408.190.340,6.938.633.423.283.940,5.469.521.553.304.530,5.594.336.024.465.160,0,0
3.547.712.918.359.840,4.893.227.474.751.210,7.826.241.626.217.110,1.084.814.959.553.240,5,1
941.725.711.618.925,5.125.762.159.242.110,1.357.302.018.319.320,553.652.317.077.739,1,1
6.685.726.467.229.140,26.777.431.460.411.700,34.165.520.245.088.100,7.520.592.741.851.380,0,1
6.786.699.566.725.640,4.549.507.768.419.990,61.418.551.556.548.500,8.407.665.895.679.910,9,0
361.919.990.837.865,4.707.849.970.127.070,7.985.263.775.450.210,9.457.116.209.979.820,2,1
5.936.607.912.085.380,7.066.425.217.489.330,5.494.650.234.571.610,144.995.514.156.722,4,0
10.131.184.027.743.300,9.406.399.991.861.130,45.815.787.802.256.300,42.744.748.382.472.400,0,0
6.360.960.464.095.420,3.293.212.774.825.040,5.344.507.973.504.170,11.298.862.538.363.600,3,0
9.132.869.475.762.360,42.200.468.581.298.400,3.844.135.814.559.550,5.337.057.706.856.890,0,0
6.125.734.683.448.190,4.962.951.255.006.390,8.691.945.795.095.770,13.441.001.915.462.300,6,1
873.698.593.466.345,54.446.133.214.916.800,14.722.149.035.918.300,5.301.215.833.439.120,1,0
7.239.730.554.660.930,16.844.055.113.191.500,13.664.649.997.675.500,5.614.398.765.529.050,2,0
12.055.841.640.369.000,7.604.646.062.760.660,30.261.143.683.208.400,47.502.087.918.339.800,0,0
9.024.533.072.858.410,9.849.291.084.414.910,27.561.217.613.587.500,5.924.956.387.569.670,0,0
6.644.384.435.577.480,9.457.747.170.084.600,9.100.952.461.151.330,6.069.099.342.553.220,0,0
5.339.674.725.477.630,1.971.060.388.236.520,30.002.895.346.684.600,18.012.362.417.494.700,1,0
14.213.712.379.345.700,8.753.632.399.007.600,3.367.815.001.341.970,34.939.138.160.661.900,0,0
11.706.610.730.904.000,7.044.936.364.116.840,3.131.311.685.529.710,42.732.103.041.722.600,0,0
422.034.260.127.639,45.384.656.380.691.100,9.293.268.155.839.260,1.711.386.403.888.230,3,1
29.504.070.765.415.600,540.610.994.324.729,5.971.574.214.509.050,8.050.967.263.381.350,1,0
486.000.493.797.603,849.600.174.982.458,2.117.993.594.892.460,18.929.016.340.817.200,0,0
5.771.998.867.345.500,4.801.349.396.383.730,9.465.522.191.679.600,164.419.282.626.726,6,1
4.373.907.230.894.730,37.320.736.910.512.600,7.264.213.822.265.430,6.834.883.865.399.530,0,0
12.300.329.512.374.500,4.932.474.930.259.850,15.632.122.600.793.200,5.427.610.006.781.170,0,0
5.586.423.964.504.250,5.791.298.040.350.490,8.820.658.788.567.950,1.905.186.617.140.500,8,1
34.316.735.317.265.800,18.907.765.377.834.800,21.517.148.888.800.600,10.383.887.150.559.400,2,0
729.173.487.549.448,9.009.077.302.669.900,8.471.588.531.827.180,5.175.285.142.723.790,0,0
6.522.916.485.919.390,6.741.869.488.296.130,5.011.212.613.842.740,9.514.017.066.346.720,3,0
8.456.043.629.899.060,63.326.891.733.748.800,1.682.447.414.933.220,50.729.870.071.559.100,1,0
6.924.928.266.692.250,9.949.622.618.063.810,14.379.916.190.897.600,7.456.391.546.207.850,0,0
4.299.310.773.901.480,6.041.739.381.725.910,849.363.571.327.877,17.651.231.271.868.800,4,0
6.729.666.223.944.320,12.096.066.223.849.200,9.137.633.659.628.910,8.769.479.845.772.300,0,0
27.538.117.425.541.800,7.869.767.519.539.900,7.500.924.591.989.780,3.267.461.995.778.120,1,0
3.063.134.987.782.120,5.273.108.956.423.930,62.341.503.358.967.900,5.985.821.609.207.800,3,0
7.889.851.599.207.930,402.785.534.046.495,32.459.434.483.817.700,3.043.103.753.809.120,1,1
4.464.195.164.015.820,5.888.102.701.562.230,8.782.935.269.574.970,18.169.613.136.208.900,3,1
7.983.803.405.183.520,892.221.680.572.386,7.555.989.465.493.940,5.415.396.345.303.950,1,0
8.224.223.736.682.780,4.309.830.628.472.580,26.728.770.300.109.600,5.366.154.896.374.000,1,1
8.575.623.376.612.830,174.786.715.045.158,5.206.124.769.786.220,4.066.181.683.100.580,0,0
9.166.352.358.412.070,9.871.000.859.241.160,3.714.898.660.970.290,5.676.695.194.037.970,0,0
43.098.522.051.329.600,5.611.502.124.351.740,9.061.715.275.197.320,17.537.506.022.854.800,5,1
31.886.681.832.113.800,6.874.368.609.408.670,4.313.703.129.038.350,6.653.209.122.091.350,1,0
5.821.987.465.941.130,32.541.828.068.260.700,6.372.778.112.940.700,14.233.691.761.267.000,3,1
37.117.242.343.762.700,9.473.891.477.934.410,10.149.905.882.297.300,1.154.173.778.804.000,0,0
601.074.166.800.233,9.758.708.627.835.360,5.218.060.762.315.670,1.579.201.865.314.880,0,0
7.055.858.626.438.240,2.862.590.353.831.830,31.547.524.590.072.800,8.512.361.913.288.190,0,0
6.884.050.184.921.360,4.238.081.851.735.740,5.742.069.084.052.120,8.106.107.266.427.120,6,1
3.745.528.870.201.210,649.863.921.702.575,5.904.048.484.376.620,11.099.160.693.433.600,5,1
1.668.602.016.987.520,24.697.297.686.111.200,-2.693.070.983.408.800,5.945.206.657.041.540,0,0
4.305.293.384.622.070,810.259.130.517.287,25.624.707.016.857.100,1.633.156.255.145.890,2,0
14.259.414.408.190.800,5.365.781.900.286.200,19.396.891.353.151.500,42.577.437.721.505.700,1,0
8.900.970.351.838.080,27.821.718.706.882.200,8.379.153.352.773.760,28.634.742.828.862.700,0,1
3.458.774.607.378.570,6.160.798.529.246.920,5.911.593.281.426.740,9.676.264.419.689.200,0,0
15.445.974.722.332.300,16.249.841.547.444.100,-16.538.430.881.273.000,4.408.449.976.700.210,0,0
25.447.759.905.750.800,8.950.338.588.534.360,5.575.498.580.379.630,5.096.623.549.277.360,0,0
6.458.223.862.864.840,6.860.242.239.358.910,5.299.924.114.531.840,7.880.832.556.828.610,4,1
6.369.023.174.547.430,24.990.172.163.688.900,3.753.614.470.498.690,11.046.189.330.319.900,1,0
34.060.416.658.129.100,6.560.076.494.502.950,12.603.710.150.296.400,6.779.872.377.876.070,1,0
7.171.188.884.765.100,6.906.153.123.866.360,3.479.507.922.188.020,6.089.499.604.991.000,0,0
409.628.894.895.232,5.724.077.259.677.650,9.023.016.066.387.810,15.493.115.478.092.100,1,1
3.112.174.950.633.930,404.519.524.458.235,5.425.714.981.544.500,7.246.000.511.179.100,2,1
6.771.206.397.350.090,36.361.144.919.006.300,5.426.005.140.595.250,8.687.813.195.559.940,4,0
6.057.792.494.526.900,2.168.142.759.291.080,28.087.154.104.192.000,1.259.466.847.118.370,2,0
36.459.372.819.754,6.696.112.565.375.170,5.554.417.693.584.410,11.069.662.987.163.000,5,0
2.178.925.542.549.900,9.706.680.277.938.700,3.477.781.469.216.760,6.075.274.377.271.690,0,0
9.880.359.661.555.910,17.571.524.583.682.500,9.040.302.987.578.270,1.905.811.698.909.940,0,0
4.540.016.211.961.140,5.971.166.200.155.030,8.870.065.954.980.930,18.046.944.535.895.600,8,1
6.882.742.357.802.370,4.241.850.557.459.760,6.005.076.737.074.580,7.526.329.571.396.880,5,1
14.055.296.757.836.000,44.668.872.174.466.400,1.762.712.409.307.190,482.717.577.237.978,0,0
4.855.896.996.593.970,2.541.472.801.278.140,4.515.325.991.365.770,213.021.649.931.902,3,0
27.536.719.869.465.400,825.134.875.661.419,407.076.788.645.341,38.763.121.289.197.200,0,0
50.545.511.791.044.900,4.852.556.041.472.410,9.773.030.625.211.020,1.935.653.861.895.550,3,1
9.640.174.071.177.020,5.434.058.521.982.640,9.367.016.863.059.200,30.844.476.730.898.500,1,0
38.420.671.298.580.000,30.476.091.279.732.500,56.182.689.622.421.400,14.182.812.950.444.700,0,0
38.996.012.574.911.500,18.180.846.566.694.900,-3.026.256.959.279.820,4.754.073.920.394.250,0,0
3.095.579.091.934.350,8.591.038.820.282.040,41.483.621.279.355.400,4.561.841.606.536.250,0,0
38.798.675.994.686.900,7.141.191.409.249.150,54.375.798.149.715.600,12.957.606.570.908.600,1,0
16.002.493.646.319.400,19.623.428.168.785.500,8.196.689.426.139.240,5.682.605.855.804.310,1,0
2.335.209.632.818.590,6.900.753.541.887.970,5.516.966.920.676.340,5.347.538.248.461.600,0,0
7.562.136.139.501.760,3.903.764.460.469.530,409.896.020.616.901,8.211.027.826.864.170,2,0
4.585.230.088.818.900,4.157.748.009.896.510,8.874.103.901.607.170,19.217.614.826.978.500,4,0
28.924.477.197.265.400,4.691.774.960.927.710,5.726.377.178.557.510,6.162.444.672.237.810,1,0
9.000.831.830.164.800,3.677.085.081.275.430,6.922.712.918.940.320,44.436.584.851.070.700,0,0
11.613.896.020.052.500,10.061.997.722.259.000,25.745.894.166.361.300,4.616.713.052.396.350,0,0
9.559.188.289.553.190,30.963.181.000.284.500,6.224.192.452.528.980,349.862.272.376.091,1,0
31.396.671.737.735.200,6.637.343.606.939.380,4.795.564.393.501.260,7.698.016.059.762.910,1,0
8.884.036.723.086.810,6.657.844.014.688.700,13.956.931.904.919.000,5.791.416.221.632.600,1,0
60.294.287.647.946.100,28.622.430.723.999.400,4.714.993.355.207.990,13.216.931.287.387.400,4,0
8.267.073.597.414.870,460.102.626.557.688,24.219.651.020.007.500,4.264.782.444.743.090,1,0
9.840.131.632.104.640,19.344.722.801.193.700,7.338.756.157.346.420,6.516.067.893.088.570,0,0
28.840.543.781.874.500,21.037.208.152.983.500,1.957.364.080.034.850,5.172.610.915.342.410,0,0
961.135.485.407.593,23.047.088.406.607.400,10.081.148.642.358.400,2.932.543.485.899.130,1,0
3.894.818.949.024.200,8.967.465.499.077.440,117.988.208.474.421,11.991.555.465.360.700,1,0
3.855.119.047.369.220,2.107.066.650.749.060,2.735.537.222.439.780,11.248.267.578.172.300,1,0
3.403.871.042.545.050,2.275.338.769.364.630,3.362.365.283.142.170,9.582.665.350.204.380,1,0
5.414.076.073.475.850,2.796.014.326.451.310,5.174.927.864.968.030,18.406.932.647.045.000,3,0
1.541.450.431.784.870,127.408.071.695.429,5.718.963.463.672.610,4.818.215.676.676.490,0,0
5.537.114.853.580.110,6.392.628.831.813.620,7.434.048.180.538.470,19.138.053.289.176.700,2,0
541.704.812.410.004,7.514.295.317.758.650,4.243.421.066.441.670,1.805.930.876.502.730,0,0
76.190.181.260.487,13.420.242.632.635.000,6.011.997.379.496.710,6.261.074.289.555.350,0,0
8.336.499.619.375.850,6.447.567.265.900.920,16.234.268.951.696.100,6.568.702.501.659.030,0,0
44.044.135.031.242.400,3.396.606.204.814.420,712.234.181.160.371,17.106.490.501.038.900,3,1
30.233.324.935.149.300,707.947.826.701.189,33.718.654.343.559,7.863.449.598.454.530,2,0
25.933.489.731.709.400,55.742.474.467.014.200,4.918.674.724.585.980,5.586.851.169.052.480,3,1
19.462.383.670.487.100,25.602.117.306.151.300,19.007.143.287.718.300,6.065.707.934.043.160,0,0
5.764.758.219.902.480,6.508.279.504.893.280,886.343.901.803.692,3.429.356.185.197.390,1,0
34.244.797.883.471.300,11.627.368.029.288.000,1.099.227.717.793.830,7.690.340.195.940.890,2,1
27.024.769.213.078.300,5.364.103.830.800.300,512.678.558.713.211,5.679.894.297.956.620,3,1
9.664.173.858.664.070,4.371.481.050.450.340,16.994.332.039.345.900,41.113.584.330.000.600,0,0
5.577.088.262.500.430,26.787.358.281.744.000,4.850.993.523.037.420,17.182.437.178.018.400,3,0
3.472.770.390.305.070,6.040.049.977.395.000,6.268.025.837.905.020,9.453.631.353.693.680,2,0
580.467.600.993.696,8.713.335.923.402.820,18.537.895.362.494.500,1.657.146.080.820.740,1,0
1.391.967.013.456.950,9.989.046.997.630.760,8.593.379.747.669.550,46.146.900.504.397.100,0,0
4.440.437.492.022.020,6.077.627.687.434.240,8.466.817.794.322.450,17.002.404.706.046.400,5,0
6.262.343.214.210.630,40.470.587.432.917.000,6.717.344.367.048.400,11.410.326.376.455.600,2,1
48.889.783.179.245.100,2.252.071.002.162.010,3.776.755.886.873.950,19.138.695.392.387.500,0,1
40.177.880.065.432.400,25.709.608.939.511.100,427.632.500.057.587,13.325.771.819.829.200,0,0
9.938.483.888.996.980,4.794.549.781.497.650,4.979.747.173.055.460,3.387.059.073.711.880,0,0
880.314.762.148.927,3.672.777.012.807.090,10.965.016.699.179.200,5.080.324.584.954.600,0,0
6.234.059.581.594.400,9.138.145.226.249.440,10.456.759.272.549.700,1.143.611.563.911.570,0,0
5.693.773.611.822.820,3.682.954.676.557.090,7.207.860.852.551.900,17.757.900.852.070.000,4,1
6.206.604.798.245.840,3.734.445.911.454.350,6.540.179.344.401.830,10.796.090.265.022.200,3,0
20.131.210.782.243.300,3.835.345.124.339.760,29.609.829.599.607.300,46.312.265.723.262.000,2,0
3.951.377.432.643.180,8.366.202.103.676.580,1.809.591.660.389.650,15.468.845.197.291.800,0,0
3.945.953.289.089.930,6.507.883.208.469.010,6.925.406.714.916.390,4.060.762.405.092.550,1,0
47.554.603.748.682.600,61.416.885.031.889.200,8.022.379.952.029.550,19.321.608.198.142.300,3,1
54.302.458.395.766.300,3.341.430.223.838.620,74.575.743.659.702.200,1.745.813.195.607.130,3,1
2.277.497.361.032.090,8.179.041.768.324.390,8.871.205.540.891.470,40.202.031.284.615.300,2,0
9.640.288.471.655.130,38.363.861.355.701.100,-19.873.400.585.365.200,6.547.627.514.412.400,0,0
909.454.610.937.242,8.707.971.723.381.130,3.197.164.844.499.530,5.174.471.521.389.080,0,0
7.221.432.354.559.050,5.127.498.997.939.290,5.215.882.754.930.570,6.405.779.181.680.850,3,0
5.333.866.287.653.620,3.982.502.348.634.120,8.707.563.844.390.580,17.490.553.241.630.400,4,1
8.699.691.596.476.840,4.971.672.807.176.850,19.793.396.716.478.600,5.374.731.116.260.110,1,0
13.065.234.382.346.200,667.415.530.533.831,15.683.815.884.922.300,6.173.783.280.905.750,1,0
790.509.794.274.885,1.276.542.651.789.730,41.654.523.436.961.100,6.370.001.484.036.820,0,0
1.248.208.139.668.480,8.715.518.564.582.470,25.495.535.003.984.500,568.150.181.894.693,0,0
7.942.106.625.494.050,44.673.952.531.139.200,3.227.114.954.731.010,4.068.423.907.897.340,3,0
27.576.756.825.135.600,34.296.651.970.007.800,4.623.741.802.498.200,6.527.269.513.971.430,0,1
877.090.581.018.189,1.382.455.656.340.570,6.142.919.027.264.400,567.984.003.582.637,0,0
9.440.420.938.253.970,4.394.653.743.584.420,5.357.511.705.017.150,3.206.340.793.426.910,1,0
14.879.596.940.511.500,49.632.277.128.437.800,2.169.583.148.037.560,3.910.176.477.118.000,1,1
46.267.560.506.539.300,4.036.466.944.934.770,8.650.052.239.465.110,1.987.888.327.556.570,6,1
9.809.873.781.626.850,6.786.600.938.268.970,33.162.036.489.969.500,5.876.187.817.972.080,0,0
4.834.074.359.731.460,420.896.528.759.226,884.701.860.269.139,18.246.346.782.035.500,3,0
8.635.475.225.145.450,9.614.175.778.465.730,10.300.916.703.611.200,5.815.257.504.341.500,0,0
5.887.315.221.313.190,5.992.775.178.235.910,8.555.693.620.016.560,15.214.012.030.462.700,3,1
3.753.299.079.196.010,8.074.779.356.519.080,26.994.239.796.308.200,1.267.685.086.406.120,1,0
2.857.835.555.258.700,10.935.590.310.947.800,8.912.661.473.220.650,587.775.489.760.604,0,0
20.322.309.108.608.700,3.972.912.929.459.050,3.279.711.341.718.230,5.828.640.219.323.460,1,0
7.617.981.913.776.970,3.368.477.014.471.520,33.707.384.378.233.200,6.331.134.076.242.570,0,0
3.865.405.068.230.270,5.694.823.881.365.910,7.907.291.122.790.520,1.252.921.248.851.130,2,0
5.112.754.622.007.510,8.611.135.200.614.250,21.712.908.344.059.500,19.922.702.936.157.900,1,0
4.923.254.800.011.810,7.833.821.776.200.660,824.780.320.003.146,19.307.369.657.621.800,0,0
57.727.902.923.313.100,7.257.479.804.471.070,8.047.278.688.986.160,17.779.453.430.006.300,0,0
8.655.771.456.245.520,8.503.177.081.575.980,8.553.093.800.294.990,48.985.208.454.929.800,0,0
9.807.393.435.834.290,21.285.008.603.835.700,11.697.779.268.800.400,40.781.194.204.034.200,0,0
40.758.420.857.381.600,6.687.532.544.498.130,5.734.711.185.579.090,14.070.795.350.374.100,1,1
827.518.922.106.303,5.428.781.323.608.050,2.537.780.612.571.170,5.197.042.589.670.460,0,0
7.645.277.946.547.170,8.328.935.948.872.290,10.200.183.402.592.900,6.206.859.517.903.690,0,0
57.352.895.145.557.300,12.508.890.983.640.300,19.723.958.760.380.300,15.111.140.863.572.700,1,0
9.560.471.436.119.330,12.978.296.572.261.100,1.382.346.065.311.880,6.848.116.969.814.960,0,0
2.004.745.155.284.020,55.681.836.027.830.700,30.027.556.232.085.700,5.477.697.429.902.300,0,0
1.092.642.103.096.210,9.463.786.533.583.700,43.640.023.615.965.500,5.473.713.815.501.880,1,0
8.539.619.669.554.220,41.499.775.837.075.400,19.444.256.482.469.000,49.313.517.452.287.000,1,0
4.391.498.166.337.480,32.694.210.025.469.400,6.341.209.912.662.310,174.841.124.214.627,2,1
8.469.688.542.070.600,6.066.893.231.978.850,227.252.779.472.726,4.888.184.899.520.640,3,0
8.930.902.051.954.140,930.448.600.545.031,2.010.873.618.585.470,6.024.414.080.216.350,0,0
6.245.759.361.907.140,8.369.278.328.446.230,22.190.677.525.245.200,499.311.601.628.002,0,0
8.834.647.629.860.600,9.954.836.107.332.190,12.732.886.045.021.100,5.776.667.332.856.400,0,0
44.831.905.536.942.200,2.256.858.320.237.700,2.386.637.699.589.510,17.690.960.731.367.200,0,0
5.104.324.890.042.320,11.285.814.471.276.200,1.375.490.239.193.990,20.114.234.608.139.300,1,0
62.659.251.109.321.000,60.946.776.336.662.200,70.471.757.121.070.500,10.927.371.025.715.500,1,0
9.263.826.067.300.860,8.205.764.393.338.490,22.680.300.874.315.300,6.218.219.873.634.550,0,0
1.911.609.442.976.400,28.524.434.230.676.600,6.937.973.636.240.990,41.663.955.091.921.900,0,0
4.768.434.683.178.170,23.921.108.803.421.800,4.310.241.935.249.060,19.278.195.297.252.900,2,1
6.877.220.424.305.600,7.869.757.993.812.000,2.555.879.088.112.780,7.260.612.347.384.560,1,0
7.227.069.576.982.280,5.638.185.385.323.150,4.624.373.209.891.810,5.902.298.182.584.450,1,0
692.532.431.537.108,3.693.826.475.825.850,5.400.207.191.907.290,8.072.961.146.693.320,3,0
13.443.512.940.812.100,5.058.092.225.923.290,20.000.491.181.754.900,4.702.143.455.041.390,2,0
2.993.955.883.716.810,5.603.486.743.503.230,5.781.889.411.977.760,839.952.540.298.341,2,0
3.587.155.254.170.130,7.286.151.567.927.760,405.023.252.169.536,9.710.403.807.078.350,1,1
804.437.207.679.505,3.548.457.234.306.580,21.262.270.870.873.400,5.315.100.069.167.590,1,0
27.875.987.241.455.300,6.126.843.446.746.070,477.960.425.193.548,5.522.039.934.755.730,1,0
21.070.496.386.720.300,5.853.754.227.909.560,3.194.912.644.527.760,5.649.401.586.900.620,1,0
9.574.480.190.380.960,5.476.161.006.537.470,5.601.132.023.024.410,49.844.789.168.155.000,0,0
88.632.851.134.689,6.404.832.931.422.120,7.150.994.358.629.620,484.502.468.506.552,0,0
9.978.208.556.819.780,2.594.491.710.680.760,-1.560.341.847.163.660,6.188.537.286.387.600,0,0
6.768.212.988.573.950,8.464.875.358.462.890,6.561.943.137.474.940,7.487.350.462.993.040,0,0
8.284.692.994.491.170,11.927.167.203.974.300,7.323.284.134.486.430,5.654.630.429.590.610,1,0
29.461.939.634.619.300,22.458.238.265.390.100,23.814.132.707.033.600,6.051.320.538.450.100,0,0
14.315.277.667.059.900,5.001.979.355.227.850,5.097.615.867.121.310,5.112.798.391.344.460,1,1
7.378.695.185.615.300,8.404.427.505.460.200,12.331.285.750.091.200,46.904.185.906.873.000,1,1
8.341.445.970.006.750,7.012.933.420.883.840,15.463.052.381.592.100,4.393.922.671.271.710,2,0
7.404.761.319.535.190,7.890.406.042.020.470,12.531.660.424.390.000,5.750.301.808.343.000,0,0
14.285.028.730.083.800,3.509.756.239.260.910,14.332.982.557.139.900,6.840.132.117.703.970,0,0
7.534.279.222.569.690,40.465.374.164.855.000,4.484.288.441.588.810,570.537.533.931.217,1,1
768.922.782.107.641,39.368.188.599.061.200,3.318.109.804.377.240,705.802.947.747.219,3,0
6.585.405.156.700.540,19.187.318.440.450.100,21.336.583.050.673.800,9.488.964.018.719.600,0,0
7.661.159.327.955.860,6.121.665.814.357.200,20.936.133.171.545.300,50.477.309.044.183.700,0,0
8.459.214.396.777.320,5.909.160.928.272.260,19.946.942.020.020.900,6.577.172.184.722.200,1,0
61.360.411.423.745.800,9.892.166.834.205.860,25.230.688.016.602.600,13.304.636.521.052.600,0,0
8.860.471.396.967.900,16.682.970.495.026.200,4.470.596.328.651.750,43.604.476.765.426.900,0,0
4.876.278.096.672.100,46.684.819.899.273.700,8.240.930.450.792.760,20.356.206.347.259.200,1,0
7.764.933.467.160.500,779.531.681.823.933,6.370.552.670.185.140,47.094.125.716.096.400,0,0
4.075.430.310.324.300,2.525.860.066.847.240,38.657.592.539.493.800,12.793.862.692.465.900,3,0
4.071.064.891.256.270,8.296.438.053.529.280,2.205.957.193.935.390,1.567.937.170.025.870,2,0
6.600.984.414.024.150,7.039.366.670.345.150,4.968.846.851.703.420,6.096.153.545.608.230,0,0
3.488.205.339.694.790,9.456.735.370.508.040,7.642.537.158.216.140,11.621.997.701.677.300,2,0
11.099.809.879.131.400,408.927.235.756.672,11.218.858.156.619.000,542.990.911.979.674,0,0
8.082.352.100.092.220,6.619.698.394.506.340,24.715.920.714.743.300,48.809.939.768.961.200,3,0
9.476.880.259.644.700,4.648.547.808.132.700,11.599.199.858.302.700,5.835.656.122.151.570,0,0
7.231.647.525.793.860,6.305.886.973.085.430,5.245.310.049.841.370,5.851.420.592.509.510,0,0
9.551.152.072.917.010,4.495.989.060.077.370,5.801.289.024.309.160,6.638.757.969.332.260,1,0
5.225.765.993.367.450,18.863.224.642.407.400,27.979.087.650.540.400,19.577.925.323.443.200,1,1
2.995.656.779.538.730,5.078.974.160.033.800,683.713.450.234.314,68.468.739.316.338,3,1
7.686.207.527.616.350,5.285.842.014.374.420,9.268.318.907.281.350,4.286.397.195.653.320,0,0
5.006.242.680.704.170,810.603.848.260.161,34.973.940.822.826.800,2.053.716.980.660.500,1,1
7.945.155.444.907.480,7.355.207.057.935.810,13.104.142.819.918.600,3.647.879.605.268.350,1,0
7.070.864.772.666.980,663.791.623.941.444,3.886.732.568.186.310,7.533.442.214.740.660,3,0
5.022.601.146.397.370,11.338.709.555.257.200,-8.284.859.758.701.780,5.588.442.243.235.320,0,0
7.290.183.536.790.350,720.616.290.663.715,3.028.590.594.551.150,5.586.710.968.725.020,1,0
4.028.732.826.326.370,5.003.051.563.545.140,8.807.291.631.817.560,14.497.522.788.166.800,6,0
2.952.904.940.479.430,8.940.995.361.061.590,637.237.939.802.056,8.378.479.846.210.060,0,0
23.238.432.305.604.700,9.198.709.341.305.420,2.051.980.336.367.830,6.289.749.642.031.740,0,0
2.810.044.989.087.130,5.515.659.060.178.540,8.103.354.770.020.840,5.756.482.535.169.520,0,0
8.034.827.432.968.840,8.206.415.603.544.780,12.418.814.556.570.300,4.560.833.162.605.150,2,0
9.292.280.536.318.530,3.769.739.042.267.060,35.390.832.307.381.600,41.218.239.446.685.500,1,0
40.510.269.452.756.600,36.716.962.569.502.200,7.324.058.852.446.450,15.113.076.428.651.300,0,1
9.061.110.021.324.970,5.422.999.756.210.790,12.722.088.357.816.400,4.003.794.455.103.140,1,0
321.495.701.247.882,14.810.079.862.712.700,12.790.333.451.291.200,9.132.536.363.007.430,0,0
4.764.369.863.437.910,7.463.138.125.690.760,4.365.896.838.948.690,20.912.288.439.755.800,0,1
22.602.899.781.599.900,8.354.704.172.138.570,2.995.889.422.010.510,44.726.912.711.278.900,0,0
640.476.042.175.844,16.859.904.843.403.600,16.278.849.131.913.800,1.040.665.991.053.960,0,0
9.789.811.151.748.080,5.807.968.298.534.750,22.554.122.128.152.800,50.167.773.811.272.200,0,0
6.034.930.960.433.780,7.143.875.620.372.920,5.270.136.376.969.050,14.664.270.684.039.200,2,1
3.578.140.841.135.480,9.166.431.026.939.160,14.570.984.945.835.700,12.068.031.372.537.900,0,0
6.478.174.459.905.280,7.054.966.519.346.230,4.606.850.470.913.430,834.516.331.052.906,6,0
12.292.067.846.538.700,671.779.270.254.866,15.011.999.141.335.100,46.940.795.621.654.300,2,0
8.886.590.802.653.980,3.943.411.463.506.640,12.425.644.559.433.100,47.418.529.375.804.200,1,0
5.030.839.507.798.360,12.844.255.268.014.100,4.511.594.593.662.230,18.592.198.776.555.500,0,0
4.493.497.420.396.420,12.015.925.873.562.100,17.789.001.492.152.000,17.709.095.659.989.300,0,0
5.858.647.884.535.190,53.455.454.475.603.900,915.528.223.165.554,15.802.904.237.069.800,1,0
6.247.838.627.894.020,6.751.298.858.444.190,5.631.588.962.805.220,11.607.384.555.755.300,2,1
7.177.580.622.651.300,4.174.482.838.964.620,855.217.129.205.356,34.569.424.573.774.800,0,1
6.826.172.212.234.020,7.306.790.115.283.900,36.777.546.855.392.200,10.704.991.316.516.300,2,0
24.193.168.031.552.900,52.186.229.533.217.800,4.028.016.219.189.270,5.803.094.370.524.940,0,0
7.139.526.325.065.890,74.176.195.594.312.200,35.284.126.141.532.300,6.632.535.558.913.220,0,0
8.225.347.943.841.960,19.201.625.096.794.800,5.299.628.344.614.230,3.984.703.470.842.560,0,0
8.039.585.075.525.200,8.399.982.232.439.420,7.683.245.474.276.370,5.408.566.292.720.620,0,0
5.525.009.674.078.890,7.249.127.466.244.390,4.807.241.007.680.600,17.904.650.410.792.200,2,0
52.016.989.231.075.100,894.761.987.012.495,12.131.379.560.740.800,17.809.440.477.343.700,1,1
14.287.596.133.941.100,11.755.724.912.093.600,1.145.807.416.113.150,3.955.250.886.770.980,0,0
7.753.461.504.031.350,9.902.225.346.150.730,11.404.314.641.329.000,6.133.597.430.286.890,0,0
27.140.938.044.671.400,2.094.067.139.499.330,13.647.501.761.022.100,80.440.797.510.545,1,0
49.669.542.281.794.600,1.177.987.628.664.200,5.342.815.555.154.900,20.358.977.467.836.300,1,0
2.842.740.929.275.160,9.974.229.390.535.540,6.277.889.544.254.230,7.567.075.133.280.000,0,0
13.382.836.299.969.300,28.107.388.544.511.300,10.684.840.073.692.800,4.862.633.129.331.600,0,0
6.295.576.968.917.360,6.680.194.525.125.590,615.910.413.422.592,11.393.906.480.169.200,1,0
54.332.034.822.903.800,1.766.823.141.763.050,626.284.698.313.046,6.091.708.676.913.670,0,0
7.486.452.341.262,58.022.853.219.914.100,4.493.544.424.834.330,7.344.472.639.341.410,3,1
31.758.679.526.111.600,9.040.349.864.545.590,8.797.630.755.093.460,9.142.566.165.098.280,0,0
13.469.300.448.532.000,3.201.811.674.284.380,3.005.323.089.645.740,3.933.693.202.097.820,0,0
5.111.291.392.372.290,6.702.539.760.443.590,7.178.896.735.857.470,19.840.434.850.581.200,5,0
46.851.908.527.603.100,1.879.035.887.984.160,10.973.691.076.372.400,5.278.046.023.797.890,0,0
27.616.955.782.089.900,62.479.539.871.872.500,38.354.904.992.740.000,5.965.451.911.507.830,4,0
7.069.764.874.557.160,3.364.503.518.175.100,4.337.758.079.394.580,714.921.867.985.269,3,0
6.268.962.162.186.580,2.112.082.585.879.510,-16.425.518.851.196.300,5.821.632.071.612.130,0,0
8.393.384.923.560.020,31.318.205.070.363.500,12.439.192.729.883.800,60.501.932.895.553,2,0
3.819.922.658.583.100,17.884.106.850.779.900,12.699.502.828.623.900,6.685.937.767.049.070,1,0
24.682.386.920.190.200,9.019.161.078.378.820,5.672.633.975.934.290,5.278.998.600.392.370,2,0
7.409.040.561.520.710,3.971.868.863.171.280,3.818.309.358.227.170,44.598.817.505.524.700,2,0
31.627.014.972.930.600,24.527.930.497.436.700,29.638.434.591.899.000,8.132.032.058.311.790,1,0
10.189.238.806.601.300,44.840.784.101.593.200,16.238.557.401.080.600,6.889.237.680.888.760,1,0
3.602.339.188.004.270,32.053.616.680.649.500,48.988.299.146.637.600,10.171.141.779.040.600,0,0
27.039.328.638.452.500,744.419.253.813.326,28.335.755.541.830.500,6.761.596.953.250.510,0,0
8.427.119.021.605.540,9.712.199.118.854.940,-32.451.397.987.212.500,5.737.980.109.317.730,0,0
31.334.791.758.514.300,4.380.336.566.976.460,6.801.501.967.650.190,7.819.119.104.357.710,4,1
7.889.324.717.760.070,8.610.333.999.722.400,5.671.811.078.349.880,5.237.760.563.170.740,0,0
8.918.721.448.107.340,5.658.630.735.596.190,14.330.039.111.383.700,4.083.512.979.415.300,1,1
43.381.741.957.652.900,15.723.566.509.423.300,16.122.071.990.627.500,14.768.082.995.536.700,0,0
909.943.143.854.392,6.906.227.420.813.410,7.583.746.302.444.740,3.891.513.312.437.860,2,0
3.773.180.539.631.920,51.343.449.712.582.000,8.334.896.436.545.240,11.677.198.652.076.200,6,0
9.640.784.164.901.080,6.506.065.232.521.030,48.429.973.788.912.400,6.097.738.491.472.750,0,0
8.928.952.452.557.290,889.687.412.571.665,13.001.346.456.420.200,4.900.131.688.435.980,0,0
6.870.192.665.032.420,44.043.457.065.604.600,5.894.261.818.983.330,7.090.686.355.492.790,1,0
4.938.140.404.569.280,9.011.776.232.173.550,16.760.041.080.916.600,19.080.342.424.456.900,1,0
3.876.488.054.556.470,750.669.014.281.655,39.029.554.186.556.500,1.363.658.433.761.280,2,1
6.327.118.787.486.000,48.860.492.587.798.400,8.473.152.531.367.890,1.257.623.126.201.290,5,1
7.038.570.916.343.310,6.032.221.356.579.630,5.048.663.117.459.670,7.941.355.213.424.680,1,1
43.632.696.503.090.800,3.255.811.325.190.110,18.670.973.708.893.700,560.621.916.123.716,0,0
1.669.530.887.471.980,9.835.972.997.387.740,37.903.628.346.975.500,35.829.321.093.642.300,0,0
7.130.460.506.343.180,667.351.163.050.396,3.508.521.496.588.110,6.198.890.502.736.210,1,1
6.663.854.135.782.060,438.468.524.966.299,16.093.191.380.967.600,10.705.146.424.505.900,0,0
9.660.475.051.286.770,32.662.190.574.800.800,7.839.225.312.754.210,612.223.866.085.576,0,0
761.037.790.250.783,6.233.144.337.590.570,31.764.700.460.058.800,3.959.585.781.080.460,2,0
950.772.707.731.338,563.332.777.992.398,-47.836.631.221.855.100,49.449.899.009.088.800,0,0
7.025.405.015.348.060,23.884.191.319.142.700,9.126.805.754.632.990,7.291.935.880.905.760,1,0
29.805.220.863.944.300,45.002.423.952.780.200,54.034.772.152.821.000,6.189.939.512.930.080,1,1
10.536.492.225.085.600,33.269.017.969.267,10.612.209.954.931.700,269.702.340.562.039,0,0
7.818.238.633.449.350,4.382.986.080.331.650,3.553.869.806.441.600,5.381.576.269.576.320,0,1
644.149.221.475.916,26.269.330.988.000.500,2.971.720.472.226.870,9.519.632.323.563.620,2,0
4.818.601.239.329.620,1.647.177.469.429.800,11.103.252.606.727.500,42.167.120.405.239.300,1,0
36.005.046.590.097.800,6.891.433.569.803.370,5.140.195.492.804.420,1.027.896.429.755.060,1,0
9.567.998.154.842.860,5.145.711.162.678.000,840.918.068.890.333,4.866.765.620.299.110,0,0
5.004.011.457.102.010,20.015.421.124.936.600,3.521.330.426.636.370,19.990.796.517.979.200,1,0
43.272.913.601.970.400,31.958.942.625.999.800,61.750.561.484.614.300,1.607.856.976.168.770,4,1
457.699.605.159.294,5.918.079.076.633.250,9.014.703.368.957.680,1.849.607.845.888.080,3,1
2.088.827.240.051.630,72.229.348.272.477.800,14.520.012.170.998.000,3.459.239.393.423.910,0,0
3.687.071.708.647.950,14.745.300.926.617.900,12.817.406.620.310.600,11.646.482.772.984.200,0,0
3.698.132.559.871.760,7.324.560.410.739.010,4.411.513.064.722.440,8.571.450.357.276.690,0,0
52.355.020.187.472.400,8.123.173.327.141.180,-19.728.545.192.500.200,4.711.177.900.320.210,0,0
7.675.676.285.179.180,7.524.092.332.120.090,2.145.700.167.818.960,6.337.479.799.790.480,0,0
416.504.431.903.879,7.533.129.318.792.570,36.553.204.182.726.500,14.526.048.868.329.600,2,1
8.221.798.868.164.230,716.325.343.476.028,16.043.686.733.393.000,5.800.010.809.582.200,1,0
8.503.480.011.198.950,6.693.854.236.698.690,14.265.069.027.567.700,6.188.147.650.760.070,1,0
21.199.405.469.865.800,476.991.915.378.175,3.491.544.002.946.870,19.291.887.287.532.200,2,0
6.573.534.821.701.280,6.422.781.635.071.140,6.106.682.943.078.260,9.198.064.841.318.870,2,0
4.722.818.041.629.810,3.836.155.478.797.460,5.585.886.639.333.130,16.558.930.209.914.300,0,0
880.156.737.921.485,6.214.644.226.567.840,15.491.921.907.432.700,4.892.703.391.946.520,2,0
2.157.406.791.764.540,7.778.777.055.368.770,13.985.460.069.743.000,5.256.746.513.882.580,2,0
6.778.132.003.100.440,50.035.836.038.439.000,6.689.707.515.101.530,5.604.374.967.070.740,1,1
60.775.212.225.272.200,3.575.133.284.272.360,7.400.487.290.234.940,1.531.889.748.704.310,5,1
2.953.014.775.718.320,27.742.673.480.097.900,27.561.938.115.739.000,713.193.239.027.063,0,0
13.660.090.365.117.200,6.428.020.501.620.820,18.740.114.229.415.100,41.713.220.793.422.200,1,0
6.516.397.604.772.760,6.928.011.986.299.080,4.910.741.894.024.680,11.216.209.492.100.100,5,1
7.385.974.581.323.300,8.709.675.998.625.420,7.349.088.369.901.580,4.075.148.290.294.030,0,0
31.562.734.376.335,34.233.408.246.099.000,5.280.745.278.628.670,6.512.003.204.763.420,4,1
6.448.326.040.223.130,7.697.723.073.855.850,25.432.837.856.221.400,7.955.786.408.326.070,1,0
3.951.309.076.115.030,56.135.582.418.933.700,8.158.454.903.573.110,15.456.362.715.839.200,3,0
7.132.068.832.826.170,8.828.364.906.780.790,5.443.972.934.280.400,6.877.605.237.509.270,0,0
1.992.152.748.940.530,5.278.121.082.956.200,33.200.182.108.860.400,5.822.154.663.411.080,4,0
8.902.150.026.361.740,5.176.298.283.979.670,11.509.891.948.834.700,5.308.408.178.861.970,0,0
2.874.095.964.655.790,57.787.708.144.090.900,53.989.218.615.095.600,7.139.441.471.728.670,4,0
3.677.859.877.561.520,7.493.153.551.424.340,36.395.158.159.381.900,11.337.093.495.851.900,2,1
58.091.952.080.349.700,964.690.478.828.461,-8.524.390.165.309.990,527.178.348.869.743,0,0
1.115.122.123.212.760,7.356.335.421.576.560,2.727.263.913.217.900,5.115.525.624.151.720,0,0
5.158.619.027.123.280,53.434.602.391.017.100,7.436.332.726.981.580,1.920.389.018.724.220,1,1
2.675.926.767.279.710,9.375.503.374.073.380,1.384.140.554.846.800,5.960.794.628.680.590,0,0
8.354.802.257.421.940,5.298.756.255.182.060,3.262.405.265.612.330,5.327.566.087.155.010,1,0
14.693.388.654.953.800,6.149.030.145.669.360,3.002.765.579.137.540,5.110.664.407.789.940,0,0
3.790.940.486.719.360,4.824.236.015.947.280,7.632.558.250.376.790,1.074.426.995.993.950,6,1
3.373.455.467.690.920,9.365.745.260.747.440,6.594.307.418.335.460,7.650.744.739.383.160,0,0
19.327.630.917.601.000,7.680.893.784.186.660,-15.342.863.751.228.500,6.082.985.643.032.170,0,0
12.436.839.900.051.000,7.472.246.450.885.860,1.046.236.967.798.380,47.059.527.779.807.900,1,0
4.136.426.749.186.350,311.703.321.492.812,5.944.905.385.063.940,15.915.949.919.325.500,2,0
4.928.645.844.474.460,30.623.924.522.840.000,6.370.094.022.645.520,1.886.974.303.743.840,4,1
4.042.897.472.548.690,8.378.413.809.055.180,20.301.997.572.984.100,1.301.485.160.732.590,2,0
53.093.767.841.209.300,7.235.725.774.132.660,920.847.622.311.903,18.455.454.850.734.200,1,0
5.951.316.749.056.810,8.811.051.483.565.650,13.421.785.631.576.600,143.179.590.437.881,1,1
992.382.112.783.563,2.566.616.898.959.140,21.262.493.458.442.400,4.334.951.062.538.990,0,1
46.409.515.945.350.300,59.298.474.775.549.300,9.082.706.830.771.400,20.357.567.602.640.200,4,1
9.634.992.408.875.880,9.359.941.790.017.770,1.641.811.502.771.280,5.179.847.703.523.330,0,0
5.190.322.801.295.480,6.781.225.015.366.460,68.457.097.321.592.700,2.157.971.323.485.070,4,0
6.775.422.674.589.530,4.144.298.124.670.360,6.303.491.640.612.270,8.506.222.969.034.600,7,0
3.118.638.579.168.830,6.895.342.089.054.150,4.365.815.803.188.990,5.143.056.269.944.960,1,0
7.739.913.781.527.620,3.439.796.363.163.700,297.256.988.608.368,6.407.552.855.950.050,2,0
772.921.481.876.115,27.725.841.634.918.600,22.274.840.863.312.000,3.852.395.712.093.890,3,0
52.129.604.765.413.800,9.966.832.779.346.790,8.119.584.122.572.930,19.894.219.982.390.800,1,0
9.760.138.232.792.130,7.507.902.311.797.870,686.986.025.902.099,4.225.496.148.718.270,0,0
12.555.021.476.265.300,6.447.199.773.818.170,10.772.061.610.978.500,7.156.244.606.242.470,1,0
16.947.664.889.580.900,3.552.896.432.193.180,60.700.962.248.160.800,6.439.726.511.487.870,0,0
770.158.211.757.096,4.916.082.915.504.810,3.713.741.834.723.340,46.483.298.383.905.800,0,0
8.071.555.373.648.820,3.105.687.603.515.560,-3.593.196.395.473.040,50.067.414.579.656.100,0,0
12.020.722.912.057.600,55.418.125.544.879.800,17.272.541.751.717.200,5.255.661.864.359.800,1,0
2.655.828.329.586.060,762.032.721.039.051,21.000.260.411.932.900,6.824.664.599.363.800,2,0
1.755.236.336.662.890,5.373.791.904.438.550,8.760.139.682.923.060,5.029.284.305.309.440,0,0
2.933.086.107.805.640,8.407.850.719.391.140,11.712.731.272.745.900,5.746.883.313.342.040,0,0
7.731.418.739.186.710,33.426.533.093.221.600,19.795.175.339.752.600,46.422.172.529.127.900,0,0
5.179.605.277.125.780,3.667.520.764.259.400,831.408.236.350.456,19.755.523.430.792.000,5,1
3.480.955.931.682.880,23.707.039.117.417.800,3.573.128.843.829.890,1.096.624.316.458.550,1,1
3.717.392.949.063.300,447.272.968.157.122,7.659.190.384.392.990,12.017.550.734.109.000,5,1
1.353.625.715.468.150,72.376.393.194.122.400,9.997.758.029.388.290,4.226.644.882.042.780,0,0
2.998.005.275.652.350,9.541.316.415.710.720,5.484.046.703.556.210,7.670.315.439.346.470,1,0
6.464.587.416.379.300,22.325.540.106.936.000,3.048.287.695.156.840,974.525.433.965.749,0,0
9.741.944.438.163.570,9.223.077.754.835.840,-14.038.635.719.512.100,5.890.604.481.569.040,0,0
8.470.608.269.838.990,4.258.931.550.366.810,24.559.649.105.496.500,7.563.362.250.224.550,1,0
23.594.964.645.529.100,985.524.133.255.218,-5.361.377.475.477.140,46.413.505.092.929.300,0,0
8.985.606.046.748.390,5.540.583.834.602.100,11.973.522.487.538.000,5.806.934.767.783.070,0,0
783.198.413.298.626,9.308.328.641.758.070,4.949.223.700.791.930,45.265.893.554.535.900,0,0
7.803.761.235.709.800,5.348.988.694.222.840,31.294.344.255.378.900,5.182.232.682.208.000,0,0
4.579.957.590.035.710,7.482.388.061.809.000,4.933.687.287.421.150,18.762.983.793.027.800,0,0
3.980.052.929.545.020,9.030.506.531.025.150,1.511.958.665.040.490,1.372.282.253.627.380,4,0
3.029.157.288.331.920,13.972.056.697.895.400,11.290.915.225.455.600,9.614.028.431.239.710,0,0
6.569.485.895.436.570,9.612.585.173.215.140,5.131.416.972.688.050,4.694.609.852.261.020,1,0
2.282.353.634.936.990,42.457.260.718.595.500,34.855.503.433.900.200,5.960.383.882.574.120,1,0
2.466.036.349.780.240,9.336.789.061.329.350,7.062.523.229.857.270,36.749.682.678.891.800,0,0
4.840.770.697.102.010,5.423.865.601.904.380,10.290.142.563.762.600,20.243.041.999.243.000,8,0
747.444.406.596.694,5.274.564.637.217.320,497.252.365.660.176,6.844.360.280.387.160,2,1
4.738.098.283.979.460,14.112.611.829.932.100,20.137.782.998.898.700,18.966.680.596.854.000,0,0
5.784.444.944.716.060,7.895.110.932.187.860,-6.100.381.746.357.050,24.906.306.241.331.500,0,0
9.577.898.009.882.030,8.101.400.907.454.610,-23.973.306.005.387.800,49.617.702.228.807.000,0,0
9.427.243.190.941.120,8.757.456.298.623.820,1.960.966.961.322.980,5.018.015.423.830.640,0,0
7.851.895.431.484.080,63.384.981.873.532.300,2.557.510.516.207.420,5.981.094.485.595.330,1,0
9.913.279.015.642.200,9.146.164.545.151.910,-18.088.820.800.604.900,7.010.988.954.449.890,0,0
54.448.233.280.026.200,20.865.191.315.843.100,30.191.601.185.884.900,18.206.985.089.964.100,2,0
9.627.683.502.532.060,6.652.728.362.369.100,3.506.902.477.623.560,4.144.047.447.306.430,0,0
7.560.504.061.675.070,7.869.857.670.750.940,10.607.379.074.757.500,38.349.230.927.747.200,0,0
36.568.074.826.137.100,603.755.143.837.613,7.058.255.397.498.430,1.128.393.304.315.080,3,1
22.538.126.800.676.500,16.393.172.095.320.200,7.692.892.750.614.740,5.824.868.230.705.720,0,0
19.583.308.413.427,735.953.560.515.178,18.893.955.405.697.200,4.601.270.721.128.880,0,0
1.408.029.488.926.760,3.012.312.947.939.080,11.539.936.727.508.100,5.802.363.896.456.320,0,0
62.241.364.156.599.600,4.633.910.088.046.460,7.917.764.933.755.360,12.556.163.158.084.500,4,1
781.321.855.747.305,5.994.305.420.276.210,33.540.810.119.731.800,5.330.009.046.331.840,1,0
5.782.983.994.203.600,1.712.734.106.662.390,2.988.390.901.920.660,15.137.510.126.519.400,2,1
14.696.270.958.820.900,7.416.378.186.176.200,111.544.102.501.524,45.476.253.258.067.600,0,0
8.111.237.699.334.700,30.264.034.063.681.400,17.237.230.203.001.700,2.688.862.372.974.830,1,0
6.359.547.071.637.280,6.623.718.599.127.530,5.250.404.362.913.620,1.118.861.316.134.550,1,0
3.881.657.061.269.950,15.828.305.069.937.300,19.211.601.004.985.200,13.052.489.489.834.900,1,0
674.130.295.536.063,6.881.176.592.063.500,4.468.764.456.472.050,8.482.082.345.473.990,2,0
25.990.497.924.283.200,12.818.807.281.046.100,7.478.518.864.910.460,6.344.422.038.329.030,0,0
3.451.922.084.942.100,42.535.649.626.998.300,6.413.160.520.566.070,9.911.545.582.395.470,3,0
9.174.858.431.319.900,2.472.060.737.388.760,25.403.523.364.127.200,4.892.079.090.168.030,0,0
2.905.045.056.714.200,7.483.752.494.281.820,3.108.428.349.558.590,6.720.018.729.765.100,1,1
4.699.882.681.579.360,26.203.500.450.687.400,5.302.102.976.504.850,17.935.141.018.484.300,2,1
8.901.411.373.960.140,8.817.173.063.953.960,-2.461.409.137.417.040,4.423.707.677.303.080,0,0
7.077.213.502.675.270,8.918.202.114.066.120,10.575.527.561.125.300,6.784.837.581.804.850,0,0
6.220.322.616.470.270,19.644.131.522.278.500,-6.565.641.918.113.860,42.651.794.628.578.000,0,0
14.730.304.427.897.000,6.138.459.450.077.240,2.217.425.280.717.520,5.889.996.721.968.890,1,0
7.841.590.771.916.810,8.771.764.171.996.430,1.314.224.253.491.970,43.414.503.998.640.500,0,0
6.309.217.902.291.630,3.915.370.996.016.290,7.252.529.457.236.590,11.582.643.546.510.300,2,1
44.767.342.541.041.800,7.133.217.295.012.720,4.956.859.325.396.110,1.819.738.101.957.010,1,1
13.427.485.090.227.500,6.594.232.468.499.160,15.707.468.703.730.400,5.764.968.951.011.400,2,0
9.579.341.210.567.700,6.247.006.694.066.070,5.963.413.751.237.850,5.901.210.386.463.910,1,0
5.296.597.239.456.190,2.825.408.636.624.430,57.321.701.368.187.400,20.048.557.845.893.800,5,1
24.189.329.411.288.900,378.024.949.434.402,38.850.560.867.549.900,3.430.378.644.180.310,4,0
5.006.035.711.547.070,10.294.614.470.028.600,14.133.955.587.687.400,2.119.387.492.689.730,1,0
6.796.203.327.351.070,719.022.820.433.601,3.487.779.686.019.320,9.516.123.274.204.220,2,1
7.623.921.797.356.440,5.038.887.967.912.730,12.933.388.825.159.500,45.197.667.906.983.000,0,0
274.703.815.047.892,7.087.656.323.456.540,30.569.903.634.449.100,6.422.107.823.683.730,1,0
8.069.654.908.839.930,24.894.352.479.687.200,11.387.222.130.519.900,4.244.052.279.484.610,0,1
45.966.487.040.266.100,32.443.822.863.506.600,6.389.650.268.261.970,1.687.973.965.487.790,5,0
5.465.771.420.322.940,3.342.153.372.601.140,6.459.534.430.219.130,17.719.351.598.560.300,6,1
4.328.160.022.094.690,257.424.097.472.162,41.507.998.677.614.600,16.429.408.545.896.000,1,0
4.389.994.264.300.510,3.410.478.728.306.230,8.722.178.905.780.850,4.645.605.134.072.120,1,0
16.574.977.982.015.500,8.033.045.735.180.330,8.369.338.642.316.130,4.097.326.851.913.250,0,0
44.554.163.874.189.000,8.972.984.957.497.380,11.807.586.849.694.700,17.199.346.711.600.500,0,1
20.918.546.540.792.700,51.821.831.563.592.700,37.014.706.110.730.800,5.207.573.399.318.470,3,0
4.997.902.865.967.870,4.555.016.952.192.200,5.262.187.418.059.580,4.230.373.429.454.560,0,0
8.436.496.640.518.230,30.824.618.699.370.200,17.445.563.658.826.700,5.584.421.094.906.940,0,0
9.811.925.291.641.150,8.792.043.375.853.820,3.781.462.463.247.850,568.180.129.770.092,0,0
7.931.428.739.967.390,13.010.213.425.872.700,4.099.520.857.140.070,7.584.601.702.813.010,0,0
853.784.921.704.667,9.447.500.802.102.110,-29.667.920.028.712.000,6.154.400.598.280.830,0,0
24.197.713.031.704.500,4.892.162.486.880.900,40.895.418.328.145.600,5.780.649.638.006.350,1,0
9.606.269.755.131.990,3.419.344.935.747.260,2.437.651.391.505.850,4.380.106.146.570.810,0,0
19.692.570.445.342.800,92.421.843.484.266,25.662.504.059.563.300,5.445.629.373.767.380,0,0
9.514.298.103.618.320,24.390.993.110.096.700,409.741.605.792.181,5.327.159.431.596.350,0,0
994.819.293.965.951,5.814.248.948.690.870,2.797.023.389.226.010,4.486.759.242.086.100,0,0
7.117.228.057.460.480,5.489.325.244.993.370,5.388.617.013.071.270,7.378.490.795.142.000,2,1
981.143.731.791.822,21.932.040.121.138.200,46.833.472.640.370.600,36.020.429.622.434.600,0,0
5.695.397.795.671.030,4.288.874.313.502.100,9.157.369.668.585.510,16.533.927.237.795.100,3,0
25.954.178.317.609.000,6.522.640.059.437.700,36.063.208.556.242.800,6.388.662.007.783.220,1,0
43.699.588.566.562.000,7.271.311.968.819.270,5.198.773.584.286.740,17.012.108.572.367.800,5,1
5.935.609.353.787.850,7.168.587.065.797.810,7.428.611.645.407.670,1.447.620.685.520.870,0,0
7.308.156.202.701.490,9.368.534.300.910.150,50.770.227.590.465.200,4.863.867.545.540.680,0,0
62.234.326.461.724.600,1.645.253.723.928.120,2.675.953.243.329.210,11.261.287.491.282.900,1,0
9.811.778.367.622.940,2.335.804.342.223.590,38.427.379.438.962.400,6.174.041.677.346.490,0,0
19.010.764.978.372.700,26.347.344.569.384.800,8.707.965.871.995.820,4.105.203.359.628.350,0,0
7.925.951.162.883.830,3.782.013.655.203.530,7.000.625.708.065.400,5.525.675.728.157.270,0,0
9.078.987.937.796.190,12.305.212.359.032.400,3.953.954.600.897.550,5.417.305.231.240.220,0,0
9.437.015.928.202.200,9.863.499.229.441.620,-8.206.669.354.196.300,4.052.174.422.350.900,0,0
9.601.356.044.054.470,31.521.673.737.728.600,8.443.091.896.516.560,5.073.483.173.219.720,0,0
5.214.596.387.214.710,11.530.109.033.904.900,17.399.254.549.986.700,18.748.926.819.215.600,0,0
9.773.079.079.915.030,10.699.126.117.462.300,-12.785.526.788.318.600,6.391.211.901.488.690,0,0
7.573.102.071.344.380,7.194.599.676.699.710,2.403.629.731.241.910,4.408.725.759.372.220,1,0
1.616.714.362.369.610,8.545.686.640.326.400,2.285.697.619.889.550,4.395.135.959.035.880,0,0
47.690.010.646.797,25.695.229.950.846.900,4.692.223.971.498.890,18.380.862.785.527.300,1,0
718.331.175.372.004,2.090.951.233.523.490,14.636.694.689.740.600,50.258.131.351.619.500,0,0
24.734.031.581.908.300,2.230.900.184.453.550,2.078.994.461.616.850,7.207.654.480.447.390,1,0
6.406.151.835.488.870,5.651.569.079.675.730,13.030.810.075.292.800,11.124.057.844.692.400,4,0
6.666.004.790.466.190,10.339.493.663.004.100,5.601.429.143.126.490,8.884.704.021.089.220,0,0
1.626.997.438.085.650,4.315.081.198.476.420,16.976.314.163.357.900,43.941.893.158.451.900,0,0
5.650.853.124.527.560,22.991.837.086.163.200,37.372.240.690.526.700,18.044.450.003.150.400,3,0
7.716.269.109.786.070,5.159.458.785.254.230,3.508.032.749.934.050,45.507.102.600.692.600,2,1
4.988.956.645.359.410,25.349.375.325.719.000,4.692.483.634.756.730,2.079.272.465.460.380,4,0
12.103.116.776.107.400,9.405.373.011.029.470,26.978.092.869.106.500,4.127.590.358.837.700,1,1
9.038.469.079.292.170,9.059.439.679.262.640,5.108.834.897.472.000,43.555.797.771.901.300,1,0
35.702.934.397.001.200,566.806.105.010.466,7.385.390.065.238.910,11.156.235.219.809.900,6,0
926.194.068.431.782,3.544.239.919.873.860,7.343.362.303.645.430,5.865.532.636.027.340,0,0
22.867.677.960.360.800,38.114.688.203.473.500,2.745.933.024.011.250,597.550.952.158.856,0,0
6.343.636.888.716.870,41.185.228.314.449.600,7.249.076.497.551.800,1.003.254.829.176.340,1,1
22.207.587.069.332.000,727.579.322.134.944,20.144.199.255.905.700,48.686.329.936.695.700,1,0
3.216.699.896.595.480,4.516.389.955.188.370,6.717.922.983.282.540,8.215.539.349.793.900,6,0
848.042.089.601.484,8.567.299.465.058.970,23.575.730.612.005.800,41.858.520.315.427.900,0,0
7.288.614.422.699.460,9.440.947.859.303.640,311.068.386.162.925,7.464.231.675.592.150,0,0
9.539.927.731.321.060,3.359.461.533.789.330,47.961.641.761.963.700,2.602.234.757.629.000,0,0
4.287.020.209.864.330,5.606.944.813.756.800,8.274.624.732.696.730,15.854.658.615.706.400,4,1
2.916.976.364.526.440,9.505.653.683.256.440,-25.194.205.632.492.800,44.906.638.253.157.600,0,0
480.890.146.603.009,200.469.047.766.359,2.772.020.765.649.160,16.884.651.834.604.000,0,0
6.624.340.117.010.680,4.134.657.667.101.600,6.649.099.876.461.680,7.613.845.263.647.450,7,1
11.850.262.359.815.100,20.620.271.590.177.800,3.957.757.669.096.840,5.635.658.227.237.080,0,0
28.888.493.890.916.500,8.765.604.907.887.170,8.118.832.305.604.730,6.645.666.103.269.060,1,0
39.783.662.550.215.600,15.828.625.605.909.800,1.743.788.494.861.720,1.547.430.351.094.150,0,0
9.195.310.246.560.490,45.566.082.155.309.100,11.127.956.973.861.000,6.547.486.732.096.570,0,0
9.932.550.154.229.640,6.056.992.404.598.750,8.679.713.124.631.010,5.433.124.521.194.910,0,1
4.491.129.899.561.580,6.918.639.081.608.440,1.739.968.165.709.310,5.313.715.610.693.790,0,0
761.007.923.495.392,38.306.936.972.650.600,34.733.138.087.976.200,5.563.407.784.891.290,3,1
3.717.240.664.023.430,8.690.990.687.247.280,10.463.952.666.212.200,8.933.343.789.976.820,0,0
39.245.818.622.948,56.831.915.107.792.500,8.455.101.495.516.400,12.018.524.508.404.800,2,1
7.542.649.733.470.220,4.395.077.804.475.510,4.300.648.502.556.590,5.692.536.406.334.830,3,0
9.184.264.321.454.080,6.724.063.405.203.660,-14.005.072.534.148.300,5.618.393.059.548.040,0,0
9.509.285.945.025.480,464.689.468.445.165,6.574.740.827.080.850,5.290.246.171.231.290,0,0
57.712.258.603.832.000,8.207.358.408.157.300,3.069.440.289.727.350,15.248.797.296.328.500,1,1
3.571.211.593.005.020,6.145.410.182.213.150,655.399.958.595.882,11.342.447.328.354.300,6,0
7.875.490.858.587.790,8.321.624.537.291.180,8.412.069.721.780.810,6.722.670.387.713.710,1,0
25.100.138.326.230.000,49.401.167.059.930.500,4.322.540.807.397.380,6.613.717.123.911.480,1,0
5.640.740.288.335.170,11.846.170.509.448.100,9.713.804.770.232.250,18.205.960.618.710.200,1,0
3.585.784.615.248.730,1.363.984.583.588.100,3.568.366.186.361.540,9.958.951.597.965.960,0,0
6.566.310.737.078.760,30.321.954.671.859.100,4.632.926.752.643.860,10.474.970.617.798.600,5,0
2.403.989.128.935.060,6.979.904.714.977.920,2.968.276.737.085.940,5.661.790.886.856.980,1,0
19.159.294.573.482.500,7.902.599.039.416.930,3.878.330.388.098.490,5.640.587.462.514.840,0,0
918.239.086.675.437,29.575.283.462.032.900,3.291.642.515.811.110,5.367.817.820.098.770,0,0
1.018.036.829.495.360,49.565.392.088.324.700,1.203.380.836.976.830,48.839.204.121.643.300,1,0
50.595.790.773.493.100,42.111.890.443.408.100,9.246.550.990.464.830,191.133.986.377.209,1,1
22.085.278.296.300.800,4.105.227.843.514.270,3.372.483.251.233.300,5.222.660.659.489.830,3,0
3.892.996.332.566.740,23.134.871.320.015.000,2.480.270.983.546.030,5.987.124.573.558.430,0,0
3.601.881.829.142.630,13.637.110.502.945.800,2.522.988.232.709.010,4.558.841.426.859.240,0,0
17.522.177.210.582.700,19.668.855.823.121.300,5.761.438.507.785.390,5.970.189.973.300.680,0,0
8.667.703.545.060.000,553.323.871.633.461,43.739.516.287.708.400,575.506.003.710.916,0,0
28.247.874.397.702.600,19.813.074.182.357.700,19.019.815.413.942.800,6.109.210.594.761.440,2,1
9.504.591.705.752.950,9.200.897.625.379.450,-56.976.446.073.744.100,638.938.878.644.466,0,0
5.816.222.929.891.930,6.272.584.006.359.780,7.995.068.211.955.950,1.539.482.432.725.530,1,0
4.366.141.897.687.660,31.637.540.738.768.200,6.706.350.827.139.920,18.779.606.929.880.700,3,1
5.800.888.346.694.540,9.731.447.114.269.080,8.420.579.086.287.650,16.318.620.127.658.300,1,0
51.669.838.522.626.700,19.371.705.077.629.700,21.792.244.991.551.300,19.776.458.082.541.700,0,0
7.587.762.537.573.250,3.458.285.703.095.930,36.905.584.025.210.700,4.639.381.760.846.810,1,0
28.249.606.597.285.200,3.578.411.586.415.330,4.538.454.868.810.160,6.320.418.416.887.100,2,0
3.530.503.916.003.020,845.149.606.246.054,97.439.534.207.528,9.891.654.033.798.110,0,0
8.940.943.025.332.500,839.207.953.039.459,7.118.316.017.338.910,37.480.652.758.053.800,0,0
9.464.565.131.504.050,3.199.446.014.432.470,5.270.697.829.885.200,4.783.089.007.907.290,0,0
8.925.582.274.864.740,9.401.798.347.292.410,3.928.902.456.132.000,4.202.954.687.402.980,0,0
4.194.479.939.573.130,8.920.743.510.936.200,1.754.397.335.197.100,16.430.067.520.989.300,1,0
7.803.655.030.068.810,5.355.219.160.859.630,4.283.170.036.922.310,6.600.864.630.280.470,1,0
4.763.357.333.010.980,5.435.955.749.112.920,9.762.076.849.576.770,18.358.911.635.535.100,5,1
4.975.398.521.461.020,6.537.779.229.561.560,6.968.650.541.910.250,21.707.769.169.525.300,3,1
20.468.010.905.728.300,387.050.011.934.887,2.773.829.199.894.550,50.629.922.058.612.400,1,0
59.113.030.325.851.600,6.472.222.833.978.550,6.991.669.418.239.200,13.927.739.470.041.400,5,1
18.613.589.775.334.700,4.476.838.868.848.680,24.134.311.357.709.700,5.866.637.544.465.440,0,0
3.315.646.990.671.930,5.404.762.734.972.650,20.996.704.127.127.600,8.184.616.612.532.690,0,0
8.550.302.016.199.350,45.723.041.961.954.400,15.327.847.763.561.700,49.457.440.057.452.000,1,1
20.707.580.921.085.500,5.496.223.011.060.340,30.952.728.769.685.400,4.801.248.548.296.900,2,0
7.115.828.517.343.280,887.817.640.335.819,3.954.834.770.864.700,4.184.784.858.870.090,0,0
690.075.926.128.163,10.466.063.390.789.600,6.131.395.453.917.480,5.725.385.336.208.280,0,0
9.407.845.205.031.070,8.226.479.271.938.890,514.920.601.635.619,47.146.045.715.363.700,0,0
5.069.204.379.618.340,21.004.733.729.206.900,38.113.413.686.539.400,18.527.471.833.973.000,3,1
40.941.207.181.701.800,39.408.364.851.003.100,7.819.995.409.833.010,15.502.741.948.746.400,3,0
8.108.785.810.079.180,3.166.024.348.274.120,1.439.608.251.938.460,3.913.943.284.743.040,0,0
835.825.927.910.516,400.155.272.865.399,20.193.910.242.304.500,3.900.088.696.822.930,0,0
3.321.910.331.156.040,15.049.549.807.258.500,14.499.273.523.240.400,9.862.114.717.342.190,1,0
6.936.180.574.737.950,50.357.007.440.355.400,6.108.669.780.993.520,6.105.370.715.698.580,2,0
7.711.228.158.518.860,8.016.425.898.313.670,1.295.803.289.586.320,30.636.521.176.087.900,2,0
6.546.506.868.659.540,44.153.401.037.889.600,7.238.118.665.941.950,10.159.600.401.802.000,1,0
15.159.507.480.009.900,49.061.357.589.819.900,2.446.468.200.097.270,47.308.284.585.362.100,1,1
875.883.083.517.057,8.487.675.852.813.140,2.903.763.629.257.700,479.516.993.612.965,0,0
5.390.945.527.360.080,7.060.581.146.380.300,5.199.211.921.300.680,18.581.916.068.811.900,1,1
2.824.724.263.700.030,4.904.544.085.197.840,5.383.921.502.830.070,6.639.624.431.643.500,2,1
4.252.281.854.376.930,25.769.564.818.917.900,448.946.008.096.452,15.589.239.233.561.300,5,1
3.757.109.039.890.730,8.849.267.468.449.660,47.517.720.145.420.300,6.476.455.756.416.110,0,0
12.786.680.122.241.700,57.702.040.169.055.800,14.740.885.098.812.900,3.538.525.517.015.750,0,1
7.655.467.505.158.600,2.211.476.101.106.930,17.207.638.389.778.900,5.886.319.125.447.380,1,0
11.634.755.366.141.100,26.911.975.263.801.000,31.271.689.365.267.300,564.217.693.620.227,0,0
4.165.658.284.822.920,803.133.088.936.246,29.196.668.247.994.200,14.831.163.622.682.700,3,0
52.251.018.108.558.800,4.414.556.208.745.540,10.190.234.603.126.400,1.860.100.808.911.370,0,0
54.634.420.000.972.200,9.920.921.870.288.200,-15.764.192.143.058.400,6.017.913.759.639.350,0,0
9.730.781.629.723.320,13.035.167.971.479.100,-6.207.919.392.342.520,40.093.463.898.054.300,0,0
22.612.533.124.967.100,7.960.685.253.969.370,13.054.595.752.373.300,47.459.729.082.152.000,1,0
30.419.871.963.628.000,3.947.753.167.716.820,5.200.166.488.733.760,8.093.225.600.766.930,1,0
3.039.425.122.550.270,49.221.618.328.746.600,6.332.575.139.771.550,7.229.612.236.151.470,3,0
2.304.166.621.173.490,8.806.505.774.645.770,44.503.661.503.570.100,3.599.106.867.980.520,1,1
1.473.822.086.311.410,41.291.118.958.921.300,47.493.890.425.155.400,6.747.119.312.710.320,0,0
7.293.447.940.879.960,5.374.937.536.732.340,5.061.205.863.604.730,5.551.218.365.808.880,2,0
9.668.454.997.992.850,4.929.966.240.916.990,11.625.222.132.732.300,4.597.520.349.931.010,1,0
22.429.348.328.504.500,23.474.738.674.531.500,37.016.848.907.287.000,5.591.109.621.633.900,0,0
6.630.471.918.034.220,2.447.998.730.017.250,3.076.080.867.734.550,9.595.333.936.887.700,4,0
7.418.963.269.587.150,6.805.830.929.187.670,32.300.292.638.136.800,7.765.518.104.872.520,4,0
8.484.253.790.905.240,12.126.489.335.913.600,42.559.915.535.203.600,33.745.990.244.342.700,0,0
42.262.919.701.360.900,11.376.195.880.454.900,14.363.886.154.924.200,16.945.872.751.714.900,0,0
30.293.090.564.042.900,41.096.060.803.590.300,6.085.158.056.243.010,789.466.790.013.614,2,0
3.252.951.340.230.310,6.478.370.386.082.260,4.898.655.478.910.650,8.123.596.374.706.880,1,1
7.126.213.330.985.120,7.120.719.922.479.300,3.219.871.462.402.000,7.351.918.187.046.400,1,1
816.779.466.505.636,1.784.506.740.983.740,3.112.384.079.678.800,6.033.593.719.623.810,0,0
18.161.396.775.660.200,7.958.814.737.204.240,42.079.496.689.487.500,3.712.416.555.997.640,0,0
3.709.410.081.577.650,9.403.970.339.455.440,3.843.590.876.395.060,13.272.144.499.137.800,1,0
9.019.401.967.491.500,26.066.638.256.210.100,5.651.509.650.742.250,3.445.893.060.997.520,0,0
8.066.935.196.947.390,8.533.464.976.087.230,5.363.913.268.916.880,4.000.697.978.185.400,1,0
9.848.584.027.624.750,8.634.914.504.628.180,18.577.852.972.165.500,4.738.330.148.636.470,1,1
7.542.482.596.820.800,7.725.225.917.625.440,15.957.245.844.896.600,7.517.052.984.707.830,0,0
39.319.520.102.792.200,1.688.336.066.525.700,2.022.832.521.215.050,13.171.544.068.209.500,0,0
5.906.378.339.946.370,8.218.014.592.542.000,29.037.832.838.335.000,14.915.248.692.489.800,0,0
6.610.142.542.473.200,7.692.505.592.415.860,3.007.512.073.554.450,10.535.293.131.179.600,7,0
7.845.581.631.712.390,5.967.229.901.062.170,7.967.106.313.362.840,4.701.758.662.196.040,0,0
5.444.969.591.038.650,33.720.203.516.895.200,6.929.199.706.541.520,17.407.717.921.879.500,7,0
7.093.208.284.726.090,2.625.086.042.665.440,3.350.880.245.813.600,6.260.240.253.426.700,4,0
16.732.130.400.106.000,12.188.921.208.035.800,349.261.422.365.301,6.430.058.660.913.150,0,0
7.806.317.174.255.570,50.975.706.690.087.100,3.525.305.818.030.030,5.363.257.602.629.780,1,1
5.837.727.805.141.110,5.852.608.755.098.460,81.589.788.854.114.000,1.749.153.461.776.590,3,1
9.522.217.856.975.940,3.593.389.905.157.870,4.411.618.302.582.310,5.738.478.591.445.770,0,0
424.222.982.068.917,4.753.590.676.808.680,5.461.883.590.975.740,43.556.171.717.193.800,2,0
265.326.137.555.467,3.635.144.573.692.660,35.963.114.583.067.500,6.006.556.841.770.620,1,0
6.015.538.792.998.240,6.410.060.573.207.010,6.518.823.471.840.750,13.103.381.795.639.300,1,1
2.965.599.122.059.300,9.012.592.077.965.630,5.478.257.440.577.480,6.225.502.082.506.450,1,0
7.144.241.640.712.420,1.639.202.620.469.440,15.490.929.034.467.500,1.098.464.300.473.120,1,0
759.005.282.521.931,3.814.088.099.031.230,35.120.273.199.730.300,6.542.691.050.232.480,3,0
10.251.596.406.647.400,1.408.686.039.508.610,21.463.313.307.381.700,5.866.660.933.420.840,0,0
5.138.544.642.067.670,624.943.770.407.832,8.588.531.113.127.690,19.233.548.658.700.500,1,1
50.889.055.559.105.500,7.288.705.094.885.950,5.578.979.619.242.930,2.151.041.957.121.970,2,1
3.692.807.702.155.410,9.319.127.325.974.550,699.738.755.952.901,12.482.646.307.089.700,1,0
9.329.248.625.696.720,27.887.192.626.096.400,33.203.842.364.173.200,688.289.841.076.983,0,0
8.275.063.198.732.210,9.502.112.058.654.300,-516.573.086.359.906,6.903.415.146.906.150,0,0
6.972.093.819.096.360,632.626.718.206.748,7.746.020.890.759.210,5.666.626.474.217.340,0,0
7.143.266.357.349.970,6.030.138.633.645.880,4.870.555.635.467.460,5.398.870.330.836.340,1,0
4.617.161.438.131.190,5.713.271.934.332.990,7.299.309.766.465.280,17.936.283.467.507.200,0,0
9.209.945.210.965.750,8.937.741.877.619.440,-8.703.446.398.334.910,4.058.184.812.184.710,0,0
6.945.954.272.532.850,5.298.090.570.700.540,5.929.462.376.384.250,7.581.907.893.919.090,3,0
7.289.810.616.558.160,6.693.483.507.627.960,3.724.067.086.840.570,552.347.581.443.402,2,1
8.616.909.037.873.450,8.315.739.259.104.520,985.220.989.125.603,7.094.243.876.372.250,0,0
274.071.589.342.191,15.031.062.248.396.800,14.441.496.615.438.200,8.073.351.651.337.030,1,0
807.070.903.866.703,38.591.561.938.133.800,5.480.871.857.197.100,5.127.986.536.715.100,0,0
19.524.060.295.649.200,8.788.811.459.128.520,4.757.056.866.695.130,7.099.625.712.541.990,0,0
3.453.419.522.448.870,3.149.332.274.589.320,4.431.942.496.284.150,11.024.357.113.996.300,2,0
3.356.104.542.698.420,12.897.890.792.716.500,12.727.340.109.268.200,8.433.248.827.143.050,0,0
9.785.254.683.891.400,4.684.612.370.870.860,46.579.687.719.149.500,2.990.944.504.965.580,0,0
8.565.372.237.479.260,5.983.060.756.960.180,17.940.209.213.067.800,48.080.776.587.612.900,1,1
7.011.698.615.902.590,30.970.603.422.510.100,8.270.418.059.851.430,6.338.325.698.766.290,1,0
7.270.567.616.153.900,27.489.565.825.708.700,28.397.106.177.119.800,634.568.886.725.344,0,0
5.620.727.944.025.710,32.799.874.276.896.000,3.840.925.199.065.660,17.460.767.513.085.600,0,0
9.470.906.671.085.190,420.335.389.195.499,5.458.941.411.027.870,5.063.702.411.446.600,3,0
4.962.587.528.823.610,8.951.000.290.662.440,15.991.825.450.653.300,20.513.190.716.414.300,0,0
3.805.177.098.698.940,9.826.524.114.935.690,8.444.605.244.661.160,11.134.163.988.069.900,0,0
163.035.336.931.591,6.370.475.535.036.270,1.997.235.308.043.470,5.462.704.184.528.120,1,0
786.205.652.261.058,1.616.376.937.845.910,10.652.165.241.106.100,48.100.492.692.957.000,0,0
7.344.439.320.755.910,9.058.493.899.993.050,8.247.807.409.184.620,6.160.629.776.198.100,0,0
3.843.550.385.241.340,5.162.478.232.000.600,8.858.387.504.490.530,1.364.311.665.468.740,2,1
2.519.341.395.922.930,15.374.931.210.291.800,-4.514.299.765.540.980,3.775.791.078.357.780,0,0
8.389.973.277.180.100,9.217.266.694.516.610,4.575.790.483.360.700,47.666.413.542.118.700,0,0
11.417.983.454.073.600,757.469.050.723.103,5.160.421.364.392.070,4.881.564.057.850.640,0,0
703.699.779.629.051,7.317.052.727.231.510,26.413.206.646.833.800,6.369.680.187.306.430,2,0
9.702.571.097.260.570,7.091.807.037.944.040,9.901.279.205.999.790,5.900.066.120.349.050,0,0
43.766.132.814.820.300,2.003.398.210.964.420,2.845.242.057.632.640,16.630.706.364.272.300,0,0
23.497.340.499.595.200,21.100.669.170.752.600,1.244.572.336.592.900,4.892.177.534.723.530,0,0
7.048.710.100.433.810,688.292.998.427.255,36.545.510.586.597.800,6.129.488.651.048.320,3,1
8.171.281.420.155.850,21.972.275.011.039.600,11.383.564.754.052.100,6.190.283.534.230.820,0,0
5.464.303.160.778.470,4.386.716.968.030.480,9.546.775.135.123.190,17.974.814.996.235.900,4,1
9.670.352.752.561.460,7.820.018.255.939.410,5.665.924.997.300.680,546.032.058.131.676,0,0
5.166.872.165.796.110,783.952.518.097.841,4.453.657.581.563.350,6.976.352.857.178.150,0,0
50.479.559.830.452.800,45.326.177.252.585.900,947.442.880.264.307,19.907.943.170.346.400,4,1
71.845.394.732.255,7.921.899.382.752.450,22.890.884.671.062.500,7.491.867.972.201.820,1,0
862.640.471.149.179,8.386.217.961.980.560,6.549.226.598.335.500,6.692.267.689.306.260,1,0
17.925.561.190.779.000,6.547.757.512.842.600,2.073.505.063.089.780,6.114.719.438.663.450,0,0
8.000.034.817.636.810,22.842.585.230.842.000,14.333.049.354.097.000,5.149.816.227.398.590,2,0
5.527.070.757.185.450,27.401.178.038.554.700,509.226.088.746.912,18.696.810.205.141.400,4,0
3.965.536.819.899.630,31.484.115.540.873.500,5.856.276.480.471.310,12.497.159.714.286.400,1,1
13.171.502.857.909.300,116.804.107.733.952,19.196.218.630.104.900,4.236.972.167.918.530,0,0
8.652.957.589.089.120,27.315.962.036.994.500,10.720.443.752.689.900,4.414.311.844.414.100,0,0
15.727.320.817.971.500,20.951.922.431.253.200,3.490.147.124.464.720,7.282.824.890.453.400,0,0
30.978.785.920.909.900,45.532.874.980.860.200,5.998.834.951.869.300,6.644.602.672.909.490,4,1
29.004.553.196.243.600,9.084.375.478.722.640,5.131.715.295.166.140,5.827.862.988.617.100,0,0
8.714.140.341.908.540,10.448.031.675.395.800,13.996.254.408.764.400,3.971.234.864.360.850,0,0
672.702.994.208.898,7.202.679.239.473.950,347.777.184.571.585,8.935.954.954.403.760,0,0
7.966.813.971.913.720,6.872.830.044.131.270,19.865.695.583.394.000,5.326.598.789.750.040,1,1
25.046.789.879.249.800,9.575.419.866.335.760,14.113.246.933.540.900,675.356.021.231.217,0,0
6.248.740.996.069.980,9.225.724.049.058,104.761.274.301.787,12.549.570.912.655.800,1,0
5.717.459.831.437.480,5.684.722.021.568.190,8.818.332.609.088.050,15.215.792.040.045.500,3,0
8.328.303.767.882.710,36.372.552.113.568.400,14.736.982.909.707.200,42.516.906.764.112.800,0,0
9.060.870.604.812.600,7.565.385.834.953.060,3.086.665.169.398.160,6.369.265.950.775.140,0,0
12.156.771.477.386.800,25.736.545.840.163.400,3.455.643.937.533.210,4.796.803.657.261.290,0,0
6.740.199.190.587.920,6.935.098.370.463.200,412.574.654.296.624,9.487.529.518.461.590,3,0
51.835.799.119.729.000,3.971.120.757.224.720,-1.516.057.850.934.850,48.509.716.774.239.100,0,0
5.488.586.650.773.550,839.408.037.609.272,22.773.086.264.364.900,17.344.687.816.046.500,3,1
2.876.327.290.436.780,4.481.708.470.213.180,5.605.887.809.106.520,6.269.853.565.270.220,2,1
3.067.765.995.221.410,6.366.929.143.579.410,4.533.691.388.839.000,6.351.298.122.792.990,1,0
3.529.585.034.523.560,22.123.781.980.668.300,3.054.198.126.576.790,952.298.297.987.544,1,1
6.212.924.490.496.100,677.073.712.658.448,5.382.252.981.159.980,12.389.244.302.737.000,2,1
3.340.499.656.687.690,7.722.402.758.932.760,28.010.364.789.549.700,9.296.732.342.262.450,1,0
7.326.990.505.902.800,47.321.318.688.439.800,5.026.095.205.077.590,4.410.416.655.311.110,3,1
4.045.273.855.738.690,6.177.269.240.617.940,734.562.332.096.096,14.492.207.088.306.600,4,1
6.835.320.030.995.860,4.563.259.238.223.980,6.438.987.493.527.470,4.414.733.930.901.180,0,0
7.837.598.424.841.070,8.940.913.692.578.450,43.881.986.784.036.800,4.619.273.444.416.180,0,0
285.758.324.592.706,4.978.691.805.143.190,6.121.401.766.045.470,6.644.143.645.642.040,0,1
43.276.687.959.926.200,8.418.087.090.288.180,17.853.661.960.803.400,16.415.144.666.838.500,1,0
6.854.438.832.219.010,8.013.520.582.702.480,2.598.508.780.855.710,9.069.549.621.698.640,1,0
332.456.157.148.712,41.050.482.134.835.600,6.291.966.090.896.730,9.873.919.518.255.530,4,1
5.658.565.614.671.560,23.008.449.185.747.500,3.550.642.346.629.110,6.182.634.828.497.070,1,0
3.739.210.470.128.130,406.082.132.559.771,7.016.118.585.460.150,11.280.196.274.601.200,3,0
9.444.485.826.943.030,8.262.173.757.752.200,-7.539.733.869.911.850,40.382.715.063.519.600,0,0
6.417.343.972.985.580,22.763.253.581.939.200,29.268.089.210.440.200,1.057.581.920.858.610,2,0
671.479.148.667.207,5.244.363.458.577.490,6.558.992.423.062.820,8.297.654.829.732.820,5,0
6.322.821.536.376.390,8.060.967.479.607.470,2.428.271.095.908.890,10.644.554.805.121.600,0,0
19.899.213.895.943.600,3.534.774.751.283.780,2.341.566.959.679.240,3.985.929.351.638.830,0,0
41.833.386.410.228.000,6.422.096.370.026.970,770.030.971.573.983,15.705.005.601.204.200,1,1
7.509.397.983.633.180,2.456.315.740.488.140,16.774.150.034.393.500,523.965.216.613.235,1,0
10.137.289.755.315.900,10.927.944.536.815.900,2.343.270.754.711.090,5.693.662.537.352.050,0,0
27.785.277.608.971.200,7.943.842.250.928.560,19.009.274.251.578.900,693.709.368.981.733,2,0
27.631.910.846.585.300,9.896.862.340.870.680,39.556.205.363.847.700,7.330.036.175.471.970,0,0
432.018.927.594.506,2.713.813.950.795.840,5.117.091.696.064.250,15.645.947.442.284.900,3,1
980.368.740.942.185,8.551.094.219.974.400,-39.565.763.230.013.000,5.401.204.636.237.690,0,0
6.750.254.668.382.190,3.464.692.870.786.670,-289.631.628.701.801,4.273.835.254.638.430,0,0
51.870.099.438.059.500,9.730.453.495.141.610,8.051.316.722.139.450,18.519.570.382.947.000,0,0
17.936.468.201.221.000,9.797.343.347.738.590,-1.793.030.242.343.870,4.659.232.329.899.540,0,0
9.706.765.454.097.440,2.682.760.204.535.560,61.844.812.874.052.100,606.893.698.079.987,0,0
1.133.035.047.274.640,4.097.822.224.989.040,31.713.450.428.934.500,4.636.173.408.346.380,0,0
4.036.010.023.615.910,7.050.632.842.053.790,5.159.311.670.464.690,15.990.889.449.795.800,1,1
7.378.849.848.346.060,45.098.650.264.834.300,50.589.164.822.610.100,6.434.546.530.619.600,2,1
7.045.544.280.274.450,1.007.528.439.595.760,117.126.659.807.024,6.457.276.918.466.240,0,0
42.272.863.689.393.200,7.075.228.189.780.420,5.223.985.376.895.030,17.288.522.143.121.800,1,0
34.652.416.795.271.800,31.174.909.111.921.200,7.154.208.559.919.740,10.064.999.214.558.100,1,0
3.976.123.785.528.700,8.701.966.904.922.420,13.550.217.297.040.100,12.948.216.693.689.500,0,0
2.642.762.631.586.390,13.865.252.911.330.300,16.460.878.729.702.900,779.097.848.317.212,1,1
2.053.329.387.067.990,127.311.878.746.725,3.872.408.714.644.690,5.454.746.560.559.480,0,0
48.303.969.755.889,17.567.229.796.858.400,29.833.193.754.622.900,1.980.460.132.890.970,1,1
26.853.375.606.760.700,9.602.663.584.920.660,6.154.717.860.956.640,5.174.117.493.216.170,0,0
28.746.166.489.725.000,693.169.360.253.846,36.610.180.356.565.000,7.746.945.808.470.570,0,0
6.567.560.634.745.570,8.013.715.354.636.360,2.162.279.616.731.780,9.907.704.800.073.540,5,0
9.685.373.316.998.920,397.634.985.732.753,5.187.010.544.318.720,5.629.494.698.388.010,0,0
60.363.720.055.937.500,33.631.272.750.495.500,5.609.089.592.389.550,13.259.662.071.835.700,4,0
7.697.946.706.496.620,23.448.400.678.316.900,50.975.344.007.487.100,5.836.051.854.541.100,0,0
7.558.361.385.406.690,480.648.028.312.409,11.522.606.085.339.800,5.913.652.814.435.090,0,0
951.423.220.845.566,5.518.287.335.341.680,7.971.352.536.806.250,4.331.785.400.538.730,1,0
29.729.079.030.733.300,6.317.748.436.527.550,3.923.747.952.282.480,5.505.264.937.873.710,2,1
9.206.698.608.247.540,2.571.185.039.986.940,21.785.479.273.153.400,5.585.025.290.609.730,0,0
5.990.445.871.503.810,9.486.540.809.029.900,4.900.751.649.391.720,12.611.533.372.880.100,0,0
6.236.487.782.902.660,16.975.849.820.713.500,22.007.522.713.748.000,12.135.857.689.322.100,0,0
6.485.048.201.186.880,9.656.531.747.664.120,5.916.501.606.383.730,9.532.437.331.442.720,0,0
2.674.020.278.575.410,14.856.122.507.503.700,21.720.727.669.722.500,7.221.628.962.906.780,2,0
15.110.684.214.475.000,4.811.256.918.168.450,7.174.241.314.723.060,46.072.737.550.228.500,0,0
9.650.153.694.544.710,33.336.783.811.656.200,16.568.355.169.722.200,6.107.575.325.263.420,0,0
25.089.304.569.110.200,4.491.234.139.302.500,4.640.406.696.270.260,5.159.697.304.024.100,3,1
6.760.262.880.525.470,570.664.578.980.789,6.520.399.124.132.870,918.605.882.086.322,1,1
7.066.298.698.787.090,43.558.915.801.270.900,5.681.215.883.893.060,8.834.373.761.584.070,4,0
6.100.074.170.794.850,414.846.850.301.595,77.966.669.537.748.000,12.122.400.970.186.400,0,1
31.290.739.421.364.800,7.327.234.154.133.060,3.829.858.808.514.080,7.898.170.104.636.350,3,1
27.109.625.376.406.500,6.858.762.750.864.640,3.520.776.918.226.680,8.840.993.270.601.520,3,0
5.976.682.827.027.030,8.332.712.820.358.470,1.923.883.951.982.030,14.376.648.760.299.700,1,0
8.660.956.336.116.910,24.995.898.123.949.500,9.315.524.089.381.630,50.802.279.496.434.200,0,1
9.467.337.289.233.950,60.952.850.975.406.300,9.360.868.996.032.880,578.919.471.066.138,0,0
10.590.580.440.375.700,5.851.947.853.928.530,11.341.611.486.068.700,5.047.442.551.961.210,1,0
15.482.861.259.771.900,36.973.781.087.268.800,2.151.071.975.604.240,3.331.582.577.272.670,1,1
9.447.362.587.830.790,48.605.754.190.268.000,9.564.006.545.343.750,6.133.047.926.291.200,1,0
7.365.352.283.347.920,31.378.214.330.572.800,25.184.760.743.620.200,39.115.353.997.046.900,0,0
8.829.938.248.297.730,1.418.443.976.169.850,41.151.301.582.270.300,4.593.000.606.016.930,0,0
20.263.263.413.534.300,21.380.121.066.273.200,10.674.989.579.870.800,6.387.692.547.410.720,0,0
58.758.587.110.940.100,1.055.136.464.012.010,14.599.665.841.204.400,14.864.882.087.490.200,0,0
7.011.395.944.174.730,6.830.695.751.901.240,42.499.862.915.349.800,629.045.899.994.308,3,0
6.801.118.854.469.720,6.607.273.931.091.510,4.885.259.529.565.560,8.841.770.217.306.240,3,0
4.081.516.908.666.980,9.506.063.715.798.720,12.106.754.071.467.800,13.986.808.164.186.700,0,0
15.394.891.691.308.400,7.296.784.136.472.410,22.101.438.536.647.600,3.777.893.558.205.990,0,0
5.829.260.568.042.630,5.204.583.875.613.140,9.344.673.228.091.170,15.910.186.221.509.000,0,0
25.310.153.917.960.800,8.842.451.739.289.540,9.786.393.527.623.600,5.528.923.688.511.180,0,0
4.502.542.461.428.900,8.626.751.629.457.250,18.436.927.223.399.800,17.010.576.144.145.500,0,0
9.575.810.150.838.170,44.332.032.077.269.800,9.349.270.143.611.860,5.637.378.583.510.660,1,0
39.903.531.764.243.400,58.586.305.052.792.100,7.850.164.342.199.160,14.474.683.803.200.200,5,1
8.398.016.066.644.260,9.760.783.324.725.180,12.148.885.597.912.500,46.868.891.972.034.800,0,0
18.854.060.574.925.100,5.323.043.638.481.660,2.541.975.674.698.670,4.826.052.833.740.270,0,1
6.724.604.980.250.280,9.053.218.283.760.890,956.889.796.002.813,8.860.694.840.938.030,0,1
9.770.069.544.389.430,8.303.875.781.018.640,16.379.245.266.462.700,6.190.533.296.739.200,0,0
10.189.310.087.293.600,19.105.186.870.868.200,7.720.437.518.351.770,4.722.633.593.590.810,0,0
8.319.942.227.192.010,4.407.549.434.413.170,7.035.349.832.538.380,565.477.293.770.107,0,1
4.335.827.926.326.140,5.847.568.083.373.040,856.532.902.970.322,1.759.621.558.461.200,2,0
926.254.830.513.672,8.162.278.518.628.000,6.477.951.750.963.370,5.883.043.629.363.000,0,0
7.483.843.496.762.310,9.882.621.151.431.860,3.647.544.165.759.480,5.725.438.586.533.780,0,0
9.145.486.638.485.580,38.885.149.647.411.600,13.332.537.384.211.200,40.904.567.798.720.600,0,0
43.402.097.270.875.800,4.741.563.614.008.490,9.583.629.117.023.580,16.603.464.877.730.200,0,0
25.871.164.215.544.000,8.011.715.032.953.240,18.796.517.814.656.900,6.159.169.762.607.180,3,0
4.344.033.190.066.090,6.043.807.190.828.080,820.620.444.140.652,1.891.481.702.785.790,4,1
723.447.817.850.001,19.854.285.886.820.100,15.803.482.139.961.500,5.751.638.641.590.080,0,0
9.054.161.580.370.970,4.948.284.566.214.200,27.028.040.659.993.900,5.804.874.990.015.590,0,0
58.945.398.948.469.700,7.423.102.455.337.240,4.326.519.218.394.480,14.725.730.649.032.600,5,0
61.329.168.488.737.900,7.704.117.870.686.430,33.912.122.136.308.300,13.006.023.479.364.500,2,0
6.376.882.468.959.350,499.618.411.998.762,7.952.093.798.054.280,1.232.869.174.161.390,4,1
24.202.207.998.087.700,30.521.453.012.885.900,26.697.521.646.577.600,6.302.462.917.150.130,1,0
7.140.527.233.781.260,9.737.425.820.384.930,30.102.264.839.943.100,5.276.288.043.490.330,0,0
913.914.863.317.764,6.633.626.109.564.920,6.556.716.996.915.710,44.310.778.599.750.100,1,0
1.992.703.364.668.000,4.082.375.193.462.980,3.188.700.713.997.100,6.419.243.962.723.090,1,1
8.774.700.466.544.810,2.804.632.242.046.520,9.452.272.162.172.090,5.153.958.918.236.870,2,0
7.387.231.507.265.660,7.311.029.830.035.620,24.635.362.705.820.300,47.193.132.094.447.400,1,1
13.745.554.011.345.200,2.421.834.455.937.670,25.399.902.600.016.400,4.181.157.655.290.860,0,0
2.483.762.603.698.000,1.717.099.889.736.880,7.786.104.815.491.640,6.336.246.536.750.070,1,0
21.440.648.299.316.400,5.298.338.889.620.700,396.006.246.066.406,6.248.483.536.552.540,2,1
27.080.632.803.697.200,28.998.739.264.414.100,31.545.197.832.662.900,6.102.837.128.660.130,3,0
24.755.977.027.988.600,62.890.514.492.361.500,3.175.898.034.652.090,8.095.178.979.849.450,2,0
6.252.629.574.284.570,11.793.867.487.423.300,37.638.163.346.967.000,5.825.200.111.754.550,0,0
45.894.051.659.682.000,6.549.411.045.673.210,7.529.831.955.793.930,1.854.393.286.431.490,7,1
7.327.334.747.861.650,28.329.652.799.770.200,28.623.436.720.075.200,5.184.100.657.384.530,3,0
6.067.317.247.174.360,24.293.443.451.273.100,8.616.472.267.801.900,1.251.153.492.484.360,1,1
6.728.716.685.980.790,12.693.605.767.417.600,1.273.441.796.924.960,8.701.739.136.842.620,0,0
8.114.917.853.623.910,933.615.377.835.094,-31.865.706.341.182.500,4.513.548.617.594.390,0,0
9.514.907.101.767.870,8.673.546.391.153.570,25.436.094.365.946.900,6.674.305.678.590.770,0,0
8.384.918.338.430.240,23.360.903.203.623.600,10.569.316.871.858.800,6.515.074.684.550.810,1,0
8.050.903.184.956.620,7.783.719.045.454.910,1.004.846.157.867.050,5.775.917.294.521.580,0,0
8.229.838.050.417.670,60.857.159.317.397.400,2.514.654.895.161.870,3.902.444.805.250.810,1,1
9.327.105.081.327.610,9.709.047.114.498.690,-4.400.816.598.204.300,4.329.070.152.665.450,0,0
5.442.539.661.136.970,3.736.056.595.340.590,8.288.928.425.075.190,19.856.489.912.283.800,3,1
2.002.820.178.676.250,6.814.606.125.171.710,18.922.296.712.931.900,46.049.838.817.491.800,1,0
61.678.360.785.254.100,6.353.572.242.391.850,4.839.726.872.129.310,13.706.815.852.524.700,1,0
742.881.493.667.939,396.247.346.816.406,4.147.204.740.436.460,6.260.036.391.844.980,4,0
7.379.173.933.540.250,9.638.176.611.881.800,46.474.651.293.308.000,5.936.703.310.804.260,0,0
5.214.490.241.668.800,5.389.808.744.501.200,980.476.745.136.961,18.956.059.999.510.700,6,1
6.845.871.933.357.800,28.787.950.333.484.400,3.328.047.425.773.540,4.907.111.983.521.160,0,0
3.711.129.384.301.270,12.027.096.312.860.600,11.879.592.022.390.000,11.726.504.956.072.000,0,0
9.207.666.084.633.570,7.035.283.401.815.300,3.117.234.244.657.220,60.346.848.401.367,0,0
584.448.909.757.426,6.448.560.434.297.260,6.969.363.840.792.110,14.615.251.718.549.600,7,1
5.383.319.432.557.130,3.739.387.136.037.740,8.371.726.993.381.310,18.674.686.756.051.900,4,1
26.885.351.438.219.300,9.509.413.518.658.340,4.024.042.993.677.050,6.082.117.039.859.700,0,0
3.684.489.199.165.780,22.202.812.987.850.300,7.220.599.728.250.000,1.197.665.611.609.630,1,0
8.953.460.891.531.690,3.037.238.516.318.250,13.123.476.339.193.400,4.097.590.629.735.770,0,0
6.664.630.475.268.350,9.210.694.862.995.810,5.946.204.793.602.720,7.436.420.341.814.480,0,0
7.873.870.267.523.320,3.209.354.383.194.400,23.294.888.833.055.100,5.915.313.259.702.540,1,0
45.434.542.306.765.500,25.225.283.385.517.000,5.174.910.233.580.270,16.997.496.909.445.500,5,0
63.024.721.945.615.700,5.342.204.099.312.470,8.404.964.282.529.780,12.707.645.689.061.000,3,1
24.838.360.874.320.700,823.801.749.920.538,7.204.209.673.962.380,5.476.943.923.291.170,0,0
7.054.608.302.834.860,10.314.676.087.836.100,9.400.099.999.828.880,526.975.197.867.515,0,0
4.276.013.337.033.370,9.430.207.096.457.360,8.056.806.591.758.570,16.061.340.872.171.600,0,0
4.425.455.148.147.450,795.072.881.181.164,3.479.519.561.738.580,18.096.881.928.019.200,4,0
6.493.223.245.768.810,18.125.025.555.155.100,19.016.792.202.045.400,9.386.727.437.186.410,2,0
9.362.806.214.689.260,7.120.079.611.981.620,276.192.540.875.259,5.021.133.557.295.590,0,0
6.400.634.660.862.090,38.495.872.263.755.700,5.846.118.390.176.980,5.741.196.075.974.530,0,0
8.247.432.373.470.070,4.022.946.780.763.180,22.034.960.213.891.400,48.747.397.455.799.200,1,0
29.238.311.041.219.300,7.832.900.924.388.660,23.841.770.969.614.500,5.801.075.341.506.190,0,0
44.391.945.450.637.700,9.627.848.079.807.320,3.067.397.681.301.680,17.518.354.468.325.700,0,0
21.913.328.775.008.900,12.665.587.284.719.300,-8.620.636.661.075.960,6.415.003.375.804.400,0,0
301.046.077.834.313,4.206.302.368.788.190,5.098.635.322.623.710,8.757.898.948.076.560,3,0
5.026.312.426.301.300,4.809.416.080.843.030,10.255.974.002.007.200,17.974.882.146.382.300,4,1
5.617.607.734.743.900,3.763.118.169.549.970,1.085.366.410.999.290,6.091.819.921.587.410,1,0
4.910.957.293.831.650,363.189.123.716.225,7.807.932.161.102.620,20.190.800.901.685.200,8,0
9.271.106.288.584.270,5.226.866.756.159.650,-5.934.201.906.397.460,592.562.257.215.309,0,0
10.539.321.810.780.500,6.855.386.205.626.230,10.644.956.710.165.500,4.455.746.124.275.880,0,0
7.644.407.280.755.040,4.362.144.171.200.450,4.407.782.748.221.460,36.863.104.133.042.000,2,0
40.967.105.337.599.200,19.479.380.264.392.600,29.410.930.768.325.400,15.559.511.815.125.000,2,1
655.173.714.524.338,8.160.335.023.020.680,19.143.833.471.008.000,8.559.151.982.201.770,0,0
26.023.659.798.522.900,8.025.607.481.516.270,10.666.201.649.162.500,44.585.215.353.589.900,0,0
15.949.226.254.135.800,4.863.916.280.888.930,20.073.356.323.246.600,37.271.358.148.984.900,0,0
16.046.261.427.122.600,29.845.066.114.776.000,1.446.347.698.083.640,5.647.978.501.895.050,1,0
7.049.194.564.314.460,6.380.927.257.964.520,5.886.545.798.516.830,514.093.232.536.845,0,0
18.564.670.490.124.300,28.815.213.577.740.300,17.177.411.472.482.600,5.889.688.485.251.660,1,0
6.642.193.849.889.680,23.600.793.032.371.200,2.821.325.359.528.390,956.390.466.296.469,0,0
8.816.906.118.435.080,7.305.146.540.263.260,5.155.540.869.744.630,4.589.358.975.011.030,0,0
8.141.256.855.911.610,40.325.239.720.950.700,-14.550.340.129.750.000,5.037.518.535.450.670,0,0
6.851.343.098.744.840,9.476.847.103.459.390,13.052.252.094.451.600,7.191.433.538.956.710,0,0
11.043.186.341.110.200,6.788.174.023.589.770,3.384.023.582.245.390,4.797.268.356.532.460,1,1
28.918.744.629.594.900,15.294.318.647.542.600,17.922.562.311.994.900,5.658.469.759.686.630,0,0
30.980.687.532.246.800,6.899.000.871.045.940,7.859.241.447.962.870,7.848.560.385.461.050,0,0
2.499.569.463.976.210,9.958.023.677.799.180,828.934.552.776.465,6.733.465.707.713.510,0,0
5.150.056.597.097.230,28.880.996.995.408.900,6.107.208.335.234.550,19.015.456.697.243.600,4,0
5.355.538.148.796.720,14.926.801.266.924.700,21.052.229.419.692.700,20.362.553.275.393.600,3,0
3.568.859.751.711.100,24.099.625.799.591.700,34.131.308.358.083.500,10.500.415.655.183.300,3,0
353.789.158.736.436,9.361.255.715.401.340,6.973.560.230.104.510,1.039.196.990.703.520,0,0
8.285.555.979.060.810,52.016.022.302.439.500,16.968.460.878.139.000,33.684.929.182.419.300,0,0
7.892.928.483.196.850,3.648.180.963.078.560,32.769.704.648.220.400,3.421.180.953.001.510,1,0
30.779.583.168.074.500,8.733.914.579.092.190,12.503.078.715.578.100,7.509.471.288.862.310,1,0
9.137.884.438.732.590,39.499.027.054.903.200,11.237.352.631.364.600,5.792.603.415.377.940,0,0
952.815.017.002.506,3.350.085.699.576.950,52.988.927.085.407,43.291.488.211.043.400,0,0
3.267.425.420.300.400,20.728.252.254.973.500,24.034.950.253.601.200,10.014.010.865.978.000,2,1
35.442.494.879.305.400,3.777.968.239.094.110,6.187.086.032.501.660,10.933.827.446.290.100,3,1
5.056.341.534.219.580,316.684.356.016.926,6.752.455.664.608.150,19.067.869.868.367.000,6,1
9.411.208.125.336.730,6.773.039.592.981.410,20.077.719.995.560.800,5.031.741.306.011.300,0,0
8.763.194.331.423.110,28.958.270.467.072.700,10.349.789.499.145.100,7.489.545.434.522.660,0,0
1.025.679.625.835.890,5.771.997.464.225.610,14.572.375.339.554.100,37.630.104.505.676.200,2,1
3.927.307.432.714.160,6.589.216.503.197.270,7.616.976.981.390.310,1.396.601.862.058.200,0,0
5.533.711.897.497.710,19.128.915.669.651.400,3.043.302.707.247.530,17.686.054.859.376.800,2,0
50.313.247.255.154,4.074.052.716.113.480,8.685.206.589.248.070,20.699.538.807.712.700,6,0
1.938.630.679.368.920,9.369.492.539.086.950,-4.806.365.965.606.850,6.405.627.480.769.550,0,0
8.588.167.711.681.540,3.772.519.857.156.950,17.277.988.721.890.500,4.637.769.581.483.190,3,0
6.769.407.829.968.370,664.074.121.199.834,50.330.053.788.109.300,9.253.971.814.200.980,0,1
8.379.083.748.518.030,25.508.722.242.139.800,5.712.904.624.641.420,7.270.938.050.093.550,0,0
8.587.642.793.494.720,12.703.357.597.323.100,5.082.586.483.525.100,50.903.266.632.653.800,0,0
7.483.558.536.657.390,5.853.660.008.005.010,2.417.647.538.127.440,6.471.503.859.159.100,0,0
4.392.106.012.497.170,30.541.349.854.275.100,58.903.922.026.128.100,16.879.021.677.006.900,1,1
61.054.675.501.542.400,15.766.102.679.690.700,15.816.746.965.777.600,13.161.137.984.359.900,1,0
16.036.540.611.974.300,1.740.104.480.161.240,37.097.162.010.765.300,4.870.234.519.804.260,1,0
6.736.454.174.749.070,76.075.930.838.695,3.221.979.685.715.410,9.118.426.500.840.320,1,0
17.925.325.573.928.000,15.838.070.944.874.200,15.741.383.373.974.600,6.292.197.199.880.260,0,0
6.939.495.905.101.560,5.578.101.257.354.340,587.824.015.075.294,7.177.315.655.882.310,4,1
22.959.816.075.396.800,3.794.613.805.934.640,33.084.966.970.914.200,6.921.212.716.592.730,2,0
11.755.130.015.021.900,5.065.499.999.085.470,17.527.066.896.213.100,6.540.046.141.508.650,1,0
1.652.844.901.429.570,5.628.302.372.146.020,2.478.375.809.669.500,5.902.226.175.211.420,2,0
1.992.135.219.070.260,31.336.769.445.727.800,26.892.114.115.743.700,4.484.035.210.567.060,0,0
7.187.396.178.535.300,2.951.088.601.842.850,35.814.243.617.686.100,5.759.388.887.356.360,4,0
7.324.010.490.583.790,7.334.018.493.349.050,28.678.186.840.807.800,519.518.494.712.891,1,0
51.493.334.991.325.900,8.712.769.881.211.570,19.041.925.426.357.100,20.782.841.369.491.800,1,0
1.613.628.010.553.830,1.925.816.324.585.270,7.482.333.386.711.870,38.367.552.749.429.600,1,0
8.355.433.751.068.970,9.761.876.053.514.890,3.483.987.874.062.210,5.679.409.068.233.450,0,0
1.912.896.643.728.700,8.977.958.063.920.250,17.113.055.090.238.400,3.919.033.490.474.720,0,0
1.657.481.769.652.200,34.989.546.364.739.800,2.185.345.632.295.140,587.978.404.870.029,1,0
8.908.555.349.831.460,5.513.173.906.628.140,170.329.249.545.302,502.444.354.085.042,0,0
24.153.684.170.168.100,3.595.431.445.200.030,30.849.086.706.259.200,6.865.107.774.245.590,0,0
3.542.713.272.172.150,1.258.023.363.460.510,10.064.032.721.603.300,11.328.726.395.557.800,1,0
10.534.548.448.133.300,58.933.164.494.772.800,10.812.887.049.670.800,6.441.288.063.794.760,1,1
22.236.130.474.817.000,52.514.085.176.962.900,40.782.120.327.928.300,6.778.688.950.608.380,5,0
51.922.457.078.020.500,20.299.355.919.119.700,28.316.727.043.483.400,19.868.988.147.522.300,0,0
60.775.268.309.565.200,45.186.904.465.227.700,852.063.685.373.768,1.223.521.533.156.840,2,1
24.535.231.416.621.100,7.969.475.040.156.450,15.854.399.263.925.600,4.533.602.066.711.130,2,0
5.773.215.922.511.720,5.904.261.031.078.910,11.317.835.630.683.100,29.140.000.118.587.000,1,1
3.910.328.691.273.980,9.691.732.706.699.480,1.185.231.041.146.710,12.200.603.210.728.000,0,0
23.420.337.092.633.400,54.802.149.722.913.500,36.145.426.931.366.600,5.507.347.015.873.760,2,0
21.955.392.322.980.100,7.027.382.992.895.860,19.503.999.397.223.700,47.342.651.607.441.400,1,0
9.598.628.027.134.550,7.927.034.057.807.510,-11.088.917.696.529.900,4.820.248.099.387.200,0,0
6.163.004.859.257.240,6.291.175.786.342.660,6.694.592.882.440.400,13.120.214.749.504.100,6,0
5.568.784.431.720.950,15.265.816.454.078.300,20.707.553.093.278.400,17.455.642.009.219.200,2,0
4.157.751.035.233.210,7.101.732.665.901.600,4.918.901.583.289.370,14.399.016.352.130.200,4,1
4.289.443.334.301.440,6.773.418.460.815.160,6.777.828.819.393.860,16.600.245.932.320.200,2,0
54.090.500.383.808.000,2.442.688.294.063.320,1.819.950.413.340.800,17.897.654.911.112.600,0,0
6.964.298.070.361.070,41.174.766.759.024.300,600.469.463.839.952,6.908.106.060.329.590,3,0
7.021.460.961.818.290,3.329.502.469.623.730,4.588.827.573.021.910,8.287.069.140.390.630,2,1
17.169.390.770.544.900,6.694.120.642.536.430,20.852.766.546.222.200,4.797.976.013.222.760,0,0
500.112.752.076.627,2.161.358.123.109.200,3.444.140.305.675.920,21.770.948.018.577.600,3,1
41.195.809.503.410.100,5.908.719.229.742.580,8.289.113.238.399.070,16.612.209.528.806.400,3,1
8.705.269.662.693.840,9.132.059.618.141.720,-17.049.216.331.194.200,44.363.575.755.206.300,0,0
6.314.189.212.183.760,7.978.023.722.086.070,29.327.246.015.011.100,10.213.835.271.616.000,2,0
5.325.040.664.159.810,9.214.577.362.165.300,10.492.899.237.881.000,19.175.625.543.653.400,0,0
11.539.464.217.891.700,97.850.596.693.269,-3.284.868.270.200.430,6.162.532.713.709.950,0,0
6.056.378.893.234.110,10.670.127.006.162.700,6.894.610.458.904.350,13.095.371.633.315.700,0,0
11.720.390.568.023.300,6.227.412.763.774.770,5.833.314.897.765.680,5.917.956.973.967.650,0,0
33.720.657.556.575.200,41.283.939.775.890.600,6.218.077.162.522.750,10.195.145.682.655.300,3,0
14.284.196.481.433.100,8.598.544.903.351.210,7.361.106.305.447.750,42.514.497.265.706.000,0,0
6.920.736.470.243.680,25.181.470.200.913.100,27.988.539.757.332.200,6.695.243.170.967.500,2,1
2.062.521.138.361.520,9.810.294.891.150.760,13.775.365.694.842.800,5.913.282.408.759.820,0,0
391.859.373.188.026,61.370.796.954.374.700,7.547.298.882.734.190,13.510.777.668.868.000,2,0
8.956.747.776.187.780,7.935.374.022.288.300,10.229.118.206.622.000,43.199.152.357.441.500,2,0
20.431.638.339.897.000,8.559.955.282.276.830,7.893.532.035.591.410,4.837.315.079.590.800,0,0
50.780.506.395.877.900,18.345.788.475.886.500,25.640.572.538.060.600,19.883.860.692.765.300,1,0
419.271.661.166.022,7.584.036.730.342.030,34.179.156.686.042.500,14.263.812.544.138.900,0,0
18.124.041.045.729.700,2.198.652.203.932.360,7.394.342.847.140.010,5.765.779.199.522.510,0,0
7.927.581.135.728.120,8.168.779.858.937.820,1.657.078.830.405.650,4.727.836.602.171.800,1,0
6.904.590.631.459.970,13.949.018.691.911.400,10.773.677.006.925.500,22.176.743.742.942.600,0,0
4.742.550.209.769.530,6.571.188.390.612.730,6.903.150.442.551.340,194.871.728.745.434,3,1
5.606.782.949.389.490,3.650.939.202.318.050,7.895.948.136.655.330,16.736.308.124.084.500,2,1
62.842.645.661.458.700,61.149.485.271.919.900,6.933.522.760.539.230,13.264.531.575.162.600,1,0
6.886.316.293.078.750,6.960.314.069.891.130,3.930.914.105.218.260,6.946.418.553.665.920,2,0
25.327.238.352.271.500,3.424.752.191.863.040,36.946.272.540.050.000,46.172.115.781.829.800,0,0
9.978.776.658.449.370,10.796.244.811.083.500,17.310.852.201.875.700,5.508.024.278.162.510,0,0
723.443.662.354.912,6.964.586.774.826.560,17.336.402.128.278.000,557.532.563.639.529,0,0
5.356.565.993.475.780,5.889.360.225.625.470,8.818.355.080.763.100,18.296.675.097.348.800,3,1
8.361.177.032.072.480,5.206.553.537.341.110,2.621.483.328.552.180,5.562.329.837.487.210,0,0
8.213.883.629.006.940,7.422.010.091.211.320,14.738.094.586.967.700,4.045.269.436.497.120,0,0
8.433.261.677.878.830,5.097.355.100.039.370,2.367.317.907.332.680,358.408.007.108.616,1,0
4.850.946.599.795.400,42.244.579.003.087.900,9.530.038.295.359.560,21.560.293.197.649.500,7,1
33.362.839.583.686.500,39.808.717.823.623.000,6.105.227.699.881.180,9.338.204.430.434.230,4,1
79.155.820.259.137,26.446.902.597.667.400,2.630.763.414.626.120,4.949.688.060.326.420,0,0
4.512.941.130.292.540,3.355.572.016.966.570,5.910.774.026.371.060,18.318.792.241.541.800,3,1
1.834.421.964.034.340,9.760.201.575.244.940,33.327.853.440.567.500,5.605.883.674.301.700,0,0
8.549.740.195.614.740,8.735.555.762.270.880,5.909.237.549.321.400,6.000.872.995.615.530,0,0
8.825.598.767.723.470,3.293.780.670.342.170,9.983.633.284.913.280,4.253.980.978.792.690,0,0
4.663.097.561.401.700,5.877.954.050.663.720,8.813.651.969.723.030,19.538.577.184.615.900,4,1
7.569.972.730.978.740,847.296.745.535.494,-7.914.911.160.127.400,4.495.144.129.541.910,0,0
38.782.608.991.693.100,4.412.743.367.500.680,848.507.478.178.412,12.806.694.758.517.200,7,1
8.035.376.594.626.030,1.795.786.375.015.090,3.376.778.061.484.800,5.310.455.253.423.280,0,0
9.017.740.285.462.280,7.451.046.181.864.000,3.859.407.922.925.330,4.998.007.931.372.160,0,0
20.347.274.249.759.500,51.039.272.134.870.600,28.093.314.687.901.800,5.920.387.338.087.750,1,1
6.697.361.202.527.150,9.694.393.756.758.780,12.920.018.965.742.100,5.488.358.078.874.960,0,0
8.773.504.531.328.380,6.932.095.422.188.670,9.736.108.606.193.640,350.396.631.750.368,0,0
3.894.049.389.788.750,7.091.619.143.856.950,7.750.597.373.262.220,11.779.707.857.527.400,0,0
54.176.096.426.756.300,18.936.087.579.186.200,274.394.565.214.929,18.377.705.021.726.400,2,0
9.680.658.120.507.580,77.132.314.321.685,15.380.973.733.112.700,6.828.887.507.797.740,0,0
6.656.472.791.422.280,8.414.397.599.562.440,47.735.399.145.748.200,41.496.573.617.261.700,0,0
6.483.180.074.520.950,6.176.945.861.885.900,5.814.373.133.466.020,9.785.285.118.569.320,3,1
7.410.542.257.486.700,6.444.231.696.298.160,13.313.310.752.433.500,446.538.116.324.313,3,0
3.754.689.284.665.000,28.337.450.383.384.600,6.557.954.906.822.860,11.353.752.882.582.900,0,0
8.038.145.451.934.460,8.285.302.595.815.080,8.057.385.210.900.820,5.326.748.153.443.710,1,0
4.334.722.327.556.340,7.882.752.081.708.290,36.204.359.460.553.600,1.842.295.407.013.280,5,1
9.971.823.539.029.500,25.903.514.410.334.700,-21.532.296.013.114.000,5.456.032.731.168.610,0,0
55.905.928.494.660.200,708.676.719.965.507,5.355.378.711.777.290,16.795.882.273.065.400,3,0
3.211.621.526.359.530,2.148.546.064.249.980,23.901.757.058.143.300,10.784.256.245.966.400,2,0
22.011.132.590.475.300,4.033.016.105.151.290,6.773.809.710.447.090,5.377.118.612.206.180,1,0
3.505.205.342.861.610,20.113.654.259.037.700,24.624.157.118.790.300,9.330.671.759.585.660,1,0
3.725.332.737.595.500,1.786.288.767.542.990,23.795.450.173.888,13.069.049.466.696.800,0,0
68.713.677.723.960.900,3.377.479.967.348.470,5.266.983.722.226.410,45.323.002.045.099.900,0,0
3.695.741.994.267.730,4.184.494.971.754.580,7.585.658.828.733.460,1.307.064.784.754.700,3,1
46.423.851.973.922.400,50.853.889.149.770.700,10.335.616.972.771.500,18.200.217.706.650.800,4,0
7.227.377.522.388.040,47.675.387.550.832.800,5.641.079.353.549.230,7.685.418.639.161.940,3,1
656.729.484.721.608,27.067.460.596.528.900,3.787.573.726.987.870,9.593.306.482.980.460,0,0
7.087.656.552.291.540,29.170.668.574.074.400,5.657.000.966.805.420,7.988.108.700.786.110,0,0
8.363.681.876.857.090,6.051.016.222.371.500,59.776.383.649.675,6.901.850.335.187.820,0,0
21.766.739.958.053.600,3.957.448.298.473.540,33.750.150.361.461.500,4.146.116.311.523.040,1,0
6.616.842.883.998.560,2.986.721.573.875.490,467.913.119.960.411,10.334.865.615.091.300,2,0
48.398.936.817.974.700,8.669.410.428.305.120,21.834.231.177.910.900,18.400.067.669.469.500,0,0
5.313.475.668.345.940,7.467.433.077.981.590,18.113.860.554.311.000,3.952.888.452.537.130,0,0
8.044.946.424.318.220,8.577.655.483.724.420,8.261.686.894.204.150,4.342.058.538.090.790,1,0
7.728.095.732.903.370,494.982.794.712.461,382.813.182.343.285,5.866.690.902.154.890,2,1
54.841.916.299.356.200,13.093.125.212.677.700,14.924.652.528.940.200,18.373.848.230.388.600,0,0
6.646.332.577.627.210,6.962.214.361.212.720,5.088.608.310.996.930,4.834.107.631.106.850,0,0
7.665.150.495.325.840,20.607.377.993.717.500,1.374.775.859.131.570,5.576.453.210.942.100,0,0
5.837.135.877.313.630,4.412.296.690.917.160,827.568.656.000.689,16.157.402.263.787.200,5,1
7.819.599.771.579.590,65.000.788.948.888.400,6.057.749.268.642.630,5.949.917.524.322.870,0,0
7.517.469.923.958.400,8.253.084.024.229.820,37.610.352.953.442.900,6.724.960.033.090.660,0,0
8.030.020.719.578.370,12.594.064.104.750.000,13.665.329.011.649.500,6.972.249.615.564.250,0,0
5.180.080.664.046.240,9.030.975.070.493.090,17.571.743.452.099.900,19.737.381.002.082.000,1,1
14.032.451.819.351.400,8.642.306.022.615.570,2.997.224.746.161.990,45.021.884.363.949.400,0,0
6.711.574.733.796.880,464.582.764.439.246,6.828.694.643.106.610,9.080.593.334.163.410,2,0
6.204.737.850.519.700,7.443.682.043.039.900,4.044.834.096.053.410,11.115.554.451.724.700,3,1
7.422.531.871.990.870,6.194.450.738.181.530,3.840.766.426.056.670,5.118.790.532.646.820,1,0
1.698.810.060.507.350,8.030.756.423.377.440,8.701.289.619.081.600,6.063.894.670.097.220,0,0
19.497.519.990.028.900,43.180.510.078.591.200,29.057.573.975.666.400,50.190.081.718.255.100,2,0
8.904.095.172.193.280,78.580.848.424.435,507.653.976.352.201,3.799.158.464.934.090,0,0
7.499.777.984.520.700,46.245.681.706.514.700,4.553.438.608.497.310,4.169.616.824.746.370,4,0
9.082.284.887.003.220,9.409.657.878.427.930,-2.844.872.224.749.700,50.523.251.373.811.000,0,0
7.587.153.211.639.200,48.637.210.082.514.700,4.333.331.227.783.670,6.669.911.493.376.760,4,1
5.971.553.059.903.010,46.261.927.193.372.900,8.782.211.043.722.420,15.485.244.493.578.200,2,1
6.541.327.370.278.730,7.850.718.615.635.120,2.729.349.166.514.010,9.684.043.877.338.700,1,1
8.891.279.239.400.090,8.215.776.917.608.370,34.886.385.819.711.900,7.016.636.865.201.380,1,0
5.788.067.545.119.400,5.544.891.143.211.700,925.729.559.655.014,15.891.107.093.290.300,6,1
63.239.132.432.838.700,1.797.978.134.950.750,21.236.193.023.904.100,11.105.782.428.662.400,0,0
15.647.671.600.360.000,4.677.582.309.575.790,2.326.216.735.450.450,24.736.388.226.080.300,1,0
4.739.212.201.161.020,9.680.725.029.096.780,10.302.926.495.082.100,19.051.135.126.758.100,3,0
716.397.111.958.099,7.529.861.930.391.850,24.784.952.527.152.400,7.294.929.060.817.180,1,0
2.709.426.983.163.650,8.111.626.038.791.320,16.115.708.195.213.900,7.652.338.590.022.690,0,0
2.022.541.805.245.340,3.282.549.881.924.010,18.681.577.439.284.000,4.348.013.542.850.620,0,0
31.382.680.822.441.500,4.678.594.626.341.590,67.719.707.217.408.200,8.113.492.009.083.970,2,1
24.150.062.799.283.300,6.466.211.336.575.550,3.238.118.391.443.450,6.577.850.992.247.930,1,0
21.491.263.703.639.500,8.300.326.836.280.740,13.128.708.295.567.000,5.268.977.518.967.020,1,0
4.248.508.428.680.860,4.927.365.358.277.140,7.042.540.391.842.870,14.026.641.730.984.700,1,0
9.078.385.138.835.340,8.524.388.856.418.730,68.423.618.966.786.500,5.250.956.335.616.420,0,0
50.705.964.673.871.800,5.484.009.367.419.110,9.909.178.421.350.890,207.240.981.992.289,4,0
18.792.038.081.532.300,19.731.397.057.605.900,8.502.969.241.022.300,4.167.713.911.654.080,1,0
7.697.166.938.087.400,3.172.552.164.497,8.895.902.568.144.530,47.477.961.082.105.800,0,1
6.961.561.451.379.250,28.192.955.175.156.000,25.927.932.950.660.200,603.513.256.384.636,2,1
38.279.876.443.638.700,5.308.590.342.884.750,8.324.205.412.097.000,9.977.558.784.938.150,2,0
8.218.309.465.853.590,5.168.567.991.113.180,8.426.317.777.657.280,611.152.943.059.354,0,0
6.595.107.686.407.700,15.853.615.849.992.300,13.749.834.192.922.100,9.199.534.671.612.740,0,0
7.962.414.505.413.680,8.126.930.433.757.820,8.175.508.407.045.200,6.784.067.676.341.050,0,0
27.194.603.941.844.800,13.260.399.074.681.100,7.937.162.362.861.860,6.970.946.405.906.530,0,0
692.358.922.461.058,23.339.626.945.812.600,2.575.431.811.922.010,7.004.117.189.371.020,2,1
26.406.198.469.371.800,4.533.706.056.041.570,4.442.680.393.412.130,5.844.296.460.857.650,1,1
9.390.684.794.502.910,5.171.208.881.133.300,9.899.613.209.105.060,5.567.154.407.989.640,1,0
6.363.742.815.333.740,7.636.104.796.141.580,37.348.978.471.894.200,11.885.797.308.991.800,2,1
32.451.180.017.534.200,4.473.324.266.661.870,665.721.265.003.152,8.539.012.946.815.170,5,1
26.951.186.229.227.200,7.898.646.210.355.380,20.435.426.486.916.800,7.158.769.944.879.610,1,0
1.909.265.850.716.430,61.834.630.704.545.700,28.715.920.316.812.600,48.297.357.136.442.300,3,1
6.946.409.588.937.270,11.309.973.942.382.200,13.296.954.997.884.700,6.259.311.587.363.510,2,1
2.187.156.129.979.270,15.633.143.839.283.800,1.410.822.072.606.900,5.222.270.527.961.270,3,0
5.953.032.659.274.890,4.370.337.254.497.700,83.453.586.289.371,14.730.133.982.291.900,3,1
26.463.502.692.535.700,3.968.893.930.890.390,4.165.245.557.829.670,4.738.551.161.906.600,1,0
6.619.689.447.938.680,7.435.442.696.372.940,36.673.658.597.619.200,7.703.716.502.857.050,0,0
8.149.397.285.405.390,5.807.371.397.973.510,28.803.117.484.884.400,555.264.844.058.876,1,0
7.780.252.431.446.530,3.881.330.810.022.490,34.868.556.675.057.800,49.081.178.678.278.100,0,0
7.608.513.309.307.810,17.076.028.345.038.500,16.687.084.636.959.200,5.333.672.600.789.670,0,0
18.772.240.569.225.200,22.683.710.232.549.500,11.662.846.920.013.400,4.754.734.748.487.650,0,0
8.838.494.698.451.870,57.550.101.846.905.800,12.480.311.804.276.600,6.523.741.640.022.270,0,0
6.989.488.284.873.850,4.234.388.048.997.920,5.372.300.159.094.570,8.334.805.833.660.270,0,0
3.683.472.137.943.510,51.492.750.886.067.200,8.670.270.984.879.940,10.068.178.637.729.900,2,0
4.323.462.264.033.470,17.067.743.530.223.300,23.334.486.095.653.400,16.398.904.676.756.200,1,0
31.149.092.793.391.000,6.629.062.523.445.650,36.735.982.455.818.100,5.850.257.043.559.730,0,0
2.595.764.492.750.490,852.538.740.855.967,9.228.261.980.150.950,6.435.434.228.982.320,0,0
33.676.403.874.464.000,2.579.395.067.869.000,12.378.537.680.595.100,495.882.652.136.608,0,0
8.791.857.726.012.470,4.915.142.258.318.260,1.437.180.155.624.080,3.873.721.401.459.420,0,1
24.339.668.321.853.000,9.755.273.290.209.010,10.289.260.361.772.600,487.500.448.180.464,0,0
5.573.371.695.730.080,3.332.417.405.507.270,6.369.648.606.271.940,17.209.557.020.342.200,2,0
3.897.932.066.113.040,5.950.463.449.237.610,3.912.293.395.875.630,5.277.358.114.076.950,1,0
666.847.391.305.658,9.019.570.020.024.430,14.500.269.234.173.800,10.432.755.124.652.700,1,0
3.230.273.457.540.930,60.601.500.247.944.300,6.095.095.967.808.420,7.446.411.685.402.790,2,0
8.979.191.869.576.650,8.963.177.330.461.790,44.612.516.147.594.900,39.794.322.526.583.300,0,0
8.881.181.889.340.350,9.592.354.353.238.220,4.621.442.243.302.610,48.994.502.271.891.100,1,0
32.529.061.836.174.700,7.156.626.520.723.110,4.367.998.023.912.200,9.292.243.028.851.400,5,0
9.009.608.956.904.670,7.881.597.881.357.060,-5.668.591.370.994.340,3.557.959.012.069.740,0,0
9.961.576.734.987.780,7.041.043.607.716.360,-9.514.997.897.500.750,6.453.701.840.905.540,0,0
825.415.664.123.948,5.897.290.360.764.650,21.655.718.280.064.300,49.032.353.342.192.700,2,0
844.871.347.755.229,4.499.127.810.855.050,20.504.422.385.352.800,4.304.892.402.849.040,1,0
2.490.087.361.090.890,8.583.733.797.610.620,8.235.172.212.768.990,40.427.014.307.667.600,0,0
5.767.023.988.577.560,956.835.667.543.063,5.499.795.089.453.360,16.883.847.215.572.300,0,0
6.725.591.396.736.780,4.990.361.729.040.810,10.282.461.322.494.900,4.830.115.958.373.210,0,0
9.491.793.682.166.970,931.535.049.155.262,1.359.769.601.800.400,5.174.806.485.782.000,0,0
9.988.926.120.332.900,5.833.329.099.885.170,19.159.678.862.424.000,4.099.247.337.593.430,0,0
32.663.924.942.591.000,5.383.841.868.964.330,6.090.260.976.516.540,8.018.840.156.756.950,3,0
7.481.839.120.488.460,4.544.827.329.553.560,4.214.167.052.940.800,5.202.971.207.875.660,3,0
8.066.650.530.268.160,20.928.776.153.011.900,9.084.037.197.492.940,50.355.399.482.102.500,0,0
8.580.232.710.072.290,37.196.608.180.591.800,18.579.545.977.171.900,4.355.146.910.586.640,0,0
9.976.282.974.021.560,24.150.622.685.606.100,-14.259.349.348.177.500,3.465.881.959.348.140,0,0
24.149.648.525.686.700,5.097.231.716.035.650,4.185.075.060.758.490,8.259.414.846.307.310,0,1
4.035.082.685.969.970,3.799.599.522.597.520,2.561.155.311.212.140,363.698.324.366.943,0,0
411.191.517.994.586,4.484.852.280.026.330,8.727.776.577.765.080,15.293.257.172.348.900,9,1
13.008.066.982.894.600,9.806.482.195.640.490,-22.123.678.334.185.200,3.243.991.402.582.090,0,0
22.425.889.162.055.100,35.027.237.066.932.700,18.198.558.256.740.100,30.031.198.500.962.400,0,0
3.604.268.271.414.860,4.521.829.393.601.070,7.225.257.268.945.130,107.611.826.201.303,3,0
7.837.382.510.752.360,13.351.555.135.281.900,6.360.061.516.412.410,5.442.219.891.715.610,0,0
5.661.806.912.250.700,4.795.773.243.698.760,47.612.753.890.286.400,18.311.394.717.953.800,0,1
31.277.798.921.035.400,7.754.095.145.924.940,2.772.068.618.893.650,7.999.377.040.219.650,1,0
6.543.420.054.927.190,5.706.831.750.719.780,7.096.986.595.012.280,9.408.615.644.221.310,2,0
2.320.181.803.088.100,760.704.806.043.895,17.215.419.732.107.200,4.464.079.742.592.290,1,0
14.381.446.072.085.000,14.986.279.888.655.100,-12.594.188.645.788.300,649.912.562.374.024,0,0
7.643.533.864.364.270,5.718.287.711.826.900,402.815.279.559.684,638.447.612.362.429,0,1
62.374.308.486.400.900,25.364.247.434.137.500,40.744.086.939.110.200,10.729.370.295.013.500,3,1
7.623.026.245.009.590,22.806.181.690.001.900,1.721.762.344.380.650,5.518.869.879.343.840,0,0
3.893.801.668.766.560,11.526.014.052.985.200,5.166.459.085.506.640,5.144.415.322.397.490,0,0
8.371.196.278.306.520,13.034.072.356.907.100,5.756.289.820.652.470,4.705.422.781.990.320,1,0
6.195.262.000.363.030,30.926.811.149.969.500,5.582.376.258.905.350,13.114.682.317.441.900,8,0
5.633.953.507.126.400,11.687.876.059.093.900,15.583.440.003.140.200,18.101.051.163.467.400,1,0
6.246.140.481.145.310,9.858.584.404.109.370,633.438.107.652.337,11.710.174.940.677.900,0,0
864.433.246.868.364,30.863.264.852.395.000,9.637.893.712.243.030,4.738.724.803.422.740,1,0
5.869.365.065.589.070,13.032.394.670.232.800,15.109.640.927.204.700,16.778.466.395.946.800,2,0
58.095.037.988.817.900,19.908.231.282.795.700,30.754.563.276.807.400,16.742.086.210.149.800,2,0
9.906.791.570.657.650,5.877.032.283.414.760,5.505.507.779.029.850,50.724.490.898.295.100,0,0
756.730.167.068.568,6.404.352.386.478.850,5.600.664.876.383.080,39.265.231.733.628.700,0,0
4.422.938.054.511.350,8.624.341.301.411.560,21.871.485.379.025.900,18.043.339.255.785.000,0,0
7.073.970.000.329.270,9.614.996.792.371.470,-19.846.227.260.511.200,7.444.165.463.458.680,0,0
3.892.304.716.917.880,24.674.742.066.738.000,35.554.606.566.497.200,10.367.310.668.302.700,1,1
228.875.462.483.499,4.500.952.685.908.590,39.363.305.118.996.300,5.631.948.680.948.240,3,1
5.968.518.768.877.590,2.213.445.102.949.700,29.485.407.760.735.000,13.967.587.537.795.900,0,0
9.281.820.981.139.510,6.407.102.247.272.210,18.025.933.281.407.600,4.780.712.166.910.180,0,0
9.291.395.200.154.620,4.139.260.580.525.880,10.667.908.943.452.100,4.094.122.507.206.040,2,0
3.419.052.781.054.900,27.005.846.610.155.500,37.546.979.531.284.100,9.150.684.789.616.150,0,0
527.677.466.221.695,20.683.711.061.660.800,3.228.158.544.786.810,20.828.323.716.257.900,3,1
2.116.358.985.698.610,6.540.230.776.587.600,24.850.025.920.384.600,4.788.255.651.748.720,1,1
9.956.311.094.988.830,4.162.170.310.323.140,4.339.907.427.860.080,5.965.643.039.625.730,0,0
9.811.179.078.679.350,179.659.289.029.912,18.716.860.769.436.200,41.938.099.333.139.900,0,0
6.495.089.297.074.470,6.891.090.814.868.240,4.699.268.821.615.750,1.066.448.760.706.890,0,1
8.044.140.596.774.730,56.507.228.303.669.300,2.896.215.550.008.800,5.147.481.179.496.510,0,1
7.151.001.612.837,8.586.720.549.294.960,1.526.464.940.691.700,6.835.883.984.794.040,1,0
5.931.582.190.394.680,1.174.758.988.764.920,18.559.315.050.517.400,14.726.588.481.210.000,5,0
53.347.996.988.897.600,7.856.666.019.444.560,3.734.475.734.937.180,5.642.323.540.373.600,0,0
45.476.434.255.266.100,673.516.786.817.259,6.287.902.858.343.380,159.736.159.114.418,2,0
6.747.863.021.674.100,11.501.093.682.809.700,12.319.159.511.146.600,6.836.299.008.511.650,1,0
6.775.316.138.836.840,6.948.207.298.717.200,4.662.477.830.599.720,8.519.482.046.691.970,4,1
3.731.226.184.223.830,4.415.472.888.798.300,8.246.340.584.068.140,9.663.494.820.248.640,5,0
9.416.919.866.580.300,9.449.847.855.558.430,2.937.736.859.942.100,4.470.290.059.436.140,0,0
167.357.032.236.781,14.161.135.061.789.900,930.269.464.202.129,50.049.964.688.516.900,0,0
5.003.594.462.155.600,642.833.390.815.738,7.765.034.313.647.710,19.171.762.961.513.600,4,0
6.908.839.765.508.220,381.980.045.462.946,5.516.652.714.039.980,6.734.370.101.103.520,2,0
6.971.358.058.918.090,9.568.146.705.908.770,24.884.485.912.316.100,7.420.413.048.729.870,1,0
6.486.389.567.688.150,32.997.489.529.027.600,5.373.665.526.158.230,10.979.063.297.191.000,2,0
27.528.821.345.186.000,9.621.859.094.918.000,7.671.796.183.601.870,5.242.702.323.418.840,0,0
15.620.656.868.662.100,901.485.851.100.749,12.747.789.544.168.600,44.656.369.696.285.700,0,0
63.594.032.682.671.000,27.038.323.531.065.600,3.847.938.112.214.510,10.222.728.997.888.700,1,0
59.930.211.613.943.700,8.035.417.768.264.270,2.823.608.039.962.120,11.740.072.304.978.900,1,0
17.935.601.028.924.000,9.956.042.018.035.050,6.036.780.754.877.090,5.229.521.938.174.810,0,0
7.051.391.455.705.630,25.266.300.217.128.200,2.945.468.863.671.730,7.764.042.201.567.170,3,0
4.551.719.917.336.560,4.367.771.693.233.190,914.068.276.119.928,19.582.724.906.381.500,7,1
667.760.591.603.153,52.018.073.656.675.900,7.514.054.803.565.500,7.801.721.751.430.110,3,1
8.373.670.797.701.500,2.949.311.358.038.640,1.038.155.539.211.080,37.989.539.230.065.500,0,0
16.972.842.857.692.300,1.526.483.964.602.970,51.172.550.933.979.600,50.857.950.661.843.500,1,0
19.144.867.996.836.600,22.012.924.419.752.600,-20.738.837.019.763.100,5.829.416.634.127.990,0,0
7.791.025.863.957.860,28.193.688.434.175.800,15.455.673.421.648.800,5.460.027.709.936.380,0,0
6.096.974.251.526.150,4.435.997.013.181.870,8.339.453.218.160.330,13.507.691.518.714.600,5,1
6.996.395.696.221.210,17.110.247.841.340.100,1.495.408.826.087.030,8.186.533.450.263.810,1,0
8.381.549.749.886.420,8.732.543.566.916.720,8.679.837.821.555.440,43.101.852.383.340.400,0,0
8.028.109.348.245.000,704.911.132.731.336,13.761.047.258.308.900,49.331.285.453.778.900,0,0
9.609.201.469.288.240,8.520.047.755.966.190,7.927.031.929.143.340,6.634.970.984.491.390,0,0
5.359.350.788.521.180,6.500.924.511.399.310,7.717.706.413.961.170,18.865.295.505.513.000,5,1
4.884.956.326.599.050,6.536.564.764.056.200,7.607.536.595.853.080,1.863.372.789.694.750,5,0
4.018.871.998.907.300,9.562.211.736.436.270,6.744.114.690.083.810,13.600.280.010.185.800,0,0
15.369.104.284.420.400,30.208.713.561.612.400,2.455.411.868.404.920,4.099.131.992.032.850,0,0
5.726.072.328.820.220,2.479.324.498.058.070,4.222.935.061.583.540,16.881.483.770.288.200,1,0
2.770.125.243.259.780,9.277.914.793.753.150,11.632.395.693.759.600,5.352.473.912.672.170,0,0
9.213.075.122.129.750,9.321.339.153.982.830,-32.091.235.130.655.100,527.313.187.520.857,0,0
5.831.908.042.770.970,7.205.864.193.706.370,4.931.099.275.885.900,14.876.245.388.772.900,1,0
59.284.018.050.811.000,76.576.332.104.754,366.527.520.015.051,12.624.846.735.613.900,3,0
35.492.466.087.701.000,9.148.295.792.964.710,12.097.851.467.009.000,1.054.340.342.334.230,1,0
5.198.935.197.770.740,5.138.758.347.782.330,1.038.796.761.579.690,51.491.208.127.652,1,0
3.174.376.537.298.860,2.315.829.912.889.990,44.369.740.627.097.000,5.518.017.733.578.630,0,0
4.233.351.441.531.970,18.121.804.361.361.700,2.524.589.443.660.670,15.507.557.565.038.700,1,0
8.456.537.809.723.780,8.103.032.991.233.320,-6.716.448.538.992.930,42.231.373.810.004.300,0,0
6.068.469.555.401.390,13.503.813.668.054.700,17.639.837.085.375.400,13.877.449.612.266.000,1,0
8.809.730.056.396.570,4.686.516.369.963.850,17.672.473.824.645.500,6.529.597.652.460.070,0,1
8.829.148.165.187.220,938.578.239.586.033,-5.720.770.662.960.370,50.209.899.395.443.600,0,0
6.590.454.101.322.320,18.583.205.556.534.200,18.722.594.741.495.300,9.659.139.380.636.410,2,0
211.231.831.472.931,9.779.934.237.382.340,-4.554.740.863.307.780,4.910.346.286.333.370,0,0
8.629.968.313.588.720,994.287.985.761.059,12.635.861.914.479.100,34.770.144.232.502.600,0,0
8.860.934.353.132.080,55.561.715.468.240.200,1.251.663.395.324.220,597.612.137.898.053,1,0
1.966.535.849.529.580,17.014.274.017.715.700,8.009.895.262.417.020,6.059.048.246.692.050,0,0
7.374.260.857.706.770,31.610.488.794.089.500,31.757.212.067.039.700,660.615.398.998.109,1,0
28.651.954.892.712.200,4.244.928.326.765.350,5.220.222.854.046.670,635.432.095.305.652,2,0
8.026.403.123.529.290,30.932.422.435.822.200,18.053.492.899.427.500,5.750.947.559.477.460,0,0
9.972.378.999.036.020,28.063.557.987.651.500,57.506.006.671.932.000,5.893.825.951.250.600,0,0
30.026.005.329.392.800,9.722.297.092.163.570,-2.851.454.641.122.390,6.620.398.479.617.170,0,0
8.973.658.657.909.310,15.336.482.741.574.500,4.234.235.603.234.120,5.994.115.236.186.140,0,0
6.226.305.335.986.580,7.333.279.087.168.620,4.367.126.838.558.140,12.135.782.238.847.800,3,0
9.733.826.191.648.210,41.028.943.917.487.100,-20.436.055.146.905.600,3.691.950.925.309.640,0,0
4.650.095.175.264.270,5.961.826.694.023.760,9.228.869.827.733.630,19.264.949.175.828.400,7,1
8.473.879.305.713.730,9.159.430.039.540.520,16.010.749.649.881.300,5.292.518.685.521.690,0,0
6.239.406.859.827.720,28.793.409.409.321.900,9.793.809.525.341.610,5.710.071.479.408.210,0,0
33.527.905.007.829.500,1.855.259.752.577.190,18.767.413.361.553.200,10.216.724.016.634.300,0,0
6.701.653.775.120.990,651.679.794.878.427,11.207.791.522.173.500,49.061.233.732.805.900,0,0
9.753.431.334.790.700,7.126.014.072.983.930,45.795.495.190.035.400,7.101.173.238.059.960,2,0
8.169.739.072.718.360,6.880.305.189.519.810,19.053.322.046.922.000,3.339.422.617.407.710,0,0
8.525.474.212.459.700,31.931.688.002.137.400,1.416.508.486.899.160,5.449.345.589.303.740,0,0
9.379.652.314.338.940,2.522.024.021.593.300,2.293.809.585.642.630,42.025.050.544.752.600,0,0
8.510.348.611.978.530,9.559.187.999.620.440,7.614.412.788.996.180,30.955.204.446.538.700,0,0
3.855.975.925.133.330,9.232.995.082.699.290,7.507.407.795.869.750,12.594.567.700.348.500,1,0
7.103.488.904.400.210,45.731.660.989.282.000,8.891.736.888.763.720,35.443.420.542.304.100,1,0
2.107.931.015.500.280,8.461.938.661.543.730,10.382.918.584.491.000,5.067.584.003.630.290,1,0
22.936.577.703.767.200,452.323.477.634.296,39.461.473.947.416.500,5.419.930.217.077.780,7,0
4.691.072.110.475.780,4.243.890.180.725.100,9.382.886.944.276.590,20.419.577.387.100.000,2,1
26.856.216.745.364.200,15.676.294.759.929.400,11.044.148.713.509.900,45.227.423.359.199.100,0,0
1.009.781.068.177.610,4.264.060.564.919.720,1.174.573.293.676.680,5.913.677.627.672.660,0,0
16.749.108.909.410.700,537.416.938.599.807,2.121.090.229.715.580,5.157.682.900.749.710,1,0
14.727.556.355.209.000,22.504.327.428.686.400,11.124.665.287.359.100,6.058.666.164.822.440,0,0
9.730.767.979.122.980,4.441.130.051.754.060,-41.006.596.353.302.600,45.684.559.821.683.700,0,0
7.592.925.069.184.730,7.813.562.183.952.000,14.271.908.910.228.400,4.187.935.604.328.250,0,0
967.761.465.269.562,6.800.460.563.742.690,40.817.175.392.368.700,37.827.666.804.423.900,0,1
43.974.048.650.790.800,635.156.988.863.935,7.774.455.050.387.430,16.217.710.023.774.500,2,1
2.783.684.816.626.560,9.095.554.284.372.020,5.842.976.224.784.810,6.764.440.689.424.340,0,0
7.982.931.972.091.860,1.803.200.982.523.000,2.845.693.508.530.620,6.652.286.038.225.770,0,0
3.262.539.180.411.460,5.570.475.861.922.340,5.929.510.556.696.380,7.750.736.498.933.200,4,0
2.993.833.737.053.480,7.873.488.484.097.070,2.137.064.447.945.160,7.634.244.780.364.600,2,0
2.325.059.922.078.310,5.413.353.827.012.670,3.498.229.727.140.030,389.567.626.318.675,3,0
12.967.897.822.423.500,32.389.555.258.037.900,859.772.666.225.985,5.196.104.077.304.760,0,0
25.646.306.101.676.500,13.625.056.509.197.700,8.553.048.778.011.560,6.441.573.746.868.030,1,0
3.553.197.484.738.870,8.875.630.718.161.910,15.603.470.196.946.900,8.818.719.858.509.990,0,0
6.739.942.081.457.300,47.076.239.238.760.200,6.887.957.384.761.770,8.097.530.914.452.070,4,0
6.256.484.221.945.150,8.781.151.969.857.010,1.586.062.506.312.380,5.716.966.657.022.330,0,0
21.050.693.966.534.200,5.858.521.224.331.680,3.193.257.954.863.460,22.933.528.433.645.000,2,1
8.090.236.402.916.760,6.741.921.166.150.000,18.601.699.475.734.400,6.462.052.106.814.500,0,0
14.692.192.358.377.000,80.426.115.437.845,4.985.320.166.395.810,538.312.658.321.216,0,1
3.426.451.465.225.210,6.591.555.446.001.340,5.474.739.469.517.060,10.066.061.541.269.500,3,1
8.646.589.218.581.400,3.980.548.406.789.370,12.504.713.799.600.600,4.606.714.233.137.080,1,0
15.492.531.114.344.200,51.363.338.392.865.000,24.298.852.663.580.500,3.316.215.822.076.490,1,0
827.368.356.181.899,8.030.455.246.758.790,24.341.984.085.369.200,5.536.548.218.257.300,1,0
4.845.379.950.800.100,3.736.502.963.729.840,841.419.290.780.257,19.739.171.898.494.700,6,1
3.024.195.112.785.360,3.881.214.567.684.970,553.791.483.592.077,7.162.170.293.436.070,2,1
5.634.083.644.838.540,9.569.011.605.800.110,7.305.152.424.403.580,18.355.912.714.001.000,1,0
8.038.048.904.834.750,9.145.844.352.217.470,19.353.924.603.446.800,5.910.615.850.198.590,0,0
13.714.848.815.274.300,9.103.631.494.544.170,-1.826.212.194.497.850,6.941.991.531.203.910,0,0
580.699.084.554.285,6.482.091.774.485.550,64.610.564.435.006.300,15.985.078.387.983.700,4,1
50.550.876.038.986.300,4.131.944.788.027.970,8.787.886.766.435.890,19.286.044.989.700.800,5,1
14.407.878.601.319.900,40.561.939.025.544.200,2.568.653.413.769.410,48.382.070.702.149.800,2,0
6.239.984.855.289.820,6.795.518.365.726.830,5.697.479.946.395.660,12.369.329.218.909.800,6,0
27.364.041.786.077.100,6.709.373.262.987.870,1.081.552.104.266.440,7.173.188.314.995.070,0,0
4.878.343.185.440.120,5.937.057.829.514.340,9.192.662.067.966.920,18.422.372.904.447.900,5,1
8.227.232.427.706.180,7.720.317.859.723.540,22.514.513.159.542.700,50.109.751.444.365.300,0,0
45.958.405.721.362.300,8.282.127.578.865.940,2.434.266.466.706.510,20.433.148.611.399.400,1,0
30.646.346.804.282.000,1.705.303.893.937.750,17.885.740.239.645.700,7.065.137.053.746.960,0,0
8.223.812.111.853.540,8.974.190.500.781.730,51.002.825.383.825.500,6.014.051.920.836.100,1,0
5.697.872.699.736.820,6.561.460.918.474.420,4.609.072.696.449.880,5.493.938.236.003.930,0,0
41.860.727.491.832.900,8.818.548.008.206.820,10.345.242.528.763.400,16.726.366.001.956.300,2,0
458.431.424.131.438,4.852.807.171.101.980,10.746.183.374.566.600,17.948.685.266.253.100,4,1
7.250.060.762.991.180,542.033.345.097.202,5.152.430.484.590.110,5.387.827.812.919.370,2,0
57.428.757.509.021.000,9.190.382.770.286.710,9.417.250.557.391.060,16.403.237.699.006.900,0,0
6.672.123.371.941.810,8.999.095.433.546.710,9.890.327.374.223.020,7.174.144.338.215.650,0,0
777.049.285.651.756,448.160.873.369.002,36.316.509.519.461.700,50.533.685.286.034.100,2,1
8.622.029.736.581.880,27.441.263.163.568.100,10.637.518.947.248.100,527.412.450.878.972,0,0
3.138.754.967.224.700,3.931.704.345.642.640,6.009.273.566.267.530,9.438.279.276.108.050,1,0
53.802.270.536.390.200,3.877.643.285.297.490,835.273.967.392.616,1.935.668.594.755.260,5,0
8.401.080.784.391.990,28.686.687.498.279.300,9.860.712.303.728.550,5.671.389.237.454.160,1,0
9.894.511.309.650.560,26.857.960.433.296.600,20.781.176.329.608.400,6.164.570.048.943.190,0,0
8.895.193.110.437.630,8.610.629.364.797.190,15.486.000.242.451.300,4.042.953.001.849.630,0,0
3.714.672.626.243.760,6.986.192.068.466.160,1.232.375.140.473.560,11.401.653.776.568.900,0,0
19.516.651.721.865.000,6.776.111.820.995.940,2.461.403.963.438.890,7.569.386.612.123.750,2,0
4.893.925.374.065.880,1.728.200.514.564.520,26.520.487.280.508.400,19.836.726.017.814.300,0,0
7.416.414.518.360.420,3.445.058.933.940.630,31.789.146.619.865.400,6.925.816.734.442.870,2,0
4.925.690.707.532.970,6.154.303.413.483.680,5.360.193.557.649.300,20.922.380.963.227.500,1,0
4.831.808.633.136.680,26.997.363.685.546.200,5.147.592.972.917.850,18.311.217.148.435.300,4,0
8.382.304.210.818.000,7.684.210.711.172.420,1.073.250.231.275.580,5.359.675.388.850.480,1,0
3.614.037.790.671.860,8.850.153.245.472.580,11.206.914.045.891.200,10.887.581.944.762.500,1,0
8.597.946.748.116.450,22.152.715.190.236.700,6.080.336.231.866.190,5.353.136.591.431.610,1,0
40.680.480.095.172.300,46.354.783.925.892.100,86.455.734.243.389,1.396.197.432.023.040,1,1
3.282.331.056.783.390,4.703.240.479.372.060,6.832.918.610.022.460,7.314.098.116.544.120,4,1
453.989.911.199.699,8.735.753.057.597.340,9.868.957.561.300.590,18.017.431.971.552.100,0,0
7.624.469.586.748.680,7.627.990.528.758.050,14.526.303.617.164.800,5.381.293.423.357.670,0,1
12.600.202.786.399.400,5.130.772.183.680.490,1.548.636.191.997.260,619.874.878.942.052,0,0
1.964.192.158.720.170,6.707.472.004.717.730,2.557.150.670.037.130,6.966.877.281.662.930,1,0
951.444.825.663.092,8.473.550.539.093.660,-7.091.484.967.772.590,6.397.160.936.085.160,0,0
1.754.916.273.813.570,9.538.954.025.544.940,1.867.115.091.046.190,5.937.704.072.604.490,0,1
5.677.273.179.310.540,4.028.900.310.500.480,8.460.714.161.985.050,1.592.141.920.098.980,3,0
57.931.446.666.193.700,9.072.431.672.770.780,1.552.212.079.733.070,15.542.982.061.599.700,2,0
4.896.244.620.502.440,7.403.130.308.439.510,5.230.623.029.045.180,20.129.404.114.276.200,0,0
6.447.452.485.768.180,54.284.137.433.407.400,7.504.154.170.453.780,962.945.398.237.255,3,0
22.982.672.579.761.800,52.964.452.703.513.300,38.289.986.859.299.800,5.967.197.398.771.850,7,0
55.266.226.777.674.800,34.777.009.760.443.700,70.308.886.517.089.700,18.778.270.730.964.200,5,0
3.721.732.552.468.970,52.052.053.364.151.400,8.037.499.474.110.190,12.162.721.187.445.900,6,0
661.667.259.629.189,6.553.831.994.634.530,5.203.686.772.949.020,10.085.346.077.958.100,0,0
14.122.354.337.314.900,4.183.630.384.287.930,20.070.181.725.978.800,4.119.450.206.586.390,2,0
5.708.774.168.394.760,714.153.146.392.174,5.419.808.453.834.550,17.601.059.011.739.700,1,1
1.852.703.553.833.230,8.612.322.272.603.850,7.449.304.049.232.600,44.103.152.233.269.800,0,0
2.786.430.631.150.360,15.468.484.818.486.100,1.598.659.116.533.050,5.353.539.459.259.660,2,0
2.187.098.003.235.830,45.154.702.281.742.400,4.170.590.260.270.130,5.819.148.981.099.200,0,0
1.828.377.798.688.170,4.080.200.912.850.810,2.595.929.017.017.980,6.313.995.580.230.910,1,0
825.710.951.560.667,6.874.648.040.497.280,20.410.506.908.849.800,5.562.560.075.086.750,0,0
28.570.756.766.089.000,24.986.746.525.792.900,2.471.154.118.796.620,6.530.620.150.769.600,4,0
9.271.237.818.644.490,6.402.509.149.522.760,1.155.034.705.316.540,5.311.792.798.121.740,0,0
9.699.265.253.451.900,8.774.892.417.314.880,425.014.753.654.766,5.136.667.248.264.110,0,1
57.126.046.993.709.700,4.181.315.997.936.220,8.933.253.787.503.240,15.510.557.976.895.000,4,0
1.430.011.226.657.260,91.101.569.997.922,2.742.781.627.301.280,3.783.000.425.432.290,0,0
3.745.482.433.795.810,9.931.637.389.334.780,19.236.408.129.315.400,11.749.933.669.973.100,0,0
797.732.263.348.214,10.609.204.994.795.200,5.636.884.752.010.990,5.258.176.971.129.250,0,0
36.739.072.869.707.000,23.305.318.798.485.800,32.816.914.696.106.900,11.237.675.984.029.100,3,1
8.701.721.830.278.870,9.503.797.514.820.930,5.538.649.353.632.410,5.679.070.142.760.460,0,0
55.678.491.092.818.700,9.583.276.864.813.860,6.022.679.902.028.640,17.551.014.896.798.200,0,1
8.451.208.514.960.340,977.072.753.867.585,5.339.551.411.352.910,5.601.855.503.782.970,0,0
7.959.263.871.435.020,1.499.850.037.713.660,43.004.469.454.934.600,50.435.528.155.959,1,0
17.512.314.013.035.300,16.110.002.325.642.200,5.509.988.945.327.450,6.899.955.875.072.680,0,0
6.727.646.144.124.660,9.960.127.833.822.480,7.128.510.883.767.950,8.453.265.300.564.490,0,0
2.205.042.634.356.470,17.999.961.661.068.600,17.459.000.178.902.500,7.642.567.159.246.110,0,0
21.820.753.455.217.200,50.254.760.672.202.300,3.339.039.340.745.400,5.635.014.110.731.120,1,0
8.740.717.733.051.850,848.417.726.430.511,1.066.851.901.987.780,4.800.049.228.245.910,0,0
24.966.895.274.023.000,2.040.161.068.820.630,11.796.098.011.880.000,47.541.705.048.225.800,0,0
2.632.473.465.180.110,6.044.889.822.584.590,4.430.426.301.373.700,4.466.902.089.995.900,2,1
6.533.907.612.995.540,27.702.544.886.962.400,32.495.449.323.828.000,4.008.615.470.547.550,0,0
8.706.690.341.255.170,8.623.349.164.397.310,46.606.194.271.018.700,4.135.974.326.461.000,0,0
7.925.948.132.091.340,28.346.114.926.407.900,20.873.387.951.644.900,5.602.338.261.412.000,0,0
627.328.935.090.678,6.867.557.202.819.080,4.995.124.579.839.480,11.142.483.794.654.200,1,1
7.502.657.639.388.420,6.742.196.324.473.960,27.621.510.710.100.200,584.161.443.964.656,1,0
1.520.485.674.244.910,22.149.354.885.964,9.538.609.293.963.710,6.317.222.369.655.010,0,1
45.832.359.458.757.500,34.799.199.868.350.100,46.517.513.766.298.800,1.866.446.386.662.710,0,0
35.121.938.734.878.000,4.092.495.737.853.970,6.369.924.468.505.760,12.038.466.936.028.100,3,1
937.765.262.570.165,2.891.931.519.658.690,10.207.340.839.960.100,3.828.104.468.422.450,1,0
4.861.304.852.149.240,8.089.777.496.137.080,34.433.153.101.805.000,1.970.583.547.150.650,4,0
9.207.396.503.426.350,8.003.641.884.553.450,8.213.384.940.169.750,44.628.354.536.859.500,0,0
4.005.911.905.069.440,4.570.239.521.926.250,7.504.226.562.917.480,5.936.888.934.508.810,0,0
2.914.609.134.937.930,6.065.122.253.232.180,5.226.577.488.290.920,4.465.306.512.811.840,2,0
20.754.093.620.570.300,6.042.595.159.869.250,34.077.924.038.382.600,3.765.228.652.601.480,0,0
2.381.466.536.656.960,8.271.581.484.276.230,9.211.660.413.460.010,5.379.255.270.133.660,0,0
9.084.345.518.793.750,4.250.024.141.231.970,1.491.606.302.164.870,655.495.594.405.663,0,0
46.806.905.423.429.000,27.544.667.979.050.900,5.339.499.720.238.620,19.480.317.457.298.400,4,0
4.662.994.129.398.180,26.503.491.814.054.700,5.218.639.476.638.300,17.820.389.277.660.600,1,1
7.605.756.424.552.820,5.361.922.792.822.040,4.265.841.015.347.310,4.305.950.135.933.510,4,1
1.544.922.040.049.250,4.491.482.027.322.120,2.566.133.981.592.370,6.711.350.024.126.650,1,0
4.872.653.541.000.500,4.401.207.709.849.360,960.939.892.913.023,19.257.728.582.061.300,4,1
4.299.852.141.210.590,9.113.733.908.970.720,718.618.220.655.544,15.796.389.473.409.600,1,0
5.969.106.905.466.560,7.186.037.406.901.950,5.328.766.439.205.320,15.856.306.499.538.600,2,0
9.995.577.032.504.380,2.137.366.879.819.100,-12.563.578.277.541.600,6.011.154.154.811.180,0,0
769.448.894.082.047,19.695.363.020.872.100,16.562.085.752.008.200,6.671.748.588.063.900,3,0
3.978.657.030.174.270,4.127.583.202.773.930,7.953.845.808.302.110,12.953.769.856.641.400,4,1
8.275.530.522.740.460,2.277.783.416.178.010,13.885.676.658.499.300,35.450.878.353.465.700,1,1
17.070.836.331.248.000,5.838.582.673.080.150,2.701.867.285.978.410,5.199.464.267.241.090,1,1
30.463.686.308.960.100,3.714.633.393.344.710,6.460.285.249.854.330,5.335.370.909.014.600,0,0
20.444.837.246.427.300,4.489.117.225.927.900,34.006.774.047.300.300,5.554.838.154.972.960,1,1
34.041.155.611.425.900,53.716.932.160.402.800,72.756.973.114.522.300,10.676.261.215.695.700,6,1
5.105.807.574.595.590,20.353.552.248.180.400,27.244.328.082.525.400,18.182.503.151.052.100,3,0
6.151.291.405.411.990,1.557.516.228.655.290,19.617.282.301.589.600,1.359.128.286.680.040,1,0
9.106.057.172.144.210,8.804.219.028.736.040,-13.570.737.197.762.500,39.066.487.602.392.400,0,0
5.098.540.095.504.570,43.372.370.283.142.100,9.505.607.124.067.000,20.783.085.695.100.500,2,1
50.127.564.462.572.900,41.209.360.963.253.900,8.736.176.516.667.850,19.523.822.893.219.000,5,1
5.024.300.982.298.210,3.561.215.027.284.140,-3.016.398.819.284.430,4.186.635.789.817.500,0,0
3.491.155.265.622.380,49.797.630.258.739.300,1.150.924.929.465.540,43.903.986.205.065.900,0,0
5.511.599.619.163.720,55.416.972.161.100.000,9.650.403.391.252.500,16.714.405.460.169.700,5,0
4.381.786.132.483.440,5.588.408.709.546.660,9.128.462.777.220.850,17.431.250.578.532.700,3,1
8.391.803.949.802.980,7.070.311.693.228.840,14.446.882.251.188.800,42.749.649.762.039.100,1,0
16.067.958.471.184.500,17.748.183.499.101.100,5.716.813.843.127.950,5.833.710.842.865.170,0,0
249.716.621.170.496,2.522.231.342.306.180,4.474.804.264.394.830,5.640.244.933.227.420,0,0
44.903.876.793.012.500,8.107.304.652.304.120,26.928.181.032.943.900,1.986.153.330.748.510,2,0
2.374.785.567.522.570,947.170.616.843.394,6.451.315.287.939.390,5.844.480.152.125.140,1,0
4.961.437.333.883.740,13.593.274.736.732.000,7.517.338.687.654.790,552.126.840.319.909,1,0
724.598.286.847.629,4.976.495.545.052.180,5.196.641.904.565.890,7.604.318.154.714.620,2,0
11.159.299.995.724.700,21.417.625.273.958.600,5.529.406.314.247.050,43.802.843.921.617.700,1,0
6.083.195.000.077.710,6.007.316.835.498.240,5.911.872.049.836.030,11.854.505.125.366.700,1,0
28.104.975.016.688.900,32.550.333.812.613.500,3.852.264.771.105.750,6.565.005.579.101.040,1,1
173.496.050.355.022,14.368.762.518.421.200,3.783.753.202.868.720,36.500.100.385.907.100,0,0
3.797.515.229.193.170,7.099.330.734.342.460,4.951.726.603.047.520,14.733.462.044.232.900,1,0
8.014.457.762.229.530,5.337.254.136.714.440,3.530.894.212.059.390,6.615.043.557.858.270,2,1
3.920.935.769.045.720,14.383.447.099.031.000,1.554.884.267.560.510,15.544.080.910.871.400,1,1
7.507.696.492.110.550,9.241.588.405.514.360,18.529.351.544.220.000,5.708.922.043.966.720,0,0
12.548.629.679.915.000,8.081.570.490.242.120,6.669.158.922.117.660,5.564.074.810.111.510,0,0
7.727.714.196.650.790,17.619.440.616.424.700,9.331.053.625.831.210,4.903.956.895.665.730,1,0
23.693.332.490.664.800,60.621.664.222.076.500,37.958.073.366.735.800,6.354.275.175.600.720,1,1
6.773.931.298.888.720,33.692.191.307.674.500,5.006.065.801.190.510,6.894.492.081.432.310,1,1
5.657.815.548.409.960,5.854.859.383.150.350,8.971.411.484.935.660,1.453.857.832.378.390,4,1
9.291.447.172.116.870,31.565.362.698.232.400,4.724.472.033.645.020,4.210.792.505.196.130,1,0
38.732.251.797.531.400,8.693.956.069.225.410,7.283.755.985.882.360,1.149.506.336.359.250,1,0
6.616.518.883.444.040,2.229.500.085.577.530,27.211.637.688.102.900,6.479.154.473.986.690,0,0
19.155.485.551.252.900,1.880.585.664.790.750,-12.567.042.468.580.400,6.815.820.475.641.620,0,0
826.858.560.972.753,4.280.193.524.396.430,26.347.725.634.861.300,366.887.775.321.724,2,0
52.473.563.766.143.200,6.582.837.834.261.570,6.907.012.285.805.490,208.397.750.427.923,4,1
7.752.440.518.349.490,26.380.607.494.635.700,26.313.131.062.445.200,6.291.009.646.868.650,0,1
2.344.256.000.115.140,1.206.993.530.061.790,5.999.711.662.966.990,3.871.343.507.762.400,0,0
3.450.837.455.132.330,5.189.373.642.647.560,7.378.907.841.375.430,9.127.861.178.989.800,3,0
3.010.387.221.131.890,6.057.594.893.589.720,8.105.369.382.593.170,44.200.769.516.090.100,1,0
9.614.923.245.741.120,9.628.704.940.018.090,-44.309.639.337.834.700,5.748.351.352.971.760,0,0
6.678.679.067.008.130,5.894.708.030.932.460,7.118.592.540.114.800,7.437.100.943.974.760,3,0
9.332.050.877.593.060,47.117.255.937.814.100,7.707.128.646.983.430,49.023.890.908.172.900,1,0
26.549.640.742.907.200,5.734.016.258.977.030,4.665.147.751.086.090,5.273.370.179.198.320,3,0
61.146.361.122.566.000,927.900.629.862.027,31.131.557.420.140.500,13.532.775.497.713.100,0,0
6.784.999.682.926.370,8.283.781.456.016.460,18.902.755.002.750.600,7.832.587.894.552.720,1,0
31.754.970.025.758.800,322.978.733.363.808,4.126.439.359.153.550,7.304.301.508.710.890,2,0
8.481.092.350.156.300,23.725.436.365.713.700,9.581.416.301.180.340,48.217.544.019.767.100,0,0
9.471.614.629.002.470,26.263.361.236.607.300,2.428.334.022.400.540,7.036.725.421.254.740,1,0
8.848.551.176.960.040,504.421.039.715.213,124.643.644.505.311,45.922.172.872.675.100,1,0
7.390.669.759.393.720,7.440.494.512.285.770,208.357.677.538.388,4.820.046.466.012.260,2,0
27.746.467.972.495.400,5.032.192.071.829.620,5.451.732.909.773.790,6.844.492.466.322.680,4,1
28.161.604.210.563.100,6.779.639.582.811.250,14.891.265.326.015.400,623.839.354.965.907,0,0
963.360.320.446.038,723.580.700.439.981,14.101.557.719.879.400,3.585.092.566.352.460,0,0
10.284.495.935.692.000,8.059.701.286.709.530,3.538.159.160.127.330,7.231.589.325.672.300,0,0
7.160.499.732.421.440,28.949.786.511.971.900,39.873.909.735.922.100,6.101.306.278.264.760,1,0
7.062.461.625.552.620,6.641.257.392.833.500,4.339.357.122.388.880,6.410.270.991.645.490,3,0
6.226.895.409.497.970,42.659.190.105.439.300,7.469.970.317.405.250,12.226.679.642.666.200,3,0
9.901.088.460.868.650,8.891.193.557.274.420,-3.531.438.436.002.170,6.730.207.984.879.380,0,0
31.187.943.576.372.500,8.452.255.581.607.390,14.578.769.703.575.500,5.876.610.826.176.190,1,0
33.997.186.379.324.800,5.254.319.983.096.420,7.097.380.953.208.600,9.444.668.114.161.840,4,0
7.893.940.294.655.550,6.915.055.458.135.940,9.602.751.993.954.000,7.089.391.712.553.550,0,1
4.427.981.365.437.370,8.833.497.010.221.030,15.944.073.163.199.900,17.864.918.612.299.200,0,0
2.610.485.262.348.480,4.957.170.100.782.750,5.169.406.816.222.370,4.628.098.015.643.540,1,0
34.338.670.217.764.400,31.325.074.048.882.100,4.664.713.946.645.540,8.781.864.547.532.350,0,1
8.345.717.902.556.270,7.536.661.379.095.810,1.501.744.175.636.820,5.262.521.916.122.540,0,0
9.354.845.135.274.950,2.200.662.547.846.910,3.008.554.897.492.810,6.331.946.699.655.160,0,0
18.573.307.200.518.500,388.531.148.006.042,2.199.738.369.814.700,4.768.178.081.063.120,1,0
3.725.089.315.534.650,8.657.272.371.067.930,21.865.467.314.376.500,12.481.539.479.104.800,1,0
928.630.562.115.394,724.422.340.269.315,-11.446.748.481.388.700,3.566.167.811.918.190,0,0
6.180.846.068.922.260,40.381.100.524.749.900,5.863.593.667.700.380,35.572.969.609.543.400,0,0
9.236.052.811.137.850,2.147.445.024.083.570,26.497.784.593.296.200,4.520.895.523.376.260,0,0
16.279.098.920.622.900,3.559.683.908.322.360,26.149.502.633.720.400,6.488.951.464.415.280,3,0
59.521.283.412.687.400,284.104.149.227.433,5.528.031.891.936.890,14.602.032.397.356.700,4,1
15.047.227.100.599.700,17.608.928.794.385.300,10.332.552.239.632.600,5.323.170.069.212.200,1,0
9.680.763.814.507.330,7.433.329.135.656.560,20.923.714.730.532.100,5.278.341.711.222.710,0,0
44.671.452.725.852.000,2.520.698.868.501.710,5.203.838.943.235.950,19.123.955.264.866.100,1,0
5.015.179.603.501.660,45.416.747.016.776.300,985.106.481.893.904,19.388.051.254.290.200,10,1
2.466.586.158.054.060,38.585.944.683.610.900,4.102.538.484.221.120,6.294.183.700.894.350,0,0
4.709.602.524.347.330,9.820.773.786.356.300,5.956.650.652.172.290,185.497.860.486.783,1,0
6.619.136.326.370.110,3.910.922.441.482.200,6.198.033.753.349.570,1.102.733.201.523.300,5,1
7.511.771.369.540.420,79.982.482.796.754.700,4.254.292.800.150.580,48.395.062.462.140.000,0,0
753.868.082.709.913,8.982.575.257.208.400,4.826.017.878.398.880,47.154.699.175.005.400,0,0
57.789.111.269.408.800,5.907.537.213.530.640,8.545.355.870.301.360,16.624.765.206.582.300,6,1
9.043.597.749.938.570,5.993.635.517.382.650,12.550.811.295.890.600,50.840.110.865.222.300,1,0
8.174.078.473.061.090,41.875.899.048.265.400,2.604.180.731.982.780,5.424.212.693.943.620,2,0
7.570.481.146.986.250,43.184.369.231.202.900,4.584.178.974.890.480,5.778.525.424.214.690,6,0
5.560.552.168.046.060,5.393.258.284.087.120,-8.196.002.413.300.380,39.103.799.969.896.300,0,0
6.877.962.219.649.310,51.654.651.038.926.200,62.986.350.721.954,6.613.437.585.837.560,0,0
21.244.727.719.547.200,5.047.394.753.803.510,3.771.627.041.428.860,6.133.743.443.120.120,2,1
6.635.235.939.134.520,14.954.931.855.694.400,18.861.802.177.768.800,10.298.442.470.478.900,1,0
41.119.748.888.254.500,10.383.938.611.092.700,1.254.614.450.813.770,14.584.003.466.253.300,0,0
4.024.062.592.993.110,1.235.724.905.994.900,1.572.674.790.357.380,14.733.361.443.707,1,0
8.845.868.882.296.130,10.102.824.649.125.800,5.110.282.825.141.440,5.206.579.953.453.570,1,0
8.955.628.481.318.380,6.097.081.955.367.590,16.641.954.835.762.100,6.134.005.913.119.980,0,0
9.091.752.640.535.850,19.648.265.240.291.800,2.997.822.375.170.640,616.371.962.789.713,0,0
3.138.780.765.150.270,25.143.015.218.746.300,30.759.512.725.446.100,7.846.821.892.338.970,1,0
6.910.558.127.392.610,1.735.721.441.514.390,2.176.151.169.599.710,5.900.032.594.676.440,3,0
27.163.318.127.436.900,957.835.304.448.503,-2.579.248.876.039.740,7.885.363.421.571.190,0,0
19.060.983.307.444.900,8.546.174.631.518.350,42.058.968.933.830.000,5.681.159.799.079.190,0,0
18.463.245.734.736.900,23.049.483.735.152.000,16.032.867.388.072.100,44.954.154.076.101.800,0,0
342.107.620.863.594,327.566.293.922.126,5.377.279.198.812.730,971.918.121.551.633,0,0
4.299.576.197.798.210,20.989.284.230.499.700,3.441.297.398.102.900,15.225.991.012.697.900,2,0
8.309.491.710.550.680,49.187.595.946.082.300,24.067.016.462.721.600,6.118.120.590.405.630,0,1
1.198.910.934.727.120,19.610.532.474.253.500,-17.274.391.493.313.300,3.539.719.951.497.900,0,0
7.349.258.473.948.940,6.713.680.088.967.950,3.297.726.571.997.510,5.729.009.537.208.270,1,0
5.314.549.141.893.050,5.231.581.498.176.410,1.027.549.560.930.360,19.520.451.796.289.300,7,1
28.794.534.267.599.200,8.986.389.283.011.030,5.934.542.675.318.360,7.622.424.794.876.480,0,0
49.281.958.453.282.400,16.439.268.432.841.400,2.475.407.601.562.290,20.067.925.701.392.300,1,0
29.994.206.977.702.200,8.041.092.460.611.310,16.822.872.981.860.600,7.662.641.142.979.300,0,0
59.608.195.523.830.500,7.919.610.144.667.150,3.322.817.872.959.290,1.442.607.098.186.180,0,0
4.338.439.228.552.440,12.718.118.921.688.600,15.044.294.251.999.500,17.019.672.471.126.500,0,0
16.440.552.907.887.800,3.985.592.241.441.270,2.122.213.916.974.010,5.139.242.268.445.620,1,0
11.658.307.455.569.600,1.701.526.411.445.160,-9.641.220.717.111.410,4.820.576.850.245.480,0,0
5.466.956.820.721.300,2.547.205.004.575.480,4.103.344.494.699.440,167.640.586.780.914,1,0
9.024.130.332.861.030,26.324.617.483.054.400,6.578.572.059.539.040,42.362.441.296.407.200,0,0
34.395.768.655.768.500,55.623.639.402.577.200,6.692.474.531.020.240,9.684.489.116.044.160,4,1
7.330.001.072.226.230,4.114.109.317.604.650,5.230.676.805.692.750,5.744.497.150.362.600,3,1
658.661.354.939.767,9.477.328.040.063.050,-226.812.328.330.426,9.104.658.534.946.630,0,0
931.554.914.309.481,12.637.014.194.700.500,-6.978.794.903.955.330,46.780.013.601.311.200,0,0
8.209.810.172.991.400,9.736.921.348.501.980,17.195.739.776.689.900,42.232.674.426.892.900,0,0
56.660.525.890.546.200,23.063.864.021.426.300,3.710.219.990.053.190,16.522.877.472.978.900,0,1
6.570.304.982.341.070,772.873.936.381.853,2.565.538.640.063.310,9.064.734.408.626.060,0,0
8.983.864.665.840.340,3.389.699.261.728.210,7.071.907.740.279.760,5.010.509.859.044.840,0,0
3.995.187.845.869.340,14.308.139.541.731.300,14.959.881.721.104.800,14.447.557.792.400.200,0,0
32.679.470.585.777.700,85.788.918.524.624,1.300.127.513.843.690,8.166.389.741.212.590,1,0
1.081.108.363.519.630,3.088.608.992.364.630,9.036.708.306.091.060,3.970.440.162.662.960,4,0
8.265.510.741.914.640,6.588.554.042.268.420,19.469.881.499.628.600,36.744.497.739.289.900,1,0
800.980.700.403.365,5.664.436.850.866.260,3.404.539.807.265.520,7.759.233.223.049.920,2,0
10.445.451.810.015.100,4.717.563.093.908.740,15.527.071.869.610.300,38.761.923.818.997.400,0,0
5.768.573.811.327.000,4.958.194.726.485.390,9.620.349.366.204.040,15.645.408.867.005.700,5,1
46.398.169.816.688.700,7.322.379.140.922.870,4.173.780.111.373.680,19.574.897.243.713.800,1,0
11.870.909.550.911.100,8.777.291.412.344.050,10.286.798.547.916.800,537.131.129.729.549,0,0
9.805.682.270.607.230,6.681.806.619.579.050,7.836.300.204.081.250,5.521.010.625.293.350,0,0
21.469.588.746.335.500,8.958.121.013.985.780,33.853.481.723.855.000,48.134.637.825.662.500,0,0
6.723.418.009.056.110,5.778.819.701.986.410,6.122.440.011.152.380,523.984.401.419.847,0,0
5.948.473.795.019.090,14.065.333.923.366.600,2.224.092.479.630.200,14.627.666.865.860.500,1,0
7.388.666.771.330.320,7.166.319.367.020.310,2.585.032.333.231.720,5.553.051.600.105.890,0,0
32.443.446.047.186.900,4.372.816.482.446.170,4.683.302.161.311.850,5.245.678.309.787.750,0,0
6.587.176.387.270.220,40.354.862.081.368.800,6.193.357.418.537.290,10.312.029.563.948.800,2,1
5.322.918.759.514.540,13.696.663.454.423.500,17.116.563.435.445.400,1.921.576.406.481.970,0,0
10.326.500.887.504.800,5.067.700.407.177.880,10.275.054.051.514.300,49.901.837.477.002.200,1,0
17.252.387.694.636.200,12.654.531.119.637.700,5.864.640.780.430.900,6.138.531.589.787.400,2,0
5.679.742.973.160.800,4.766.204.563.105.400,893.771.421.218.234,17.867.151.668.401.500,8,0
2.963.576.135.132.880,7.636.152.989.616.560,26.792.550.216.655.300,8.470.089.096.569.050,1,0
938.315.728.651.316,25.826.435.788.716.300,6.247.455.593.128.780,3.244.779.584.999.130,1,0
8.187.402.294.840.500,4.807.861.681.797.270,2.297.188.428.164.440,5.998.439.588.025.440,1,0
983.567.206.513.663,9.920.159.693.968.350,4.910.310.506.120.820,5.601.705.469.226.690,1,0
25.967.083.895.041.300,6.866.504.233.540.370,3.296.929.595.372.580,4.949.738.868.587.530,1,0
969.723.632.797.977,8.413.567.713.051.980,37.269.775.388.288.400,5.251.830.550.073.190,0,0
4.312.338.697.915.570,41.484.760.656.054.500,8.381.663.368.131.350,17.892.631.899.354.000,3,1
34.751.879.531.375.400,7.678.609.231.258.550,32.365.417.306.697.300,8.861.271.308.674.860,2,0
5.034.952.696.935.320,4.050.917.294.132.180,39.496.490.838.110.600,5.443.172.932.118.460,0,0
5.276.525.785.960.260,12.291.118.254.224.400,10.916.477.247.810.300,5.872.034.030.941.530,1,0
6.920.112.559.466.540,20.307.059.292.006.200,26.957.634.098.191.100,630.311.762.160.747,1,0
4.579.289.944.340.270,40.195.192.461.521.900,8.686.895.120.181.400,18.587.281.899.763.100,7,1
2.265.216.260.361.050,8.457.448.783.257.630,1.223.375.365.127.330,5.657.450.619.439.350,1,0
6.139.703.063.252.320,3.462.660.507.879.300,6.414.693.408.752.870,12.038.772.822.646.300,3,0
25.285.811.825.011.100,6.546.211.935.154.620,36.321.332.550.785.100,4.828.426.303.485.390,2,0
5.776.317.543.444.220,7.093.142.948.034.830,4.861.986.640.420.450,1.596.240.966.816.960,6,0
3.592.087.469.826.900,5.861.823.540.883.410,7.224.609.956.407.420,11.369.113.185.845.200,4,0
823.552.226.611.819,3.572.419.681.701.360,18.738.954.045.585.300,5.723.692.146.395.800,1,0
8.206.961.607.667.790,5.770.533.417.135.440,23.132.258.780.190.200,42.262.506.377.732.200,0,0
4.773.503.981.224.010,3.422.655.927.897.460,7.803.521.322.078.700,20.272.307.119.639.500,4,0
3.508.191.093.350.150,8.387.373.855.201.200,8.051.272.321.824.560,9.093.884.255.887.810,1,0
3.625.597.965.590.940,9.928.039.781.860.140,7.838.277.375.573.430,922.299.514.546.109,0,0
8.057.145.256.682.170,12.718.245.363.251.000,43.937.697.671.090.600,47.730.097.424.527.600,0,0
328.179.482.797.612,72.348.383.836.057.300,31.278.130.982.420.000,9.550.827.776.794.380,0,0
209.059.373.706.846,8.785.307.492.071.550,10.091.006.077.456.400,5.873.740.051.198.680,1,0
8.468.834.187.530.680,30.183.466.089.289.500,4.999.901.983.735.570,5.001.123.781.837.090,1,0
4.666.931.208.844.080,6.502.969.740.735.070,7.594.941.791.271.260,18.773.937.339.518.700,7,0
48.213.209.891.984.100,3.290.057.296.622.320,7.317.776.506.493.960,1.937.269.247.115.860,3,0
8.409.087.104.029.070,3.914.542.707.944.710,18.688.960.526.983.900,5.153.704.227.968.550,2,1
22.123.869.644.606.300,2.621.129.720.167.960,20.257.218.841.821.300,4.239.658.772.772.930,3,0
38.099.127.366.839.900,3.430.440.057.930.100,5.848.079.985.142.290,12.040.182.946.929.100,3,1
808.405.738.893.691,41.070.040.058.654.300,3.490.277.334.612.110,4.913.467.707.164.540,2,0
8.236.236.107.489.730,7.204.160.690.923.420,17.522.069.302.246.100,37.286.992.042.283.500,1,0
3.846.110.759.787.680,5.115.361.942.347.910,839.494.411.526.324,1.187.002.396.498.250,7,1
4.591.240.232.866.800,943.565.217.156.977,6.053.628.905.934.070,1.920.828.979.708.160,0,0
30.328.589.084.928.200,4.188.039.383.877.550,41.309.463.017.030.400,7.176.261.439.356.360,1,0
932.554.878.419.312,50.306.832.263.202.800,862.327.741.678.216,4.692.535.942.379.980,1,0
11.864.376.574.158.000,5.842.247.888.317.180,2.071.760.391.309.950,4.098.997.248.069.740,2,0
93.374.942.300.147,9.201.969.860.742.730,-2.629.142.975.880.580,6.578.082.119.477.530,0,0
6.838.664.518.353.430,4.915.852.362.142.750,5.569.165.248.213.660,6.928.862.779.664.910,0,0
5.315.721.526.867.310,57.349.958.493.521.600,922.577.860.986.841,19.522.316.719.173.900,2,1
32.659.060.784.495.800,853.629.928.527.957,10.137.860.745.175.000,45.124.022.004.955.000,0,0
4.755.961.918.220.080,24.192.772.811.923.600,4.284.690.585.115.150,19.596.204.536.756.200,1,0
40.774.810.500.273.200,8.762.923.485.239.370,14.966.912.381.275.100,15.259.052.495.314.900,0,0
16.121.881.197.512.200,19.043.409.274.291.800,3.941.033.290.487.320,36.780.308.182.788.800,0,0
656.409.603.500.657,7.324.546.291.337.290,39.311.591.596.781.300,9.407.695.792.120.500,2,0
9.711.509.073.682.850,933.113.221.168.653,18.545.594.740.335.600,6.190.955.524.587.490,0,0
56.218.881.106.452.500,6.571.976.616.400.620,6.085.905.492.888.960,19.124.126.669.729.400,4,0
7.147.532.764.439.450,43.902.924.398.044.700,5.453.509.853.730.970,6.364.949.410.291.450,3,1
6.845.045.256.601.670,4.488.101.647.271.800,-4.234.887.930.425.860,50.430.365.506.597.400,0,0
4.176.669.958.169.940,9.201.138.133.226.280,12.056.200.894.803.800,1.789.925.185.801.710,2,0
11.635.848.516.449.500,4.702.962.226.915.740,2.013.480.637.890.720,6.144.476.418.462.850,0,1
6.127.958.355.365.100,2.899.674.433.594.800,254.985.364.526.895,1.232.265.111.799.130,0,0
9.384.821.582.141.540,689.821.071.328.762,49.775.367.312.929.700,4.382.019.027.506.500,0,0
6.617.777.324.716.380,4.818.372.535.762.580,7.000.277.359.003.470,10.009.513.460.253.700,5,0
7.680.304.831.442.150,12.434.531.744.241.000,5.533.009.703.720.800,3.990.899.641.595.160,0,1
35.466.620.498.508.200,2.142.718.093.102.590,27.963.109.274.058.100,11.304.894.106.984.000,4,0
55.066.337.944.085.100,6.449.068.045.584.620,14.230.157.730.830.200,18.527.628.663.289.800,0,0
40.320.775.613.325.200,57.429.353.970.857.300,8.426.004.113.820.290,14.907.420.140.890.900,1,1
8.336.440.104.751.720,62.202.947.925.200.900,2.137.396.158.560.460,4.800.657.293.922.860,2,0
8.146.710.047.099.890,50.574.229.835.544.400,29.197.057.149.863.700,4.476.331.589.538.480,3,0
61.183.102.010.322.100,8.171.021.330.026.140,26.789.105.153.178.800,14.488.434.886.156.800,2,0
37.345.794.513.270.500,8.610.088.213.080.130,10.840.281.396.761.200,11.488.854.137.262.400,2,0
25.533.637.376.324.400,6.156.243.966.831.260,4.029.303.268.841.380,534.110.602.583.773,2,0
10.587.431.821.312.900,12.756.479.707.430.500,52.765.064.654.950.100,4.926.216.730.650.990,0,0
354.897.683.486.554,6.952.296.557.477.350,4.990.596.035.155.580,10.427.756.431.284.200,2,0
4.131.725.172.077.190,41.799.921.692.035.100,8.310.693.226.987.430,1.425.842.437.741.870,2,1
6.758.229.251.040.730,565.557.483.226.387,6.127.819.384.428.160,7.632.615.386.553.330,3,0
6.581.598.242.975.730,6.490.806.020.188.840,5.542.737.861.591.820,8.676.418.822.143.090,1,1
70.108.139.641.256.900,3.502.366.143.270.760,4.250.099.472.495.870,5.846.735.958.047.550,0,0
39.525.931.543.115.700,9.170.985.051.717.940,41.327.632.626.271.600,12.781.010.917.542.700,1,0
18.177.886.721.736.100,1.339.748.667.497.810,7.465.357.961.398.000,3.339.108.164.705.390,0,0
1.568.127.053.168.050,6.715.118.072.810.370,1.762.015.438.595.640,30.744.567.665.981.200,0,0
8.273.021.497.372.450,43.595.799.565.804.200,26.170.015.269.307.800,36.003.923.732.356.900,0,0
4.191.521.671.625.750,9.246.511.054.051.800,46.706.717.624.352.600,6.361.954.532.477.670,0,0
4.191.828.759.021.210,1.125.041.332.380.910,12.111.105.600.425.200,15.837.110.651.618.400,1,0
1.682.036.557.665.180,9.488.423.014.757.460,-10.468.499.597.017.600,5.562.279.039.886.910,0,0
879.330.215.678.474,3.330.076.330.522.440,11.470.715.674.381.900,5.547.747.482.005.490,1,1
55.704.051.327.503.500,3.735.662.860.390.800,7.758.184.405.590.310,17.804.117.588.338.800,3,1
231.380.636.376.848,21.430.007.232.287.800,12.100.711.255.906.700,5.331.882.728.870.250,0,0
5.024.272.871.663.760,5.851.216.609.271.240,9.109.465.420.522.590,2.104.010.828.837.060,3,1
7.314.863.597.031.150,44.291.409.804.196.300,4.730.211.990.611.420,617.516.675.053.939,1,1
9.581.180.089.194.330,34.175.589.041.087.400,-5.026.413.238.969.530,6.399.513.175.691.730,0,0
22.044.600.424.541.800,31.965.206.225.530.000,23.747.738.098.790.700,592.218.334.243.892,1,0
8.861.817.721.293.450,8.104.329.135.731.700,12.385.083.890.582.300,43.908.660.884.339.300,0,0
9.343.041.141.674.900,6.897.015.348.618.680,6.730.005.365.031.320,4.504.068.956.718.550,1,0
9.164.205.445.320.660,7.248.708.535.798.800,4.114.956.901.847.900,42.751.092.987.613.800,0,0
6.354.143.568.619.090,6.981.169.240.835.230,5.201.780.908.889.520,12.214.178.946.141.700,1,1
62.982.065.443.470.700,31.097.302.138.303.300,56.636.080.764.401.600,1.105.333.920.517.560,2,1
4.032.106.331.838.220,9.966.392.207.677.580,14.035.733.273.299.300,13.591.488.060.580.600,1,0
7.523.978.823.037.870,272.467.184.033.096,18.958.135.469.549.600,5.940.306.166.465.210,1,0
5.312.940.183.509.310,8.317.853.001.851.590,2.946.649.497.672.840,19.186.038.613.076.500,1,1
6.774.380.712.282.940,9.804.707.977.830.710,849.297.700.130.618,8.402.125.071.574.360,0,0
4.284.579.038.487.950,4.938.470.147.415.610,9.381.451.752.262.080,18.502.947.044.835.700,8,1
7.314.964.640.431.390,970.035.492.304.222,6.504.214.826.548.760,6.942.000.940.257.030,0,0
824.471.517.604.549,14.004.481.213.422.900,36.547.598.704.386.200,51.046.221.770.188.800,0,0
1.464.362.566.028.160,3.220.805.753.162.650,8.511.310.043.432.840,36.205.228.306.498.700,0,0
832.929.715.574.228,5.785.853.485.929.490,20.879.618.613.562.000,4.558.811.274.996.870,0,0
54.029.653.179.030.700,7.509.364.580.531.390,15.445.872.266.854.600,19.541.316.228.721.200,2,0
8.446.659.090.902.240,9.433.572.987.098.810,-25.323.109.232.958.000,3.868.450.088.201.960,0,0
4.313.017.063.410.140,3.650.836.732.844.000,750.855.158.018.324,18.988.002.905.796.900,7,1
37.904.048.538.303.500,9.125.842.179.248.230,10.021.494.298.980.400,12.231.782.027.731.100,1,0
9.150.607.325.172.220,7.805.218.027.570.210,2.801.933.066.479.970,50.515.722.120.910.500,0,0
2.511.692.675.484.010,7.554.372.725.155.810,19.070.937.003.916.600,5.011.912.027.488.240,1,1
8.442.123.252.861.430,60.671.957.978.223.200,19.939.644.818.117.100,5.536.850.707.229.730,3,0
4.840.205.725.094.040,62.678.381.705.184.400,7.985.008.909.851.120,18.651.708.922.586.500,0,1
5.140.954.425.512.590,6.380.032.352.162.480,7.435.377.620.505.440,22.016.619.162.608.900,1,0
308.468.281.489.484,6.287.213.870.255.820,5.203.800.723.530.950,8.713.422.134.021.250,1,1
5.730.422.006.190.150,5.537.282.313.983.610,9.345.322.590.789.240,1.747.217.048.264.330,5,0
3.252.111.962.762.110,986.414.018.482.889,6.154.641.095.407.000,6.865.552.948.213.150,0,0
3.926.941.424.165.230,7.322.905.674.256.960,11.576.473.689.928.000,5.205.781.949.745.190,0,0
27.199.860.534.435.600,7.769.463.883.925.210,16.264.097.900.395.600,7.324.046.256.444.370,0,0
6.379.043.406.590.670,8.724.628.150.836.740,-12.860.865.224.186.800,5.593.182.143.596.570,0,0
9.783.547.870.568.560,21.563.976.272.584.900,6.787.021.272.485.070,39.980.520.550.412.800,0,0
9.657.472.098.197.470,8.380.415.909.506.070,26.989.740.072.252.100,4.350.198.473.646.000,0,0
395.155.297.472.305,4.828.944.365.985.980,8.895.538.434.214.950,13.205.595.214.336.200,8,0
728.370.854.339.646,5.140.806.956.192.730,546.452.693.251.638,5.502.161.802.299.680,1,0
34.580.609.841.042.400,8.291.817.799.499.170,2.043.457.309.105.500,11.097.632.055.060.700,0,1
671.093.157.085.976,4.437.835.792.823.350,6.703.187.096.903.720,6.549.862.060.631.170,3,1
8.054.300.430.459.790,5.708.530.255.443.120,31.249.934.920.655.800,5.797.296.116.928.510,1,0
9.467.562.446.922.400,5.270.709.385.134.580,6.536.826.614.580.690,3.708.391.688.878.900,0,0
400.212.275.849.672,38.202.783.757.391.000,1.897.637.712.374.070,13.156.021.150.886,0,0
7.832.979.829.560.470,615.214.896.596.914,3.323.199.208.898.910,3.261.483.330.526.140,3,1
2.659.284.506.321.180,8.280.432.857.742.520,1.684.645.655.532.850,542.000.987.092.651,1,0
9.903.323.037.936.480,15.750.054.807.580.300,-22.118.463.786.546.400,6.510.821.873.453.690,0,0
25.769.598.764.351.100,59.433.173.392.659.500,784.614.075.532.328,5.265.020.384.111.630,0,0
603.528.806.501.121,5.936.105.444.464.140,834.291.200.734.242,12.578.681.010.274.700,4,1
6.595.059.816.513.270,16.418.496.405.635.800,17.762.991.949.670.500,10.220.751.840.002.800,0,0
6.880.455.570.741.280,12.346.357.373.073.600,8.469.423.602.965.740,8.791.269.360.369.220,1,0
12.038.757.878.908.900,9.800.519.429.764.840,12.951.560.355.184.000,5.115.186.299.778.330,0,0
9.385.297.834.731.300,39.371.916.965.303.700,619.531.232.179.963,7.035.749.545.157.890,0,0
1.811.832.790.500.820,22.742.172.872.352.900,9.238.020.892.155.490,5.914.657.255.768.080,0,0
6.227.534.032.398.410,17.132.454.445.437.400,22.765.562.599.199.800,12.743.960.488.137.300,0,0
22.267.607.912.308.400,667.601.713.583.235,2.210.381.939.083.610,4.517.280.091.578.300,4,0
3.072.164.170.212.700,6.094.452.973.272.780,4.977.030.764.479.420,7.966.518.292.724.150,3,0
54.645.854.172.812.400,6.435.521.229.874.170,7.529.163.400.906.310,18.682.285.046.369.000,5,1
41.719.341.856.457.600,8.800.602.751.145.220,10.931.153.642.873.600,16.166.036.281.250.300,0,0
1.602.256.009.765.060,8.935.345.834.984.360,443.898.135.109.801,4.362.101.736.389.200,2,0
17.093.640.242.084.800,3.892.663.968.090.480,2.778.726.171.514.050,519.489.620.152.146,0,0
41.814.478.816.279.900,31.336.940.643.035.700,59.816.707.379.593.700,14.913.061.879.424.300,3,0
7.572.829.782.755.000,4.623.614.472.477.390,44.744.243.419.275,34.007.603.094.933.000,0,1
8.979.646.468.477.880,3.900.660.657.476.280,8.948.023.699.511.910,6.003.762.186.808.800,0,0
8.412.766.225.938.280,8.635.770.031.391.450,4.509.291.959.126.780,3.500.244.522.669.580,0,0
39.310.390.755.940.100,9.292.609.751.978.920,7.083.499.174.092.810,13.578.719.364.193.800,1,0
10.024.556.372.287.600,3.034.532.164.496.060,8.585.000.834.582.170,5.338.083.723.560.950,0,0
16.592.480.632.597.800,8.639.358.074.599.540,7.023.835.969.567.940,5.326.689.411.791.560,0,0
6.617.186.826.439.560,7.815.231.295.330.670,29.876.573.826.776.800,8.773.757.842.633.080,3,1
6.024.494.419.665.870,9.308.076.723.447.610,4.689.603.726.775.060,1.414.636.641.440.740,0,0
16.301.911.381.488.600,24.575.031.218.588.700,3.930.174.711.093.280,5.522.282.915.990.930,2,0
2.338.128.330.930.640,57.695.915.012.097.900,37.659.368.973.470.500,6.168.956.376.568.140,3,1
2.370.775.364.451.830,27.454.458.474.044.400,45.140.138.480.369.100,6.733.619.172.500.650,0,0
8.349.472.056.944.030,8.240.944.904.843.740,7.075.080.195.212.410,5.289.138.671.559.070,1,1
9.746.905.960.485.510,5.324.190.571.064.250,39.773.681.563.775.400,50.642.407.504.403.300,0,0
13.545.953.679.469.000,5.648.191.628.863.960,19.332.965.323.351.200,41.127.886.618.141.500,1,0
23.147.521.376.529.800,339.203.431.271.918,27.698.513.456.583.100,5.843.644.623.443.060,0,0
868.409.523.946.934,32.268.370.707.782.000,5.397.611.164.164.180,5.684.320.544.108.470,1,0
9.264.637.979.561.840,644.906.323.864.917,7.207.380.697.050.230,48.093.826.101.605.300,0,0
4.196.273.828.068.100,851.484.449.313.994,2.277.477.975.561.600,16.404.351.941.942.700,3,0
5.062.247.226.907.410,6.091.953.913.933.260,5.726.281.222.078.270,4.708.101.846.115.250,0,0
393.918.336.928.194,8.531.729.786.467.220,1.567.909.148.524.820,567.136.341.641.298,0,0
5.739.498.660.690.100,26.459.711.188.102.900,479.821.684.187.657,17.324.096.010.994.200,1,0
392.895.108.893.179,5.195.018.547.649.810,83.184.535.966.968,14.351.255.167.005.700,5,0
28.652.427.577.654.500,450.536.539.067.076,790.413.277.184.382,5.118.069.108.818.790,0,0
5.832.523.923.125.560,11.644.899.503.096.200,9.563.840.543.703.320,1.456.690.455.762.300,1,0
11.302.536.589.022.400,5.568.121.431.407.400,4.334.136.471.371.350,43.881.846.863.153,0,1
7.873.719.581.492.720,661.524.324.146.175,22.319.742.142.280.700,5.836.609.968.075.480,0,0
30.643.282.270.337.100,59.191.440.441.907.000,5.612.943.983.489.470,9.752.791.228.704.880,4,1
402.580.030.092.321,7.362.798.987.834.210,-31.290.531.857.597.900,4.659.665.069.545.740,0,0
58.835.222.098.315.300,5.713.395.284.530.770,8.612.348.506.934.750,156.085.861.424.553,4,1
3.976.844.144.330.540,6.675.025.485.075.690,97.548.554.208.295,13.331.273.724.499.700,0,1
9.738.004.133.571.490,11.644.552.408.471.100,5.987.851.424.919.470,4.026.233.136.193.770,0,0
5.441.986.625.037.020,5.964.745.775.439.520,86.287.721.500.416,17.927.823.518.298.800,2,1
2.752.391.810.370.080,2.749.791.919.736.400,2.946.639.927.559.480,41.173.568.642.199.400,0,0
7.094.388.646.339.740,7.964.512.903.476.580,3.764.101.977.318.950,8.026.769.492.455.930,0,0
27.149.200.254.271.100,42.960.274.344.854.600,4.786.725.112.122.600,387.201.108.244.046,2,0
9.042.432.914.075.650,5.543.225.980.836.550,7.923.153.135.359.070,47.404.143.579.696.800,0,1
3.747.219.705.073.760,3.287.459.883.496.060,5.637.787.563.993.080,1.066.552.041.007.070,3,0
5.498.685.627.762.050,7.204.337.022.257.770,5.189.386.058.113.390,17.361.764.211.480.100,3,0
50.573.103.824.228.800,6.437.706.081.012.440,7.081.743.635.767.130,6.377.139.329.722.610,0,0
4.261.212.379.522.300,33.281.836.109.167.100,639.919.597.739.964,16.618.559.693.562.100,5,1
832.363.539.660.995,7.548.725.289.085.600,1.141.020.482.612.300,409.449.502.719.158,0,0
8.056.488.053.633.410,6.486.950.425.330.350,22.594.689.056.382.100,4.550.918.024.904.310,1,0
22.431.855.885.352.600,6.374.453.787.179.020,29.545.174.208.435.900,4.570.076.045.586.030,0,1
2.260.790.710.105.620,55.342.770.078.706.800,38.013.546.541.821.400,5.308.644.648.576.890,2,0
8.173.053.122.132.360,11.389.668.088.552.700,1.558.322.558.864.360,5.270.569.300.677.030,0,0
9.303.984.201.693.250,6.965.071.834.768.890,8.375.341.403.255.320,6.896.999.051.879.760,0,0
9.536.092.127.300.350,37.604.179.110.915.600,1.029.744.727.861.240,3.087.874.450.774.460,2,0
45.005.863.942.622.500,9.426.097.101.586.550,7.324.928.734.556.030,18.206.520.699.872.600,0,0
33.745.427.896.422.800,8.179.847.710.772.050,1.976.481.537.972.430,8.687.234.362.968.290,2,0
8.706.884.554.574.390,5.876.944.695.313.120,14.160.114.800.698.900,596.211.795.076.193,1,0
8.352.491.468.001.870,25.218.198.181.926.900,4.229.005.825.763.410,5.357.386.383.362.840,0,0
21.112.594.255.803.700,20.371.739.327.766.600,17.854.313.388.742.200,5.821.587.939.826.430,1,0
7.524.683.375.864.940,3.403.848.376.775.490,3.004.641.697.312.860,5.964.511.667.639.920,4,0
5.129.384.898.121.550,47.656.794.358.001.800,7.181.251.537.442.840,40.686.458.305.136.200,1,0
4.925.353.807.142.890,29.606.551.003.894.700,582.561.588.538.434,211.695.332.512.583,2,0
44.210.703.467.972,5.149.294.953.924.820,9.488.872.823.576.850,18.484.142.169.003.900,5,1
3.344.011.789.887.480,16.537.042.551.318.500,16.514.513.988.322.600,972.275.916.157.488,0,0
39.457.231.531.892.300,9.777.128.128.254.990,585.864.230.805.343,14.868.679.617.740.200,1,0
5.299.405.869.302.320,10.792.455.496.499.300,9.344.507.202.585.310,19.760.190.968.083.700,0,0
16.136.735.838.838.300,931.944.139.654.372,5.426.891.623.442.370,6.529.523.375.621.340,0,0
5.719.958.782.835.920,9.135.780.114.026.940,12.946.229.492.469.400,16.953.013.179.908.000,0,0
8.054.323.292.999.860,525.360.481.819.498,27.179.520.098.966.200,4.922.308.517.330.520,0,0
7.601.609.297.901.590,7.249.102.718.360.840,15.994.031.403.268.500,5.501.974.808.933.650,1,1
15.389.990.469.377.300,4.360.482.979.725.870,1.832.674.505.990.600,5.013.738.850.813.260,0,0
1.492.494.697.414.730,6.300.345.775.424.380,1.666.353.595.452.720,4.512.569.433.304.310,2,0
26.817.436.774.491.300,3.405.759.374.211.180,4.491.752.072.237.240,7.653.002.669.051.550,3,1
3.610.747.263.410.370,30.115.901.978.544.500,4.955.756.541.761.180,1.101.097.716.770.310,3,1
4.084.555.814.084.820,5.782.297.861.695.130,7.799.961.664.638.360,14.960.113.677.177.900,1,1
6.796.972.168.333.450,4.981.296.741.839.800,6.471.665.681.633.090,8.372.963.733.693.640,2,1
566.804.321.658.354,5.795.363.691.499.810,7.760.763.173.206.170,798.066.444.752.574,1,0
34.672.704.226.066.300,286.660.581.287.023,4.540.696.037.069.420,3.868.573.809.213.900,0,0
39.191.056.294.390.900,36.695.783.181.699.500,6.531.633.074.094.720,1.251.851.903.920.680,4,1
6.971.636.921.379.800,838.979.606.289.093,6.658.876.483.548.240,5.767.078.778.805.430,0,0
19.343.534.295.648.200,5.227.637.227.220.570,36.817.168.241.543.500,49.039.535.178.205.100,0,0
6.415.044.812.562.510,25.345.712.967.301.600,33.107.478.683.189.300,10.757.224.973.578.800,1,1
25.982.813.794.029.900,7.424.685.933.054.570,5.823.379.727.882.570,5.373.231.761.667.210,0,0
8.860.861.088.135.160,1.037.747.086.347.400,45.019.220.191.972.900,44.689.676.207.055.000,2,0
8.956.899.442.666.160,8.129.284.053.939.370,6.676.768.572.455.350,5.148.378.043.232.330,0,0
2.972.872.042.813.260,388.736.970.166.893,5.916.701.692.734.530,6.420.007.523.905.930,1,0
2.299.937.539.632.400,6.589.427.939.347.420,2.782.270.224.729.070,5.701.930.901.908.010,1,0
4.113.039.720.662.310,27.255.774.881.540.000,4.961.888.152.555.690,16.236.129.683.262.300,3,0
2.405.315.851.801.480,8.715.456.807.081.260,8.602.748.580.243.300,6.194.842.637.368.980,0,1
6.723.838.432.917.030,4.849.922.845.774.990,69.181.097.898.830.800,927.579.936.261.379,5,1
8.260.646.845.482.850,30.557.645.932.782.500,14.670.303.138.071.500,6.159.610.581.696.410,0,0
673.092.130.911.217,5.176.389.356.894.340,6.700.500.267.485.290,8.636.332.638.302.620,4,1
8.243.504.472.493.490,3.819.580.190.452.680,227.766.470.813.057,4.919.276.027.795.630,0,0
3.969.921.622.074.740,5.643.010.646.698.300,9.048.695.872.283.150,13.052.136.842.199.500,2,0
15.631.697.070.886.000,11.453.286.832.634.800,44.695.098.808.080.100,4.649.671.731.283.570,0,0
7.379.509.473.975.920,9.969.905.028.125.510,4.141.570.808.447.220,5.360.593.633.577.310,0,0
36.047.450.514.155.300,4.255.558.776.967.170,7.065.589.819.634.510,11.398.797.784.849.000,3,0
6.712.708.252.291.320,3.482.306.397.073.680,5.048.992.580.592.760,880.711.761.403.153,5,0
27.064.394.198.176.500,7.102.098.483.162.640,36.354.448.124.166.800,6.777.707.700.032.080,4,1
8.122.963.480.667.260,36.389.940.649.533.200,7.661.995.651.061.400,38.419.966.561.635.100,1,0
9.925.817.954.877.630,8.332.743.050.287.570,3.922.402.479.308.380,6.431.830.263.440.280,0,0
15.620.150.793.059.900,4.542.707.243.604.250,21.104.890.483.055.500,46.137.077.145.055.100,1,1
988.420.993.963.481,7.195.584.132.654.340,3.558.574.121.565.350,39.000.824.260.153.700,1,0
9.772.799.325.664.470,10.745.321.644.188.600,32.202.146.518.366.100,45.609.518.879.886.800,0,0
7.938.181.039.080.390,8.461.191.855.551.110,5.887.539.843.297.060,7.683.972.940.448.350,1,0
6.594.229.620.819.970,7.357.179.867.781.090,34.417.319.032.548.800,8.821.455.998.010.670,7,1
5.778.070.502.510.840,2.117.167.784.619.650,37.784.064.041.512.900,15.757.249.039.848.400,1,0
8.661.015.453.778.340,14.528.600.974.578.600,6.838.362.029.290.370,48.263.310.083.359.400,0,0
28.943.952.161.948.700,3.162.923.487.256.240,4.005.156.607.509.340,6.485.761.121.458.630,1,0
467.681.212.484.877,9.760.705.860.319.040,8.168.885.574.594.770,18.455.250.446.165.700,0,0
6.193.899.693.665.010,25.683.157.456.705.800,4.133.795.257.896.950,12.498.004.261.407.900,4,0
4.111.904.758.694.910,45.612.720.894.663.300,9.451.069.989.890.360,16.187.299.489.253.900,4,0
427.486.454.090.268,30.020.225.717.336.300,6.052.279.664.644.780,1.684.644.735.461.740,0,0
3.302.846.675.020.840,3.972.275.295.662.320,6.286.783.972.347.910,7.442.165.784.423.300,1,0
564.231.816.684.536,57.132.001.543.310.200,8.477.020.434.916.820,1.685.965.556.586.790,3,1
850.574.528.015.116,953.124.612.507.965,-8.222.569.338.089.340,4.480.631.218.692.130,0,0
20.152.837.800.631.200,5.167.360.449.400.640,2.912.134.266.934.210,5.227.372.347.797.350,3,0
9.344.330.387.534.410,8.191.073.261.776.870,6.468.459.956.467.850,6.331.647.934.192.710,1,0
6.890.876.537.482.290,54.712.764.256.890.000,5.455.020.122.332.600,7.361.268.832.533.430,1,1
8.232.732.126.800.300,407.850.134.355.181,7.334.240.895.098.490,4.992.528.057.056.970,0,0
55.619.069.263.001.100,31.500.827.518.977.400,5.369.174.235.993.970,19.587.060.546.030.900,1,0
7.795.167.014.240.630,5.755.495.078.311.030,3.257.114.587.377.640,6.177.873.716.074.940,1,0
1.620.039.733.946.720,9.505.939.659.311.240,-10.490.673.613.457.100,557.420.530.398.414,0,0
8.183.804.247.795.350,8.591.303.597.512.330,9.772.251.381.945.000,7.052.527.807.546.230,4,1
4.013.885.908.536.650,22.835.561.417.884.700,4.017.356.931.339.870,5.490.194.987.914.750,0,0
8.899.133.763.628.620,2.201.098.300.191.630,31.160.905.951.674,3.020.967.463.010.370,0,0
9.919.627.472.386.430,20.117.296.711.390.000,47.876.914.940.947.100,58.327.490.366.396,1,0
2.940.674.621.767.770,9.224.988.963.025.030,6.373.698.273.302.510,5.207.727.015.392.700,0,0
21.031.855.628.579.300,8.526.661.531.017.200,7.513.298.195.237.100,5.677.893.196.287.330,1,0
7.653.633.638.580.400,7.748.834.322.529.480,12.518.059.771.918.200,3.729.854.864.714.410,0,0
25.302.634.092.025.300,3.927.351.142.242.270,37.432.730.434.740.900,5.243.670.962.844.360,3,0
8.655.623.831.722.030,5.043.807.042.987.660,16.336.466.177.454.000,4.655.018.399.859.900,1,0
1.028.425.921.574.760,4.643.317.447.951.520,13.842.075.657.594.600,42.355.165.013.945.400,1,0
12.595.519.637.935.800,25.339.810.755.937.200,836.840.776.103.528,46.648.882.561.425.200,0,0
9.791.515.551.006.150,50.502.804.614.876.600,10.301.356.085.004.900,6.032.716.848.288.990,0,0
6.738.388.982.700.040,30.496.547.852.754.400,5.513.116.576.132.670,7.596.390.962.161.340,0,1
8.468.872.244.289.520,13.181.037.349.745.900,-40.410.898.427.764.100,558.171.233.957.214,0,0
324.329.377.351.518,8.865.895.961.689.460,11.286.864.306.928.800,7.240.407.311.736.170,0,0
6.764.837.495.206.040,7.516.797.670.314.230,26.343.575.024.754.200,7.970.982.301.129.760,0,1
5.942.418.273.085.970,42.286.840.905.908.700,8.018.051.975.280.760,14.945.088.366.862.200,2,1
603.150.120.122.947,51.715.036.228.387.700,8.478.876.820.339.980,12.814.928.852.212.700,6,1
6.825.324.595.377.210,36.999.888.595.997.700,5.139.020.850.823.690,6.523.572.507.685.160,3,0
5.753.591.731.290.980,7.407.798.671.606.720,4.100.223.240.869.870,16.783.939.601.537.800,0,1
42.906.236.930.266.500,7.841.871.792.320.790,3.482.800.497.654.730,17.786.329.884.609.000,4,1
27.592.269.438.054.600,7.632.851.902.031.590,18.212.159.631.131.000,6.139.310.288.448.760,1,0
768.581.330.913.202,7.226.117.248.344.490,22.916.078.315.228.700,4.949.766.762.896.610,0,0
2.262.724.300.031.860,20.450.433.869.279.500,19.870.023.707.681.800,5.509.735.373.869.130,1,1
6.923.543.061.544.140,3.379.699.792.404.780,4.136.583.104.523.260,7.414.016.293.136.470,0,0
23.333.282.264.932.600,4.698.454.349.836.740,39.792.925.949.623.900,5.671.379.217.335.890,1,0
6.253.301.699.544.530,33.079.299.142.765.500,4.988.088.556.751.920,9.310.933.426.900.610,3,1
7.470.782.671.290.280,754.940.200.158.329,1.978.703.889.344.650,46.395.883.879.256.900,1,0
2.187.138.889.065.390,32.935.352.424.995.400,27.773.844.826.263.000,4.441.835.754.159.690,1,0
5.994.330.086.130.820,13.823.208.678.533.700,38.927.392.219.183.000,5.151.803.114.189.640,0,0
13.097.374.299.417.400,3.990.404.520.483.040,16.278.820.981.571.400,520.243.451.256.704,0,0
6.059.969.672.710.250,9.799.144.327.823.800,7.550.766.604.553.130,14.189.182.618.131.700,1,0
8.494.464.062.257.350,22.588.141.293.357.500,16.133.333.920.455.800,529.103.556.782.302,1,0
4.499.682.123.542.430,6.121.586.589.432.290,11.561.145.273.113.500,3.699.744.152.652.180,0,0
7.341.512.590.416.460,4.329.730.498.397.060,4.607.265.823.895.750,7.414.262.240.477.830,1,0
3.413.186.459.500.520,7.102.456.764.932.660,2.963.494.925.871.230,10.531.034.166.855.100,0,0
4.785.283.699.195.220,48.787.660.599.805.900,9.802.441.704.408.440,1.839.998.439.236.100,3,0
9.288.595.498.455.650,7.021.643.286.483.120,31.802.336.100.070.000,5.334.226.920.838.970,0,0
3.319.715.047.358.450,51.321.997.582.781.800,7.146.407.499.929.020,806.058.214.610.996,2,0
465.336.933.939.486,8.721.060.637.465.810,1.390.685.392.734.530,19.264.252.667.002.300,1,1
13.682.414.760.681.100,28.893.701.665.758.200,2.761.807.403.364.760,6.053.420.042.375.960,0,0
8.159.872.000.483.830,8.624.917.130.396.490,38.332.783.786.152.500,7.132.474.109.834.680,0,0
25.859.159.113.478.400,9.365.656.116.580.060,4.154.243.336.272.900,6.565.232.220.533.040,0,0
27.852.240.821.074.400,378.196.349.528.219,2.281.162.468.107.640,5.295.151.190.707.660,0,0
631.375.326.048.251,5.764.055.514.536.330,7.844.693.338.448.710,10.988.762.021.241.900,3,1
4.263.983.568.016.220,7.920.031.261.301.950,26.552.300.590.076.700,16.622.982.847.540.900,1,0
54.814.520.272.802.200,3.243.136.638.755.800,6.506.414.060.858.710,19.718.262.374.866.800,4,1
17.464.718.589.632.900,7.161.645.381.776.110,14.723.546.966.152.400,50.307.120.205.225.800,1,0
29.593.202.943.661.600,13.541.884.981.782.800,11.328.848.886.764.600,59.837.469.912.391,0,0
6.638.244.748.527.250,29.129.374.720.550.500,4.202.146.001.050.520,730.044.976.447.434,5,0
9.653.027.236.303.990,1.447.106.361.365.190,3.209.764.011.555.040,5.513.346.206.143.030,0,0
504.167.736.022.092,8.112.305.584.013.570,22.754.453.951.087.400,5.247.900.477.386.210,0,0
8.903.843.208.552.660,22.264.923.522.678.500,4.585.357.905.550.100,43.614.499.843.839.500,0,0
5.768.812.013.112.080,7.174.035.554.052.100,5.022.064.220.822.130,17.188.004.001.590.800,2,0
5.639.195.667.556.230,9.432.983.972.456.520,6.312.702.502.663.190,16.806.666.364.163.100,1,0
50.027.853.520.776.000,527.772.209.068.877,10.140.304.716.217.600,19.865.297.721.891.500,5,1
69.394.085.904.183.300,5.400.291.922.606.870,7.714.419.197.017.660,49.847.474.794.129.300,1,0
8.987.685.173.616.060,46.103.356.809.781.200,14.525.577.882.506.200,4.652.386.539.291.470,0,0
6.009.120.056.590.860,32.589.014.339.364.200,6.033.406.614.634.910,14.250.853.347.518.900,6,0
3.409.585.714.355.580,4.756.550.309.249.170,7.079.123.252.674.310,10.386.337.588.841.000,4,1
9.172.680.665.776.800,6.028.075.322.667.590,1.179.599.515.212.890,38.600.028.555.091.700,1,0
40.659.053.735.947.200,9.859.915.721.706.590,24.997.815.804.389.100,15.185.202.627.433.400,0,0
14.328.145.870.264.100,9.377.645.593.182.240,3.771.800.633.011.310,5.198.036.835.431.250,0,0
714.718.833.502.036,8.621.529.582.931.210,1.154.549.050.216.590,6.649.833.318.153.660,1,0
29.335.342.144.100.900,8.891.305.357.048.580,7.044.981.716.126.620,7.645.264.381.756.220,1,0
5.254.703.073.558.930,46.784.918.329.204.200,9.950.484.912.639.810,19.570.551.482.694.200,3,0
69.783.278.550.517,6.574.443.271.774.640,4.661.395.137.654.050,7.599.685.681.735.060,3,0
9.002.641.112.020.700,8.950.667.229.362.140,5.391.084.001.138.290,5.720.843.671.776.340,0,0
792.191.194.801.676,39.295.076.499.135.300,3.270.503.887.757.200,4.705.616.579.420.770,2,0
6.763.610.678.727.240,9.617.624.783.454.680,6.190.348.137.507.750,8.466.513.227.558.260,1,0
6.796.331.823.951.430,415.786.062.069.183,5.775.741.209.730.080,7.737.337.661.223.500,3,1
9.459.246.440.320.860,6.010.826.653.932.150,14.674.760.506.955.300,4.868.039.568.040.250,0,1
29.582.409.749.653.600,709.804.713.272.372,3.004.466.298.969.110,6.543.683.241.210.220,3,0
11.120.941.961.874.000,9.505.920.130.759.380,31.998.829.839.687.400,5.471.139.496.574.330,1,0
2.719.545.593.981.980,24.461.627.405.226.600,2.439.426.581.599.900,6.195.485.318.867.910,1,0
217.891.379.626.744,7.461.309.782.386.420,13.819.004.582.613.800,5.675.035.078.284.410,0,0
6.618.345.851.139.980,52.081.558.614.408.200,7.131.870.295.368.700,9.031.719.984.703.210,5,1
633.711.599.765.529,26.855.714.062.064.100,40.703.955.965.093.600,9.531.495.753.800.770,2,0
5.934.613.827.047.230,7.766.068.397.963.900,3.836.955.645.495.260,1.472.334.801.731.050,2,1
162.434.432.094.537,5.522.222.801.738.460,3.045.356.031.338.990,5.063.662.235.574.720,0,0
7.287.780.544.506.470,6.609.738.206.496.750,368.147.861.917.215,6.337.952.886.395.380,2,1
32.353.041.248.549.100,322.901.068.577.901,38.771.953.068.283.000,7.567.542.670.300.240,2,1
6.650.559.890.066.310,481.273.951.827.605,7.603.150.774.615.760,764.608.141.568.702,7,1
5.565.784.285.021.530,6.173.542.509.880.670,776.717.800.901.277,1.840.604.861.138.650,6,1
3.427.309.254.279.070,404.910.814.269.844,6.654.142.057.428.910,9.081.600.310.703.020,5,0
13.457.626.710.410.700,19.837.253.984.770.100,5.737.865.552.474.260,5.190.142.504.182.000,0,0
9.441.889.766.048.090,961.640.492.315.304,597.426.088.856.787,4.722.558.802.902.770,0,0
8.315.183.331.122.230,5.114.675.400.426.170,27.702.198.850.668.300,5.055.533.452.771.630,1,0
918.397.542.081.558,7.339.203.702.877.000,10.671.273.530.065.100,45.530.848.662.364.100,0,0
6.497.880.467.642.990,4.110.471.935.560.580,69.184.180.050.367.200,8.917.199.592.412.690,6,1
10.343.411.486.048.300,3.551.317.640.257.160,12.738.081.550.749.200,5.479.501.131.895.880,0,1
4.020.272.168.882.400,407.164.298.467.125,8.062.185.935.661.030,13.679.249.795.241.300,4,1
7.289.392.001.051.570,4.091.966.437.856.490,4.990.208.322.289.880,6.255.276.240.290.880,2,0
779.820.884.010.068,54.418.011.594.195.300,35.283.674.159.182.500,5.709.572.532.525.070,2,1
1.182.186.222.910.880,54.346.986.998.136.300,19.019.491.594.470.900,4.423.444.223.496.090,0,0
3.071.884.538.241.580,49.715.381.588.287.100,772.643.529.448.523,37.961.703.513.467.800,1,0
712.137.045.880.605,13.478.578.491.743.800,1.400.266.543.682.700,9.006.905.913.578.790,2,0
35.659.617.598.620.500,49.607.547.850.053.100,7.533.698.934.030.750,9.836.804.241.048.300,0,1
25.448.133.161.826.000,1.691.039.004.206.510,11.472.423.984.453.900,6.359.862.230.995.090,2,0
1.289.746.978.952.540,12.613.578.629.576.500,16.161.440.236.520.800,6.939.569.198.013.710,0,0
5.402.994.067.614.990,9.326.457.173.411.670,5.328.745.701.783.240,19.620.017.642.670.900,0,0
8.511.507.354.259.810,6.049.500.131.477.040,2.344.049.147.041.840,47.310.721.882.607.400,0,0
9.576.316.462.725.870,6.594.900.581.245.840,5.272.006.691.051.180,49.333.086.700.166.000,0,0
56.574.495.061.328.900,40.179.367.033.336.300,8.483.224.465.216.320,16.251.972.959.361.300,4,0
5.144.613.277.398.940,9.089.808.919.148.640,10.595.332.849.735.700,20.725.666.114.113.100,0,0
850.563.854.892.411,6.379.304.895.796.650,5.181.989.450.028.820,5.569.007.798.076.980,0,0
54.887.280.154.259.900,7.691.698.695.235.870,3.742.639.703.963.400,17.796.998.856.083.600,1,1
3.799.790.789.653.940,3.685.624.690.277.130,6.795.757.042.714.700,11.257.276.097.684.800,6,0
6.071.352.808.835.760,9.600.118.808.191.250,8.170.943.710.721.710,1.212.864.237.976.310,0,0
3.887.263.478.765.460,820.461.290.158.315,24.214.527.801.140.900,14.063.016.490.445.600,2,0
24.029.912.345.036.600,8.539.484.630.145.430,10.030.231.298.567.800,5.635.070.045.599.490,0,0
949.652.752.283.765,1.721.942.674.257.540,23.467.632.050.722.100,52.190.934.105.033,1,0
31.491.844.458.889.500,27.096.320.787.121.900,35.315.676.591.591.100,6.882.563.157.513.680,2,0
9.664.483.428.775.220,28.562.659.968.357.700,11.815.629.824.370.500,3.540.894.395.803.410,0,1
17.689.695.082.398.300,27.090.922.324.687.100,16.186.454.501.700.700,6.043.741.437.316.020,0,0
9.873.361.585.795.450,855.408.162.104.288,348.783.902.709.574,50.421.434.896.814.300,1,0
4.441.035.569.066.180,3.188.479.520.859.210,7.097.056.933.629.550,18.737.791.557.653.100,0,0
53.187.176.650.501.600,760.999.889.807.743,5.937.717.297.754.560,18.871.233.851.346.600,0,0
8.736.185.287.372.150,2.739.148.706.299.030,6.085.806.921.004.330,47.771.431.220.786.900,0,0
9.955.689.004.906.870,19.987.297.464.944.300,2.870.482.043.288.960,5.713.367.871.998.600,0,0
5.827.144.493.446.810,23.185.961.388.284.800,3.733.868.169.229.610,16.386.676.079.677.800,0,0
8.124.738.210.441.710,7.979.431.892.533,11.047.883.251.574.400,5.911.293.782.548.380,0,0
32.694.102.433.667.500,5.631.265.938.920.460,7.045.989.957.412.910,8.060.228.139.880.700,2,1
3.057.439.574.472.910,5.770.661.292.967.990,5.123.360.549.766.260,7.887.954.488.489.270,0,0
4.027.037.209.945.600,42.932.276.570.419.500,8.723.914.107.791.960,1.545.298.247.560.190,2,0
6.725.072.626.736.490,4.078.849.268.503.580,6.228.320.849.070.780,8.282.796.521.993.800,4,1
6.821.916.892.550.980,11.394.526.944.454.300,7.828.267.356.626.940,7.339.478.961.544.760,0,0
3.152.394.346.494.500,6.761.417.886.014.570,4.411.114.529.991.310,9.064.366.472.262.250,2,0
13.320.992.413.662.800,7.020.971.883.794.910,8.752.513.060.845.470,4.363.530.625.210.240,3,0
63.239.625.646.550.800,7.208.932.190.520.970,4.832.203.098.852.930,1.187.341.881.621.420,4,0
12.832.586.218.876.400,728.470.945.558.592,11.633.101.050.218.600,495.658.777.351.465,1,0
5.784.925.082.293.300,5.282.693.229.680.110,5.632.245.996.918.780,14.181.572.278.960.400,0,0
693.422.128.056.309,9.539.208.038.467.220,8.476.022.995.400.640,8.439.048.478.719.180,0,0
7.006.114.963.944.510,814.208.767.054.663,11.541.938.688.547.500,42.474.622.150.328.300,0,0
7.534.721.106.595.960,9.039.816.965.892.850,7.588.800.285.324.250,3.619.766.688.187.700,0,0
8.728.594.215.656.640,15.643.295.307.434.100,-29.950.098.623.399.000,554.169.225.524.221,0,0
49.995.899.196.478.800,9.338.587.957.857.390,9.487.359.022.373.510,20.527.069.937.433.900,0,0
7.302.491.895.295.710,8.097.885.286.881.040,1.459.645.012.637.540,5.421.410.262.261.640,1,0
6.191.727.353.658.360,8.372.191.429.586.980,22.195.341.488.052.300,12.521.695.690.418.800,2,0
18.663.993.979.768.200,9.328.738.472.196.850,43.909.179.330.124.300,25.791.875.437.298.000,0,0
2.568.964.486.940.810,7.387.780.289.185.970,6.981.074.954.406.230,5.707.170.863.761.340,0,0
28.454.138.567.693.300,959.916.689.642.091,21.725.822.402.260.700,6.722.178.132.594.680,0,0
4.430.337.063.376.190,6.785.473.414.181.600,6.659.194.660.472.870,17.707.685.315.879.800,4,0
6.171.059.444.286.560,5.705.614.046.246.060,7.964.984.717.428.130,12.576.978.552.519.700,8,1
8.499.593.305.032.050,945.629.677.748.997,-30.983.550.356.853.200,5.526.113.279.691.220,0,0
19.624.571.670.616.500,442.937.121.734.436,2.754.375.717.486.480,51.198.790.038.320.000,0,1
1.255.497.898.984.770,5.992.935.663.104.780,14.872.033.874.476.800,3.139.477.853.742.650,1,1
9.634.799.474.743.270,4.763.382.934.943.660,10.110.262.337.501.400,7.196.656.926.728.000,0,0
1.080.445.593.764.070,9.328.462.213.602.990,2.800.138.834.857.310,6.207.720.378.906.500,0,0
4.784.910.701.071.890,7.608.472.676.550.720,7.015.468.067.358.400,18.372.062.091.997.500,0,0
5.855.637.287.933.010,5.011.197.008.253.480,9.083.243.911.151.680,15.056.805.782.329.200,10,1
54.137.442.090.743.800,6.869.524.413.854.380,6.928.993.795.874.340,18.533.494.237.973.100,5,1
8.603.215.703.294.320,791.906.538.422.237,4.380.505.265.791.610,6.081.699.617.054.910,1,0
5.702.691.400.361.930,58.301.864.744.413.600,6.912.825.144.529.380,2.841.553.527.282.470,0,0
10.548.342.746.103.500,908.917.744.121.454,32.425.262.291.124.300,4.507.248.349.792.210,0,0
5.855.876.838.726.120,9.419.914.468.838.710,10.228.081.580.216.400,13.639.174.417.960.400,0,0
5.443.448.876.343.210,64.319.223.193.583.500,7.727.793.541.530.760,1.831.023.987.767.580,0,0
23.374.079.203.674.400,4.023.705.395.413.740,3.810.053.233.917.560,49.606.591.130.066.900,3,0
63.777.414.184.559.100,2.345.902.172.115.440,36.280.804.205.763.500,1.088.611.575.758.500,0,0
8.200.675.020.556.490,3.294.166.573.744.420,2.147.326.590.175.630,4.484.572.503.974.360,3,0
4.157.895.984.659.370,5.368.682.179.706.020,7.617.686.034.672.850,4.249.386.572.160.700,0,0
4.981.299.435.480.420,9.107.949.305.099.480,13.576.374.285.732.600,20.617.034.087.708.100,0,0
6.893.104.121.026.900,8.465.543.224.654.020,11.960.828.203.155.600,7.954.267.430.560.260,1,0
2.523.119.270.696.870,12.749.972.667.198.500,5.733.788.547.438.800,6.249.480.225.581.030,0,0
3.077.709.052.931.490,9.303.037.474.089.570,10.784.858.341.968.100,7.187.321.802.521.690,1,0
6.136.379.029.893.830,58.926.733.875.666.700,7.678.775.495.311.320,1.229.286.042.940.490,1,1
897.935.293.443.737,53.211.797.245.878.200,14.493.232.394.804.900,4.886.611.515.080.070,0,0
8.099.244.203.028.990,26.637.764.143.002.300,14.295.532.146.326.400,5.624.280.675.809.970,0,0
5.831.302.190.995.830,8.994.530.845.538.350,1.517.774.443.808.160,1.344.087.904.797.510,0,0
7.302.217.177.572.490,9.273.664.094.615.530,34.338.779.890.895,6.453.772.071.086.390,0,0
36.482.247.020.779.800,40.261.143.834.016.200,7.027.594.099.704.900,11.325.014.177.307.200,2,0
6.409.655.280.987.570,8.903.025.571.135.200,13.976.239.717.073.800,10.615.972.106.873.000,0,0
466.181.591.127.557,3.839.488.942.629.720,8.682.534.558.511.720,1.901.698.739.403.150,8,1
18.993.613.645.756.000,7.368.168.318.297.000,13.344.171.472.112.000,25.564.681.686.953.700,1,0
7.017.382.738.772.570,4.759.422.175.477.240,6.557.154.902.561.570,6.520.517.546.173.180,1,1
55.646.463.734.882.200,12.258.315.650.718.200,17.135.875.300.171.100,19.579.103.898.389.000,2,0
3.586.215.819.535.910,9.279.342.012.370.210,4.766.186.139.786.440,10.534.444.275.819.900,1,0
9.113.391.900.786.300,4.540.965.933.775.360,12.856.906.989.330.000,46.958.867.536.154.800,3,0
20.934.117.826.733.200,7.344.870.403.224.030,17.059.872.211.212.400,5.017.061.961.575.280,0,0
315.773.151.249.496,3.671.738.144.312.920,5.378.005.115.906.650,8.103.323.174.214.820,3,1
5.688.139.777.764.650,1.888.087.857.623.460,3.472.581.686.297.920,5.659.637.421.901.620,0,0
7.665.273.162.216.270,1.005.303.586.918.350,5.821.385.025.569.940,520.119.713.920.574,0,1
7.021.074.541.137.920,4.962.194.794.899.240,5.726.847.087.650.870,7.370.730.979.762.920,2,1
3.313.522.187.363.170,6.899.643.571.263.620,4.760.720.313.957.830,10.294.741.644.178.800,1,0
675.662.902.207.073,33.473.532.657.927.900,4.486.134.514.764.370,92.127.425.937.046,2,1
39.593.722.619.594.900,6.954.884.591.776.500,508.427.819.547.436,16.068.831.836.911.900,2,1
7.562.537.914.224.340,698.635.589.431.956,27.975.667.780.715.200,49.057.938.069.192.400,1,1
4.541.836.627.367.060,7.039.359.073.278.300,6.272.824.602.014.420,2.018.164.025.583.010,1,1
4.122.797.278.316.650,4.925.218.540.205.080,8.970.829.419.630.260,14.418.716.447.815.100,6,0
934.729.915.488.301,914.886.150.121.504,31.983.639.402.343.800,5.354.747.074.668.410,0,0
25.087.909.989.070.000,4.891.965.179.806.150,4.918.804.156.387.540,6.406.149.196.809.620,5,1
12.044.733.999.656.500,45.026.519.349.663.800,18.458.608.809.824.400,45.003.879.254.292.100,2,0
5.845.431.132.594.580,199.380.819.010.627,28.619.140.178.711.300,1.558.059.632.533.190,4,0
9.693.218.122.841.780,30.765.508.735.633.600,7.394.063.383.623.450,5.910.708.355.570.740,0,0
37.783.921.372.718.600,4.233.449.251.830.330,-5.705.264.397.244.740,11.402.467.491.861.500,0,0
6.203.676.362.878.150,6.335.352.936.161.700,648.780.983.752.103,6.670.408.995.810.900,0,0
3.393.052.673.095.670,24.853.574.392.709.200,3.638.442.885.593.210,7.739.761.268.325.240,1,0
50.593.165.431.955.800,3.041.552.544.854.650,5.851.330.662.639.180,21.913.326.248.472.600,2,1
1.619.230.066.322.130,7.708.145.216.643.210,11.680.970.708.183.900,6.050.778.149.917.540,1,0
658.102.218.056.492,3.272.211.831.614.530,4.752.780.577.982.600,9.208.639.060.668.570,0,0
9.977.493.890.102.000,24.219.589.201.314.200,22.870.734.695.456.800,4.597.394.330.745.440,0,0
4.517.394.759.814.430,16.905.774.913.370.500,2.682.877.973.239.480,17.844.038.542.668.900,0,0
35.472.855.673.021.200,7.748.584.021.819.550,2.789.685.747.026.080,10.086.100.543.973.200,0,0
40.070.416.683.446.600,12.970.625.799.002.600,16.437.505.307.258.700,14.113.527.789.596.300,1,0
11.514.617.839.520.100,4.537.537.602.503.530,14.042.148.807.861.600,6.264.343.624.790.880,0,0
8.832.736.014.262.230,5.069.301.160.771.940,18.047.557.818.736.600,6.978.341.953.092.470,0,0
414.825.655.521.352,6.873.899.126.857.140,5.958.878.413.705.810,15.635.957.944.532.900,5,1
3.872.744.114.248.410,6.332.834.823.329.950,6.849.453.271.817.110,12.100.598.991.201.300,4,0
6.596.902.729.304.740,8.107.206.729.451.740,26.424.015.260.840.500,8.645.532.420.975.650,1,1
44.203.342.093.112.300,4.475.143.392.623.810,917.574.474.994.911,17.497.137.934.799.100,0,0
648.233.468.807.846,2.964.407.247.793.970,431.947.062.868.487,8.969.649.024.580.420,2,0
6.144.629.013.078.750,28.013.411.877.537.900,46.795.702.320.221.900,3.822.057.935.770.000,0,0
8.137.233.437.222.270,14.601.690.559.210.800,5.874.145.029.348.290,7.206.491.966.121.060,0,0
9.405.039.528.794.020,28.917.825.385.644.300,531.456.022.381.511,5.303.530.770.507.630,0,1
648.765.386.159.386,30.976.531.414.290.300,5.581.241.522.518.290,9.127.300.659.150.670,2,0
9.545.659.288.588.100,52.188.446.192.747.800,8.623.087.429.725.170,5.817.092.418.344.210,0,0
15.143.231.436.996.300,663.704.478.926.256,9.557.431.912.593.450,3.856.149.548.570.140,0,0
4.774.161.894.803.530,38.110.051.361.181.400,8.164.101.113.953.710,1.852.630.280.156.550,1,1
60.180.673.394.544.700,7.194.702.313.133.810,4.231.445.750.915.770,13.130.559.368.868.000,4,1
5.817.366.474.211.860,33.616.533.857.958,6.477.882.492.448.890,17.394.847.680.682.700,4,1
4.014.617.790.890.430,29.028.367.731.476.000,4.515.093.415.498.170,13.978.062.398.310.500,2,0
3.380.844.093.662.610,5.411.880.558.570.240,6.793.061.316.239.710,6.602.224.166.323.950,6,0
1.268.240.225.504.180,23.716.360.305.790.600,-3.532.904.698.279.490,6.224.259.516.342.380,0,0
3.917.424.505.622.780,79.789.123.634.000.300,10.654.071.129.018.300,13.041.980.624.437.700,0,0
16.266.081.510.548.500,41.796.954.358.652.700,2.216.820.736.942.890,3.201.291.653.734.210,1,0
7.343.656.764.922.180,9.429.127.113.917.560,5.242.637.854.665.710,564.572.786.798.196,0,0
20.883.093.549.458.900,7.215.117.798.434.230,18.453.045.911.871.000,5.737.340.225.267.160,1,0
5.856.530.528.453.380,8.812.656.950.055.770,-31.328.133.255.670.400,5.404.929.526.849.380,0,0
55.236.613.781.723.400,8.463.180.127.808.730,23.118.913.227.073.000,19.876.521.597.581.700,2,0
5.952.297.327.194.010,732.300.770.608.181,5.124.636.177.406.690,13.678.856.032.865.000,3,0
8.719.130.612.805.050,6.109.465.257.026.530,16.443.135.178.331.500,5.061.597.459.856.560,0,0
5.769.816.124.176.810,8.202.929.606.091.770,2.448.030.506.517.600,1.545.380.154.887.070,0,0
3.454.808.537.234.450,4.041.098.477.429.570,6.185.631.966.424.690,8.003.780.499.835.100,2,0
8.030.118.815.263.200,22.150.105.085.385.200,931.233.728.287.189,6.037.696.937.990.000,1,1
54.027.889.318.742.100,5.120.233.891.087.590,9.917.464.300.999.500,19.294.522.535.464.100,7,1
7.928.028.463.119.170,5.488.417.555.934.730,13.839.871.502.652.200,5.285.828.629.646.210,0,0
5.658.505.603.132.460,5.383.263.720.099.120,9.378.311.972.294.110,17.502.975.858.104.200,4,1
9.080.185.454.216.620,5.650.737.914.801.050,142.368.787.272.676,4.318.166.656.410.730,0,0
39.631.262.549.822.000,9.487.049.182.391.800,9.180.461.431.882.750,12.756.939.568.700.300,0,0
29.632.580.189.980.000,9.022.456.230.962.310,9.397.895.595.515.240,6.922.578.442.022.580,0,0
14.346.945.701.802.000,8.757.170.365.589.390,15.208.737.041.349.200,6.187.263.650.830.310,0,0
15.144.552.193.535.700,8.014.168.109.086.270,7.556.724.945.447.590,6.642.588.693.064.020,1,0
4.327.714.843.418.180,9.434.281.072.652.850,554.639.946.120.995,17.761.399.683.735.400,0,0
5.956.798.241.615.290,9.849.464.167.940.320,11.941.783.998.470.500,14.519.935.089.305.000,2,0
8.061.540.516.960.170,2.651.232.614.457.390,6.560.605.928.992.620,5.272.058.141.268.610,1,0
9.395.685.890.251.650,4.950.559.456.545.840,13.968.061.140.212.400,50.125.496.448.451.500,0,0
7.551.336.174.451.950,8.465.344.931.234.050,5.949.976.200.101.590,45.529.668.440.897.000,2,0
5.866.239.182.836.620,5.051.657.115.227.320,9.246.098.009.673.290,15.332.077.849.848.600,1,1
8.284.386.709.389.900,7.480.347.393.415.880,1.647.794.207.043.370,37.333.570.132.101.000,0,1
801.867.568.121.133,13.895.990.524.891.600,44.422.707.728.100.700,4.878.156.447.358.370,0,0
4.768.388.777.331.240,2.524.138.129.765.600,4.866.412.628.691.090,212.391.246.028.517,4,1
6.300.931.268.616.630,7.317.760.950.376.720,4.311.486.345.231.480,12.258.420.876.215.500,3,1
8.286.529.061.182.890,16.473.400.888.772.400,10.254.631.992.129.400,4.144.586.412.426.540,1,1
7.834.695.600.492.670,35.135.593.465.492.600,24.523.906.398.658,5.197.472.114.231.890,0,0
27.706.924.971.339.900,2.648.662.578.135.710,22.761.566.647.816.200,5.415.624.536.521.380,1,0
9.408.801.695.592.040,3.498.616.942.224.780,6.624.968.076.541.360,4.938.388.394.236.620,0,0
12.434.584.143.087.000,7.083.240.490.779.700,3.478.069.173.896.970,6.054.043.674.427.200,0,0
8.751.336.186.211.520,367.847.181.142.801,17.535.221.257.662.100,5.666.199.058.483.460,1,0
9.709.402.496.046.180,5.552.633.226.079.400,9.679.729.087.528.690,7.484.373.218.832.870,0,1
17.715.352.322.262.500,9.993.187.705.440.960,23.751.786.588.575.900,6.274.280.335.752.530,0,0
7.220.660.642.037.850,8.050.176.932.346.270,1.576.222.961.307.120,6.478.282.986.132.500,1,1
4.028.551.877.799.840,36.988.862.564.812.400,5.548.161.414.169.200,5.677.536.303.600.270,0,0
40.542.282.513.915.400,6.485.341.590.333.420,6.802.508.430.576.590,14.388.393.225.118.000,1,0
516.283.299.197.674,7.253.896.016.618.320,5.319.941.161.398.560,18.674.948.740.845.600,3,1
58.064.522.590.963.400,2.096.609.221.117.000,3.381.673.464.109.460,17.141.707.810.850.200,1,0
9.359.372.482.485.590,88.467.498.495.335,9.443.595.865.081.420,6.010.111.939.110.140,1,0
6.722.506.872.941.940,6.162.242.516.069.520,6.112.015.900.954.640,8.161.530.106.840.440,4,1
481.277.951.219.237,4.287.251.417.514.810,9.477.484.491.763.490,20.013.339.645.896.500,3,1
8.096.750.362.658.890,18.233.518.357.821.900,6.721.583.479.648.940,6.365.012.680.415.830,0,0
9.505.328.209.544.080,9.423.009.379.012.060,4.690.942.677.416.300,5.846.938.159.065.230,1,0
22.066.148.682.290.800,7.550.682.041.316.250,-15.233.173.262.604.100,35.370.631.849.164.700,0,0
9.825.212.722.560.380,20.802.456.273.324.800,1.599.639.348.999.750,5.243.751.944.942.450,0,0
8.613.213.906.368.030,3.377.107.747.242.240,11.356.658.768.853.000,48.352.303.442.453.700,0,0
8.143.867.792.687.610,8.096.742.580.880.730,6.597.435.268.887.380,622.011.035.503.321,0,1
28.033.475.255.141.200,695.677.663.215.339,34.827.753.733.244,7.374.718.755.793.260,1,0
13.217.965.775.387.100,7.657.842.927.157.240,9.251.772.628.996.770,6.335.916.632.139.790,0,0
4.398.556.397.138.340,4.412.011.022.129.320,8.895.485.566.621.680,16.400.298.300.863.200,4,1
6.439.565.794.476.130,716.476.262.642.167,4.274.610.571.452.070,953.802.785.219.363,3,0
380.951.845.023.475,3.864.937.228.639.130,7.083.563.168.223.740,13.498.906.121.019.000,3,0
5.456.540.828.269.890,21.126.291.693.819.600,1.298.037.756.408.320,44.090.914.604.149.000,0,0
5.994.611.396.587.160,6.326.770.348.413.590,7.781.944.204.750.170,12.625.551.737.365.100,3,1
9.024.032.761.106.740,9.760.139.255.987.940,-15.115.304.407.183.700,5.537.165.904.720.080,0,0
3.832.153.659.472.510,3.106.009.713.953.290,5.686.935.473.090.570,12.037.364.781.199.500,3,0
21.633.277.763.082.700,4.609.695.922.125.390,3.470.551.980.089.700,7.058.183.368.650.980,1,0
4.425.773.459.328.150,6.740.013.710.698.530,6.246.626.372.760.280,18.016.268.292.367.800,7,0
4.836.271.104.878.080,5.415.062.821.224.870,7.952.530.687.756.170,5.160.817.504.169.080,0,0
8.204.875.844.802.740,8.434.277.957.090.490,8.287.943.568.344.280,47.190.076.257.652.100,0,0
8.263.408.109.501.860,761.742.706.469.516,139.801.562.651.247,6.663.866.715.658.220,0,0
58.800.046.342.962.800,5.829.720.386.235.700,12.608.466.304.809.100,15.542.842.280.657.900,0,0
3.531.028.889.383.890,998.421.233.923.774,12.257.444.298.635.100,9.690.845.681.126.900,0,0
7.997.833.644.457.830,7.524.024.537.194.670,15.416.442.604.126.600,4.373.637.346.320.550,0,0
5.546.870.247.883.670,8.639.033.162.941.130,16.412.855.108.541.200,17.843.170.361.616.900,0,0
8.259.323.085.500.160,6.511.977.120.953.460,2.127.440.457.203.190,4.096.364.034.172.850,3,0
6.314.587.925.830.200,8.562.851.280.467.620,15.685.750.832.310.900,1.235.052.266.061.170,2,0
7.844.054.732.127.970,11.238.297.492.870.900,8.340.146.119.294.510,34.544.812.136.894.600,1,0
59.856.299.321.776,3.477.378.355.593.150,6.239.192.817.690.910,14.089.175.136.951.100,3,0
4.141.410.682.156.660,8.764.209.436.044.920,2.262.088.569.859.900,15.985.790.579.658.100,0,0
9.579.458.599.261.370,20.165.521.126.689.200,49.577.297.155.106.500,5.342.538.407.249.890,0,0
5.411.138.248.788.440,7.824.209.858.002.270,5.544.705.208.816.850,18.067.052.975.665.700,0,0
6.050.895.185.405.380,788.118.939.945.219,2.873.307.402.084.290,14.295.570.817.077.500,1,1
22.048.763.941.474.900,8.354.861.556.432.960,11.671.181.498.755.400,44.156.649.404.133.200,1,0
62.565.078.942.727.600,1.626.522.181.899.000,23.320.968.549.989.700,11.789.331.930.123.200,1,0
57.160.764.948.294.300,8.543.459.827.827.150,15.705.658.313.166.600,17.259.527.142.179.200,0,0
18.483.839.794.702.400,6.867.677.955.971.690,20.821.014.621.594.700,556.744.169.218.919,2,1
5.958.709.735.314.370,5.200.826.832.165.830,2.965.313.635.310.490,4.325.881.919.031.000,0,0
6.043.593.197.147.710,830.250.192.781.385,22.057.267.922.178.000,14.899.093.678.932.800,3,0
7.636.922.693.503.200,4.192.492.493.189.650,4.198.400.334.944.150,5.550.342.196.250.690,6,0
5.234.013.709.220.080,1.939.939.562.233.970,2.915.512.425.418.970,20.337.849.297.398.800,2,0
2.267.726.253.196.450,28.485.267.661.061.300,17.531.172.951.569.900,6.888.037.533.136.960,0,0
6.665.219.766.930.340,5.051.640.182.933.140,7.112.250.298.301.040,986.683.033.117.285,2,0
8.010.572.660.960.220,5.313.307.926.731.750,9.088.537.714.995.510,612.235.549.356.063,0,0
44.183.370.480.195.400,8.055.808.264.412.330,31.722.213.001.061.200,17.858.212.159.734.300,2,0
1.633.667.583.984.200,7.913.527.236.523.340,5.738.429.160.634.730,5.845.855.351.442.520,1,0
18.445.905.105.988.300,5.813.665.572.045.740,2.420.045.659.936.190,5.316.882.483.448.700,0,0
20.229.394.915.820.300,7.807.854.833.654.760,626.412.805.218.135,39.691.348.823.109.600,0,0
3.867.070.570.439.770,191.773.458.293.671,2.648.611.992.239.400,13.198.185.981.832.700,2,0
5.115.020.562.039.760,5.006.452.709.329.430,15.895.548.415.310.400,5.256.993.846.671.580,0,0
3.977.934.409.290.980,8.736.338.226.347.000,11.761.064.795.091.500,14.480.969.797.155.200,2,1
51.170.744.711.470.000,75.554.493.762.769.500,11.083.042.437.124.000,19.769.556.232.286.600,0,0
48.329.428.496.632.500,2.466.884.297.439.970,4.776.439.692.438.350,19.030.687.353.551.600,1,0
3.827.841.004.030.400,6.953.189.496.243.840,5.163.031.928.613.680,13.202.915.265.885.400,2,1
8.391.466.080.707.520,4.094.479.376.273.090,22.237.225.942.141.300,3.734.420.701.071.940,0,1
1.453.266.924.205.040,8.763.139.699.155.080,4.354.544.560.857.710,6.486.650.058.410.580,1,0
505.696.743.781.374,29.797.979.466.226.900,5.640.308.790.725.100,19.744.262.008.148.800,5,0
620.414.169.565.543,11.871.346.669.359.200,6.632.402.073.659.250,5.246.553.917.342.520,0,0
71.155.678.877.909.700,3.006.556.405.607.440,4.695.453.448.469.250,5.560.080.773.825.020,0,0
5.738.658.496.770.960,5.780.750.491.848.310,8.852.262.784.672.390,1.700.926.987.680.800,2,1
566.018.424.887.821,3.759.383.754.032.930,8.043.175.434.485.850,15.653.842.757.501.200,7,0
878.033.512.844.457,5.348.727.557.587.550,16.085.203.662.022.300,5.835.913.031.608.440,1,0
5.578.736.756.600.730,8.765.981.188.350.180,18.109.162.480.292.200,17.990.207.586.143.200,3,0
9.597.910.204.048.500,9.124.850.542.303.680,15.860.078.134.434.300,43.651.235.878.388.500,0,1
4.869.484.839.992.970,2.659.740.646.541.120,-29.936.809.322.133.100,4.250.899.700.151.600,0,0
9.800.768.478.074.100,4.621.404.732.699.000,120.335.236.659.928,4.670.592.489.466.830,0,0
440.658.615.703.814,5.491.440.152.414.510,5.380.014.330.830.130,37.017.176.410.578.600,0,0
18.527.685.033.354.000,949.112.456.888.247,9.445.171.403.685.480,6.828.249.726.411.440,0,0
5.412.701.109.416.780,9.986.173.191.643.840,464.009.974.832.187,202.616.161.456.525,0,0
645.572.181.427.428,23.540.724.884.152.600,35.360.969.876.368.100,10.650.808.868.613.000,1,1
455.851.579.486.688,7.269.798.713.458.150,8.780.924.518.229.930,47.770.937.999.929.600,0,0
9.459.708.898.455.990,3.780.310.622.331.950,9.844.837.096.812.900,48.036.118.737.045.500,2,0
842.165.376.650.381,8.108.196.886.213.220,49.359.730.430.553.200,5.801.097.887.175.480,0,0
29.661.248.215.709.300,9.252.522.435.902.350,19.039.382.921.523.600,8.653.788.366.640.730,0,0
7.718.753.022.646.790,4.605.660.075.622.550,8.588.364.691.916.480,4.431.571.788.787.030,2,0
1.698.870.732.190.570,48.833.491.300.433.400,23.230.855.230.301.600,3.946.940.603.629.520,3,0
12.694.441.375.497.200,22.569.696.573.442.600,2.948.621.348.375.750,6.561.898.257.549.950,0,0
12.328.377.929.894.600,6.869.274.167.743.020,1.164.344.472.334.520,32.252.906.296.932.300,1,0
5.185.616.886.657.330,29.400.338.859.495.300,5.835.053.705.371.490,18.735.279.974.783.400,3,0
2.458.474.424.934.000,5.598.931.015.359.490,4.653.050.217.915.810,5.346.696.796.094.160,6,1
3.581.397.165.291.440,30.091.907.316.541.800,4.859.484.983.904.470,8.923.557.966.635.490,3,1
9.895.053.333.843.220,1.671.343.148.693.070,-12.636.724.385.223.200,6.112.243.015.104.880,0,0
6.843.142.489.253.440,4.071.737.385.988.750,56.679.275.144.098.800,8.601.032.522.045.660,2,1
9.489.806.670.470.010,23.227.336.479.050.000,5.331.106.871.278.720,442.583.592.850.238,2,0
14.255.655.503.311.500,53.480.097.691.916.800,2.306.980.258.038.040,6.304.831.025.681.980,0,0
3.821.394.748.325.690,19.882.853.028.647.900,2.870.615.548.185.450,13.938.739.940.961.700,0,0
5.547.318.032.823.540,50.840.597.664.462.700,10.193.039.967.343.500,17.800.308.829.479.800,5,1
7.675.806.188.873.800,15.737.851.486.886.700,7.361.257.094.356.710,45.512.649.101.362.200,0,0
41.874.436.279.578.600,6.709.747.094.857.840,4.535.094.209.001.980,7.259.670.886.416.820,1,0
6.704.343.337.969.170,7.539.376.844.414.240,28.547.263.122.967.800,9.231.305.934.356.050,2,1
6.418.195.168.014.350,11.039.423.424.993.300,7.732.231.551.774.000,1.074.348.803.486.320,0,0
4.107.888.099.996.110,4.678.024.120.373.390,8.820.281.595.347.810,1.643.916.328.301.950,0,1
4.896.440.760.320.320,7.087.170.065.487.350,12.253.200.536.123.900,20.221.712.032.719.400,2,0
4.154.430.005.920.890,5.981.824.455.420.020,8.654.882.430.127.340,14.985.779.620.940.500,2,0
24.005.044.844.888.800,26.440.429.792.964.500,41.947.056.740.982.900,5.080.340.128.791.310,0,0
33.537.160.621.746.200,5.276.244.568.387.070,7.409.344.799.481.490,9.907.378.528.032.030,4,1
17.708.225.539.728.900,51.746.100.938.429.100,2.632.012.992.140.610,3.089.429.345.711.750,0,0
9.842.418.910.136.870,9.243.543.461.938.000,327.104.166.838.402,47.166.932.274.305.500,0,0
9.567.204.338.893.490,5.490.832.225.687.220,9.623.817.075.194.580,6.383.500.537.374.160,0,0
59.935.972.504.216.500,5.829.984.797.183.150,7.515.906.338.103.210,13.644.342.656.195.600,4,1
7.286.562.842.366.020,40.165.312.576.438.000,4.485.552.030.895.060,7.644.520.433.744.930,2,0
3.153.637.432.661.170,9.490.796.031.828.160,8.098.597.928.702.080,9.142.618.596.356.510,0,0
3.931.471.294.940.150,7.771.859.094.396.090,340.068.342.420.597,13.409.917.961.597.800,0,0
23.692.399.389.672.300,28.540.529.030.284.100,2.008.550.496.847.770,4.902.695.375.945.940,1,0
9.696.567.096.542.470,8.442.095.857.762.320,-43.050.415.276.066.800,471.709.588.038.727,0,0
1.790.316.374.415.830,43.239.636.018.508.900,24.959.578.717.142.400,7.751.515.618.201.570,1,0
7.975.140.452.964.850,828.667.143.533.594,8.356.903.292.862.580,7.053.906.482.524.850,1,0
6.775.458.051.837.750,8.228.880.682.935.020,1.566.706.982.635.250,8.227.010.967.296.660,1,1
5.469.288.759.854.760,1.888.701.867.628.540,29.438.633.620.128.700,17.827.800.219.068.100,1,0
47.508.987.286.676.800,701.141.131.383.577,6.136.020.671.608.130,19.658.800.588.284.400,3,1
9.224.342.836.561.240,2.906.429.693.065.310,8.225.140.331.081.950,5.245.827.170.829.910,1,0
7.273.494.777.866.840,29.749.266.999.266.800,-9.535.677.388.282.900,3.758.270.373.016.500,0,0
28.060.081.323.791.500,29.634.807.688.058.000,28.681.001.499.917.900,6.431.588.514.121.960,0,0
349.937.853.570.714,7.255.682.475.599.480,39.037.949.323.806.600,11.187.652.912.794.000,2,1
7.824.258.122.127.870,22.982.604.179.253.600,16.532.277.440.399.800,34.786.342.550.723.900,0,0
9.925.146.201.619.710,9.058.352.460.902.250,16.819.437.821.003.100,582.666.501.205.394,0,0
24.067.051.475.715.300,7.152.368.534.826.330,25.593.452.555.141.500,6.894.479.605.352.640,0,0
8.743.073.341.370.800,17.118.474.383.512.500,33.419.886.842.559.800,4.453.048.594.885.900,1,0
8.306.227.604.317.910,10.448.239.530.783.400,2.625.809.693.529.590,6.757.624.666.869.770,0,0
2.246.573.976.417.660,23.751.612.059.406.000,14.198.573.795.292.400,4.648.367.437.749.720,1,0
39.933.258.019.922.200,379.900.522.322.704,758.716.527.158.636,14.478.321.871.841.500,2,0
4.096.728.692.925.190,4.759.063.274.732.000,8.688.972.517.980.260,14.668.413.961.641.300,8,0
9.782.206.685.265.580,4.457.004.071.263.080,29.791.415.122.631.500,4.693.165.839.630.260,0,0
18.089.190.137.889.800,9.705.733.326.273.600,2.381.784.553.968.930,44.749.328.756.290.900,0,0
7.991.579.711.047.820,7.160.630.534.195.580,18.092.449.667.336.400,5.869.467.330.183.630,1,0
33.419.271.417.310.900,3.231.940.653.243.360,46.008.957.019.190.000,9.642.906.106.015.350,3,0
7.308.703.457.761.600,31.869.725.728.539.700,2.998.993.443.897.130,5.979.509.821.220.550,2,0
42.001.100.429.566.200,4.485.425.493.684.590,8.736.528.806.149.810,1.453.322.620.973.060,5,1
57.835.976.311.654,626.244.822.763.033,7.489.316.217.496.360,1.643.778.988.070.800,4,0
8.326.117.733.261.310,14.637.306.658.896.700,-1.852.295.299.049.700,5.481.413.270.378.580,0,0
8.041.655.649.838.840,18.892.981.376.495.200,8.793.315.759.229.920,4.930.217.141.315.200,0,0
8.664.231.835.397.000,8.594.345.828.335.500,6.486.407.778.690.450,6.885.451.070.664.430,0,0
5.961.732.534.465.900,25.625.492.388.907.200,5.915.235.886.447.230,3.436.992.892.340.190,0,0
6.920.505.530.397.440,3.801.949.979.751.770,5.121.647.146.369.320,5.155.062.564.927.850,2,1
13.998.737.672.176.200,8.712.718.509.501.170,3.673.365.053.845.720,429.216.180.735.602,0,0
415.818.568.018.411,6.631.478.293.998.220,63.951.051.011.964.800,16.235.120.860.754.900,3,1
54.858.841.505.468.800,34.171.187.934.168.800,7.143.142.833.230.740,1.727.404.023.232.330,0,0
40.273.948.474.683.000,6.836.995.457.246.200,6.289.141.128.024.380,13.366.163.431.882.000,3,1
51.961.167.580.300.700,1.968.321.538.141.370,8.470.845.948.620.640,20.665.313.974.092.700,1,0
9.965.263.087.986.190,7.356.426.600.113.650,3.854.205.076.938.110,5.462.614.385.571.160,2,0
13.521.731.371.285.400,48.701.604.051.623.900,17.432.137.808.589.800,5.396.406.897.819.230,1,0
6.754.560.453.364.250,8.131.821.472.844.610,22.221.623.010.466.800,8.999.586.477.494.330,0,0
39.600.096.638.561.500,9.546.376.520.064.680,15.341.612.723.518.300,1.330.912.843.241.980,0,0
13.300.979.890.732.800,9.257.885.494.945.680,11.689.466.135.584.100,4.638.860.778.511.310,0,0
15.873.676.337.430.900,9.092.650.434.553.400,4.625.089.691.253.680,5.854.158.683.596.920,1,0
9.492.731.062.456.160,5.121.699.559.338.870,10.227.652.163.775.800,36.557.341.654.905.600,2,0
879.601.496.711.762,36.014.211.413.893.800,1.493.837.264.190.530,2.868.424.592.999.270,0,0
9.070.419.604.150.210,46.503.532.473.067.200,1.329.879.301.527.230,45.705.031.045.535.600,0,0
9.915.327.758.273.860,6.898.960.033.133.600,2.522.002.382.078.680,5.930.958.347.397.130,0,0
20.831.539.000.851.700,8.839.977.768.711.860,7.079.630.261.817.610,5.468.670.003.832.550,0,0
35.543.933.736.406.100,20.698.630.300.011.900,2.347.210.317.439.290,11.133.253.027.239.800,1,0
6.692.190.299.248.660,918.193.158.461.703,5.321.065.933.757.320,6.567.048.808.150.450,1,0
4.838.025.398.606.470,815.180.231.969.889,28.978.957.831.351.400,20.120.013.489.227.100,0,0
4.183.895.333.783.330,9.788.560.151.782.340,5.755.961.784.635.530,16.405.273.206.179.800,1,0
35.781.124.933.559.300,8.802.517.732.816.870,7.267.109.409.734.770,9.107.670.555.677.580,0,0
5.937.806.319.434.520,27.993.732.969.190.600,5.027.096.354.713.380,15.525.112.628.246.300,4,1
575.593.428.640.082,10.595.591.134.404.700,15.686.085.094.259.400,16.160.594.994.415.000,0,0
1.614.578.340.642.400,11.224.107.199.158.800,3.412.111.134.663.720,8.120.016.570.469.130,1,0
47.173.983.751.843.900,2.912.233.185.782.760,645.404.284.570.587,17.235.587.874.890.500,4,1
55.347.177.620.984.900,61.418.372.398.453.900,7.992.959.198.663.280,19.370.925.407.966.900,4,1
5.702.869.387.313.900,8.043.203.260.971.720,28.457.801.259.504.500,16.322.803.642.899.400,3,0
2.101.071.929.123.510,8.992.503.069.815.640,3.584.039.914.006.100,3.607.356.770.213.810,0,0
7.422.713.922.522.860,6.237.533.843.692.320,39.419.460.358.532.700,5.270.187.871.867.520,3,1
25.199.094.821.069.600,563.131.274.805.373,-7.047.196.761.937.930,5.277.670.144.401.510,0,0
35.483.185.554.316.200,1.863.167.765.185.330,18.240.630.770.496.500,1.126.720.211.552.080,0,1
7.802.126.485.356.330,9.972.620.385.336.790,3.418.208.604.537.350,7.017.813.249.994.540,0,0
56.389.292.105.540.200,36.332.447.556.901,7.494.381.819.485.450,18.652.418.786.416.100,3,1
26.116.243.251.086.000,5.013.509.936.337.450,5.269.967.233.217.150,49.004.027.092.030.100,3,0
6.949.531.193.430.470,4.339.717.857.856.080,11.197.324.130.575.400,8.372.940.422.510.490,2,0
5.673.909.441.560.730,3.484.779.757.956.550,7.491.662.938.972.990,17.344.176.669.336.300,3,1
7.962.436.094.563.870,17.917.967.462.532.200,689.589.782.312.225,4.531.777.738.112.450,0,0
7.350.251.861.898.230,6.470.701.662.588.730,3.617.005.843.479.810,5.735.718.877.929.890,2,1
6.101.079.220.362.340,46.427.236.932.434,8.409.944.542.862.530,12.471.550.723.693.300,1,0
488.177.675.310.814,49.531.764.693.390.800,1.051.517.660.417.460,19.932.632.249.060.600,5,1
1.331.821.256.675.230,4.276.917.880.334.610,1.692.814.148.022.930,42.883.001.560.551.500,1,0
26.133.301.788.538.300,956.019.710.486.567,-3.361.917.610.157.120,4.841.323.984.429.940,0,0
4.190.994.729.170.850,21.473.512.512.156.300,3.181.648.748.718.910,16.292.728.165.794.000,2,0
5.992.992.870.063.880,5.166.642.598.438.740,9.036.870.816.396.970,14.790.439.985.889.800,4,1
5.137.078.552.153.040,7.360.173.683.653.350,5.179.537.118.701.430,196.721.339.929.879,2,1
28.818.452.595.952.900,55.684.441.313.456.200,5.421.395.410.152.500,7.959.284.169.831.860,3,0
6.464.357.789.710.550,9.290.208.857.168.010,25.272.223.618.742.200,4.739.646.481.589.920,0,0
49.623.922.190.081.300,37.796.835.564.128.400,7.618.100.274.419.470,196.866.216.157.551,3,1
2.856.259.885.622.430,463.675.805.773.178,5.569.181.278.213.770,7.167.667.485.707.020,4,0
7.346.083.007.105.350,8.852.231.521.472.840,8.636.142.397.440.060,5.824.525.944.729.080,0,0
2.394.626.527.048.340,6.089.991.110.519.280,25.738.434.019.547.700,5.084.977.593.355.620,0,0
58.482.781.130.579.000,28.821.196.844.810.600,4.966.299.143.298,12.946.926.537.650.200,2,1
9.414.742.375.060.650,16.030.903.951.556.800,-35.314.063.078.603.100,5.017.586.209.607.900,0,0
17.440.926.711.149.900,5.445.312.929.045.080,30.696.188.261.057.700,3.247.643.068.026.620,2,0
4.716.494.907.505.950,5.323.102.633.799.100,9.555.637.525.780.580,18.188.188.058.893.000,6,1
9.142.199.181.713.810,7.587.164.122.404.750,20.329.757.606.660.400,36.682.347.762.257.500,0,0
6.256.819.122.613.520,6.982.154.534.944.720,5.204.131.738.047.870,10.766.469.828.303.800,1,0
5.505.316.805.962.250,62.377.219.065.085.200,8.451.468.492.484.030,17.653.269.324.073.900,8,1
40.736.552.421.283.200,1.890.172.827.464.970,26.355.084.487.516.500,14.280.346.615.280.100,0,0
5.213.770.214.737.410,46.943.486.215.404.300,9.665.773.818.225.560,20.325.428.292.163.600,6,1
8.965.746.584.690.100,72.032.291.647.856,8.152.345.244.125.170,5.228.155.278.272.650,0,0
19.629.430.231.106.700,5.294.357.405.412.760,3.508.211.104.797.630,3.247.925.814.603.930,3,0
22.564.511.705.347.200,3.954.890.761.835.700,45.391.905.706.871.800,50.834.630.352.537.300,0,0
8.616.648.846.991.000,32.233.845.808.094.300,10.274.673.611.732.600,5.339.920.961.186.460,1,0
5.771.170.823.879.060,61.039.386.664.405.300,7.509.585.822.205.960,1.581.316.863.823.920,3,0
8.906.584.554.618.420,9.391.086.983.102.400,-2.331.082.528.814.680,4.946.393.827.822.170,0,0
5.969.452.234.131.720,6.717.448.404.774.830,6.409.007.982.918.610,14.566.105.272.686.600,2,1
8.101.610.899.597.020,7.474.590.363.631.550,21.716.508.332.903.800,5.886.818.093.650.490,0,0
42.967.336.335.514.700,4.606.849.734.821.330,9.038.354.261.311.830,15.138.811.965.866.000,3,1
7.498.599.312.882.680,8.908.241.315.106.270,46.424.422.967.089.500,5.417.048.183.460.350,0,0
913.041.466.889.856,9.446.242.580.108.680,1.772.343.553.729.620,6.511.297.440.850.150,0,0
5.721.229.637.222.060,9.888.757.121.375.430,40.056.323.093.559.900,1.798.143.938.519.050,0,0
18.078.515.056.237.900,9.490.693.936.454.210,14.299.780.762.405.700,5.942.855.166.740.540,0,0
26.879.761.503.019.800,7.827.448.072.987.580,9.598.167.718.471.330,6.572.779.014.434.250,0,1
1.986.445.768.974.050,933.413.320.449.555,7.684.709.449.201.990,6.814.615.087.719.460,0,0
24.685.702.759.573.200,3.631.325.902.594.620,30.686.333.925.280.600,7.526.798.667.596.060,1,0
3.064.154.493.510.360,8.447.091.670.758.620,15.157.040.898.888.800,7.174.124.222.870.660,1,1
5.551.337.867.531.880,4.183.833.377.132.710,8.624.953.881.779.530,16.915.562.852.535.300,6,1
5.879.916.294.638.320,4.408.551.127.025.150,8.614.691.307.452.140,14.914.787.213.668.300,4,0
42.649.974.724.186.100,6.342.430.909.775.420,7.554.544.252.665.700,19.546.078.527.983.600,4,0
6.154.207.798.208.350,7.744.774.192.759.830,3.237.553.803.142.400,111.362.825.176.958,4,0
8.157.492.561.136.590,33.789.150.948.248.600,1.432.026.718.401.320,45.318.283.457.688.000,0,0
8.778.823.705.815.990,5.931.559.955.271.340,1.274.536.404.572.120,3.590.373.329.674.350,2,0
17.182.946.035.765.800,18.673.299.409.737.000,8.515.110.333.587.070,519.355.055.691.556,0,0
5.180.774.980.403.440,34.594.951.786.320.200,7.208.730.221.994.320,18.554.203.574.788.100,3,1
21.399.467.869.831.300,3.479.686.661.552.160,2.505.646.636.706.010,5.142.349.485.211.690,0,0
28.328.440.349.257.700,46.906.034.022.115.300,50.614.956.478.715.400,4.482.901.348.879.040,6,1
4.003.128.361.729.940,3.341.364.118.761.730,6.005.712.535.019.800,14.744.042.177.411.600,8,0
8.118.661.240.103.790,10.736.111.845.066.700,10.202.287.116.252.800,633.825.148.793.823,0,0
13.862.135.912.860.100,14.562.873.852.545.100,-12.913.063.165.554.700,46.161.671.040.398.400,0,0
6.493.788.202.366.220,3.343.798.556.109.760,13.989.347.761.762.200,9.780.149.422.248.410,0,0
6.688.765.310.406.850,4.702.490.853.287.540,70.202.308.117.018.700,8.440.743.147.645.680,6,1
7.986.557.803.566.360,9.544.476.948.529.880,21.499.893.333.774.000,5.354.387.102.284.320,0,0
9.327.529.390.603.130,11.567.522.364.811.600,932.007.587.510.351,4.963.117.073.616.900,0,0
20.137.848.949.289.800,946.264.493.003.082,46.936.012.445.543.700,5.768.266.883.636.130,1,0
15.378.370.551.321.600,7.333.615.147.320.930,12.962.373.439.365.500,6.270.470.886.329.900,2,0
886.171.294.055.993,6.374.988.029.341.630,10.650.431.795.095.000,4.194.594.645.258.060,1,0
45.851.856.218.701.500,6.452.777.553.235.620,7.390.324.556.192.320,18.454.096.583.400.600,3,1
56.459.063.893.346.300,8.267.276.483.962.820,2.348.619.182.299.370,18.077.447.380.019.300,0,0
6.630.272.037.231.470,10.691.986.437.982.100,1.302.152.668.111.360,7.549.882.130.297.460,0,0
6.790.666.044.956.370,5.047.543.235.655.410,6.603.432.534.889.590,6.047.922.823.480.210,3,0
9.317.404.033.165.080,6.970.911.382.607.580,6.076.656.764.857.430,522.766.017.661.943,0,0
9.969.494.174.116.690,58.682.044.507.356.300,4.008.592.547.820.970,54.964.114.915.458,0,0
7.201.574.609.309.400,8.327.790.710.232.940,9.056.547.912.696.110,5.606.909.865.390.240,0,0
2.872.212.092.051.500,722.717.090.113.515,1.232.078.396.106.630,5.980.762.011.527.700,2,0
8.797.524.022.943.430,690.701.039.499.166,7.566.941.033.205.420,42.508.884.477.513.600,0,0
4.922.091.454.076.160,5.340.277.303.847.170,7.287.546.526.369.650,4.133.655.017.920.070,0,0
2.310.808.528.744.960,3.791.608.639.799.430,3.451.430.632.727.990,6.096.896.413.614.660,2,1
8.973.857.174.637.140,34.027.498.223.403.000,9.231.916.255.620.810,382.508.623.725.178,0,0
25.619.151.443.935.400,62.083.263.277.419.200,38.761.691.952.069.100,5.502.390.256.084.000,1,1
22.065.105.962.174.800,8.909.953.746.442.640,684.306.200.839.043,4.397.749.032.927.510,1,0
13.812.529.314.024.700,4.961.759.261.011.150,24.033.005.715.887.400,3.566.212.902.672.590,1,0
8.591.117.576.469.160,8.247.231.640.769.200,7.641.804.717.102.860,5.893.931.980.409.420,0,1
5.000.582.591.910.860,4.021.563.818.439.670,9.315.710.581.380.790,19.480.172.232.226.600,6,1
6.748.932.030.541.540,10.239.446.279.317.600,6.316.599.214.604.610,843.848.421.907.927,0,0
23.906.638.407.502.900,61.505.736.458.638.500,4.811.927.188.274.700,399.036.644.444.293,0,0
7.580.404.210.112.160,51.334.371.323.677.500,3.979.189.596.245.640,47.953.637.370.451.900,0,0
7.600.055.449.620.980,38.015.014.195.766.900,36.947.781.306.116.800,6.266.726.077.416.250,1,0
31.259.802.490.830.000,3.372.377.508.358.420,5.042.360.780.438.870,1.017.835.251.942.110,0,0
4.106.826.330.102.820,7.179.370.236.225.690,4.932.365.708.747.060,13.089.856.314.932.000,5,1
20.969.027.743.020.000,7.428.215.015.848.650,1.547.074.028.551.640,50.207.016.656.228.600,0,0
9.765.610.233.229.040,5.085.396.883.373.980,20.717.829.445.385.500,5.412.456.168.580.270,0,0
6.456.025.770.584.110,22.112.326.288.901.400,23.686.280.617.327.400,9.580.708.303.283.820,0,0
9.345.438.807.155.150,2.742.618.501.588.990,42.814.805.335.283.300,5.850.712.502.327.590,0,0
30.338.554.362.913.300,5.476.119.841.428.090,5.955.385.105.902.220,6.304.267.519.314.090,6,0
7.818.909.129.968.890,14.451.522.390.695.000,487.032.384.950.853,5.436.066.031.796.050,0,0
765.858.643.884.742,13.394.121.940.000.000,1.091.327.006.676.050,4.915.729.132.468.890,1,0
6.916.556.518.665.410,943.788.889.207.958,22.012.256.476.573.700,860.981.922.785.848,0,0
9.656.389.752.668.000,804.202.907.297.781,1.684.509.179.166.480,4.323.929.202.590.700,0,0
39.355.533.610.631.500,1.806.549.020.911.700,2.513.812.060.381.820,13.160.551.345.582.400,1,0
1.307.173.235.897.570,406.567.807.905.491,203.646.618.433.342,5.962.089.683.512.740,0,0
6.717.088.592.440.600,3.556.219.992.575.650,5.327.483.965.171.570,7.406.400.307.930.750,1,0
7.293.098.004.772.060,7.910.040.740.654.070,2.078.991.201.529.100,6.150.847.214.915.090,1,0
57.506.057.345.881.400,51.021.291.647.812.200,9.518.001.123.524.500,1.449.491.491.301.170,6,1
20.681.789.313.339.600,12.784.973.699.346.700,6.417.150.924.033.140,41.160.457.541.983.100,0,0
50.445.594.166.935.500,7.389.920.631.562.430,45.689.172.267.408.000,20.367.247.103.278.700,1,0
3.121.897.365.691.290,3.968.879.782.249.180,5.203.375.724.347.740,6.580.612.366.878.810,2,0
42.746.652.816.668.900,26.292.424.763.214.700,4.669.843.291.685.970,1.598.591.871.799.130,3,1
6.452.185.758.446.630,3.754.986.220.207.200,6.166.697.269.140.400,10.718.993.879.077.600,3,1
7.452.147.426.908.340,4.977.565.636.068.960,4.991.461.528.214.300,5.162.771.369.640.250,3,0
2.322.246.909.013.430,34.311.551.641.700.900,32.238.119.682.124.100,6.238.816.869.238.370,3,0
40.532.536.064.695.300,24.190.577.259.175.700,3.832.582.630.962.220,14.797.657.956.336.800,2,0
2.691.615.709.916.290,3.985.020.288.039.800,4.169.163.561.090.140,6.480.384.598.416.910,2,0
1.986.316.138.618.690,19.172.910.749.898.200,33.181.562.477.752.600,6.400.883.452.901.130,0,0
7.833.872.199.958.380,7.724.978.460.963.130,11.431.356.589.082.300,5.590.354.864.179.100,0,1
9.092.526.944.369.920,1.709.448.935.675.850,908.509.626.932.429,6.542.307.804.303.020,0,0
3.702.321.856.845.760,4.390.461.363.063.720,30.775.362.769.918.600,12.374.083.345.799.800,0,0
7.512.789.243.737.660,6.536.986.929.050.790,3.338.972.140.032.350,51.148.106.750.028.200,2,0
8.969.952.893.644.110,7.739.361.288.236.720,8.968.628.760.925.130,6.298.820.079.002.890,0,0
8.461.242.105.302.310,8.138.291.315.928.430,6.515.723.606.818.670,5.301.417.284.335.830,0,0
1.828.133.885.392.250,4.935.091.826.605.990,2.708.916.731.140.980,47.033.664.285.342.000,0,0
9.562.918.815.133.610,2.053.681.846.899.850,-2.073.712.560.812.360,5.278.837.588.897.570,0,0
3.766.764.404.294.620,7.372.276.772.498.260,4.257.556.988.555.380,13.124.272.248.704.800,0,1
3.392.406.611.738.360,6.997.130.771.543.370,416.310.562.015.949,9.575.122.496.377.260,2,1
62.431.327.277.780.300,24.627.073.410.317.300,4.436.684.524.409.150,6.823.436.236.413.110,1,0
486.173.654.104.883,9.034.077.558.627.920,11.984.339.547.522.900,20.943.837.720.730.200,0,0
1.090.136.156.409.280,104.371.458.082.829,4.605.791.097.672.550,5.530.347.134.048.810,0,0
24.853.982.092.742.500,9.826.882.395.913.250,19.938.489.624.920.600,46.092.935.880.931.800,0,0
31.694.262.176.728.100,8.602.478.109.774.640,12.811.717.331.091.500,7.628.485.194.925.520,0,0
808.826.323.491.684,6.878.986.454.790.750,20.981.841.224.659.700,5.199.037.239.899.630,1,0
8.754.886.503.958.960,9.387.498.882.798.320,7.868.110.986.753.900,5.709.648.019.022.240,0,0
30.246.631.746.146.900,7.223.111.683.237.070,3.576.912.309.165.590,7.769.358.429.144.960,4,1
8.586.981.212.445.730,19.045.699.703.004.500,5.778.719.504.093.830,5.193.649.486.308.760,0,0
8.572.309.373.697.910,4.421.561.381.128.110,1.946.591.486.332.710,5.145.759.040.069.760,2,1
7.646.509.503.848.730,7.150.302.433.163.530,26.231.683.545.374.900,6.172.509.792.689.750,1,0
14.669.511.401.518.100,3.896.574.222.881.150,15.191.471.209.851.400,4.170.626.030.656.460,1,0
690.322.846.900.729,7.416.030.197.372.080,2.899.488.815.651.550,9.147.532.690.069.110,2,1
9.450.240.645.805.680,38.644.335.093.081.700,484.277.323.022.627,29.535.839.903.344.300,0,0
682.540.478.767.157,3.302.941.754.681.340,4.796.080.084.416.670,9.290.287.422.444.030,3,1
3.316.168.491.078.330,5.953.557.225.103.110,5.940.738.470.331.690,8.589.075.968.758.090,4,0
5.005.793.174.308.310,872.204.528.998.895,21.697.838.919.080.000,2.100.232.810.986.920,3,0
6.457.250.433.510.530,47.583.192.546.112.400,8.193.179.413.465.740,1.055.138.661.653.890,1,1
5.105.704.087.285.030,3.854.704.346.997.350,8.482.040.473.337.080,20.262.467.902.291.400,10,0
11.995.294.173.096.900,1.582.407.418.152.620,381.897.109.692.067,5.565.211.899.344.300,0,0
31.206.404.465.202.000,6.953.542.507.318.690,3.823.828.316.606.470,8.374.299.404.123.130,2,0
8.023.960.305.536.320,10.572.456.043.113.400,5.377.744.818.182.800,4.826.202.098.666.760,1,0
8.614.180.460.955.170,6.648.077.585.802.440,17.177.820.208.696.100,6.056.659.060.468.560,1,0
13.730.003.271.557.000,28.618.087.079.790.700,8.796.350.785.390.790,3.936.397.904.002.600,0,0
9.523.867.523.987.240,1.989.168.137.372.240,-21.062.470.859.230.600,49.952.090.503.884.300,0,0
3.288.226.178.486.090,9.363.525.578.249.850,8.526.037.679.130.820,9.301.845.849.927.170,1,0
66.231.373.873.072,18.524.576.745.955.800,49.405.179.797.591.600,10.012.930.975.260.300,0,1
7.518.251.459.566.810,43.777.727.188.956.800,3.976.322.458.578.460,6.090.341.992.765.390,3,0
8.119.462.346.378.830,2.162.699.246.179.370,-50.416.087.872.707.400,4.722.224.540.146.050,0,0
9.457.497.022.259.300,483.593.048.104.329,5.738.387.825.363.780,5.897.434.774.319.180,0,1
3.129.195.480.288.220,5.010.473.777.944.180,62.391.100.468.638.800,6.937.360.797.933.020,3,1
8.585.064.545.515.540,321.662.471.394.747,12.506.575.149.785.700,6.775.684.427.393.340,0,0
13.168.690.343.620.700,13.216.177.752.502.300,2.581.374.906.281.080,4.932.326.812.431.720,0,1
7.050.409.063.535.920,3.763.875.377.344.750,468.923.987.718.204,5.293.388.178.594.510,1,1
7.419.777.295.139.850,672.262.939.932.566,3.091.799.073.416.810,46.081.476.684.827.700,1,1
6.777.232.412.013.200,7.823.958.086.444.590,24.179.820.718.011.900,8.135.503.100.083.610,1,1
252.314.736.135.153,5.307.506.023.881.420,4.640.469.033.062.670,5.837.955.726.126.760,2,0
8.730.431.470.152.030,5.898.343.944.397.550,14.926.619.061.316.600,6.983.920.786.550.690,1,0
168.858.463.370.395,2.006.163.711.246.520,1.175.816.480.152.210,40.238.697.409.054.800,1,0
5.363.479.152.083.080,28.733.033.322.764.900,6.232.396.924.247.750,50.401.695.070.050.400,0,0
7.174.649.906.119.120,1.618.956.100.523.580,8.492.080.274.948.940,5.350.450.838.070.440,0,1
4.754.757.152.327.330,24.929.535.000.461.100,468.116.474.081.804,19.062.979.711.130.700,4,0
8.490.980.199.586.760,22.488.678.022.553.100,10.279.696.054.194.800,6.717.835.406.974.500,1,1
383.397.141.058.259,5.194.487.863.912.370,8.266.827.801.810.040,11.464.352.505.917.300,5,0
16.827.858.850.771.200,5.626.887.557.907.290,19.574.582.603.137.200,5.648.224.283.921.590,0,0
8.364.421.924.698.690,9.449.474.208.215.040,20.694.619.412.145.800,544.516.248.737.066,0,0
5.489.096.316.400.710,19.557.064.710.152.300,30.448.711.619.404.800,18.284.856.517.772.100,2,0
1.891.957.923.903.540,641.675.710.161.496,19.896.090.799.091.700,5.639.238.901.930.410,1,0
7.203.839.985.864.450,8.172.592.689.875.220,11.131.597.703.605.300,51.625.734.854.343,1,0
51.111.363.848.950.000,56.024.146.378.305.200,9.515.496.814.681.730,21.563.973.239.242.000,6,1
60.431.298.224.031.900,2.550.036.525.010.750,40.518.357.273.987.900,15.630.652.613.903.000,1,0
46.089.833.820.658.100,26.255.023.002.000.000,4.723.436.993.379.740,18.943.134.913.436.000,5,1
8.287.089.838.180.060,3.925.305.307.099.990,15.736.245.808.987.800,7.490.687.049.482.410,0,0
8.295.627.156.830.490,3.054.442.265.484.810,12.720.293.359.129.300,46.666.804.375.977.400,0,0
7.093.888.218.243.860,7.446.036.790.033.800,26.059.782.358.879.900,7.075.520.939.680.840,1,1
10.540.137.739.646.200,4.751.775.720.711.030,27.046.676.003.987.900,6.438.125.455.911.870,0,0
8.388.538.619.040.680,21.929.528.250.483.000,7.840.353.436.437.870,45.891.641.945.559.900,0,0
6.710.129.805.329.090,706.232.498.531.782,35.754.393.748.128.700,7.094.089.519.041.260,2,1
6.970.241.660.042.990,7.826.515.628.228.760,2.125.753.178.419.810,5.541.846.842.823.020,0,0
36.298.284.040.387.100,4.553.184.100.619.280,739.234.617.917.153,12.927.953.702.987.900,4,0
8.792.795.561.570.060,6.980.743.384.786.480,10.942.441.922.003.200,44.822.567.611.199.200,0,0
7.253.716.002.348.570,387.952.168.654.892,4.625.763.202.773.170,5.997.711.331.195.990,3,0
11.259.046.652.919.400,15.991.324.502.412.700,-13.675.941.209.491.800,38.954.965.293.180.300,0,0
4.077.780.344.061.620,39.814.949.352.290.600,8.125.666.948.636.130,15.752.488.188.874.800,3,1
8.863.803.619.601.410,57.996.782.020.314.200,10.947.044.028.619.700,42.270.363.066.444.100,0,1
4.719.670.169.737.890,9.480.532.818.528.900,530.435.679.084.075,4.509.266.518.008.080,0,0
9.614.166.196.420.490,6.875.095.208.867.730,5.369.565.058.698.550,5.299.877.619.439.720,0,0
6.791.625.683.195.620,5.073.940.938.449.600,6.316.399.649.161.080,6.949.414.032.097.930,2,0
6.313.759.776.433.760,3.289.197.782.107.240,5.247.430.359.404.840,11.149.946.745.232.400,2,0
2.705.592.564.879.910,5.083.116.942.766.940,527.862.143.214.569,7.481.061.534.597.980,2,1
24.879.178.873.917.700,2.397.544.737.653.160,15.008.570.616.856.600,6.067.652.462.193.770,0,0
9.420.582.194.885.950,31.302.535.470.158.100,5.325.269.924.287.370,5.131.398.735.019.450,0,0
29.827.245.423.412.200,819.868.147.527.005,21.574.134.287.030.200,7.175.659.830.674.510,1,0
7.755.052.967.189.990,5.539.417.338.546.370,35.240.179.000.090.500,4.948.055.067.350.120,3,0
3.931.217.982.070.790,4.505.824.928.161.170,8.426.732.653.351.220,15.469.305.368.609.600,2,1
13.925.407.078.470.300,28.552.507.171.533.900,15.320.873.860.965.600,42.102.398.064.519.100,1,0
1.071.529.769.535.890,2.980.425.227.913.550,38.242.531.338.764.400,5.211.021.134.215.820,0,0
5.442.573.370.152.500,3.831.014.335.905.840,7.743.898.992.920.470,18.715.635.055.515,2,1
9.757.788.185.489.320,8.355.707.099.645.600,29.610.168.278.114.600,6.008.944.740.217.320,0,0
3.691.361.938.092.040,9.672.132.068.082.680,17.834.734.884.868.300,12.474.345.763.353.900,0,0
35.719.233.399.304.400,43.865.538.135.037.400,7.815.682.446.752.110,10.378.520.246.234.800,3,0
3.440.916.178.494.420,3.933.528.387.477.610,6.154.894.165.516.660,9.739.665.016.214.730,1,1
52.054.383.730.485.800,8.465.507.758.198.620,310.771.217.473.076,20.015.314.300.321.300,2,0
4.406.648.834.242.930,4.269.053.206.363.030,9.391.447.606.471.370,1.530.671.546.406.350,4,1
8.799.146.267.270.140,5.520.181.722.956.510,13.523.498.498.702.900,34.220.230.991.493.500,1,0
5.055.207.917.234.900,23.094.166.459.874.400,40.502.668.258.636.900,1.937.209.436.283.090,3,0
5.077.578.381.885.680,7.435.025.357.790.750,4.988.076.534.788.680,19.393.331.130.286.400,1,1
1.383.715.947.205.560,5.319.883.182.707.810,21.604.440.479.483.400,3.822.411.894.341.430,2,0
9.827.395.409.103.850,8.090.345.502.403.410,29.731.311.871.719.600,5.749.713.112.398.100,1,0
2.499.728.908.688.290,7.807.327.300.286.690,20.848.552.411.294.100,5.660.725.892.954.290,0,0
7.336.406.745.960.260,21.500.476.827.002.800,33.545.925.523.345.900,47.869.789.146.112.200,0,0
6.631.462.489.752.080,7.156.355.505.577.620,38.993.892.042.629.800,770.769.273.635.979,0,0
5.953.663.701.568.720,8.000.544.079.513.710,27.924.106.159.940.100,1.447.467.571.246.600,1,0
41.514.565.399.274.500,3.461.072.407.823.950,7.054.941.807.997.280,12.838.324.070.063.700,7,1
422.192.233.880.678,17.260.911.290.227.400,25.376.312.857.859.800,1.591.932.747.218.470,2,0
7.850.639.210.464.310,263.215.557.958.818,25.179.911.417.663.400,5.321.125.352.188.960,0,0
19.571.264.009.964.900,4.509.036.530.931.480,3.288.350.359.224.940,5.388.303.713.243.830,2,0
8.202.533.189.448.890,3.524.327.315.388.410,149.820.787.345.075,3.524.814.588.761.690,0,0
6.487.471.138.950.180,5.549.098.338.254.080,7.396.312.397.401.670,10.186.599.015.000.100,2,0
4.189.697.737.795.240,18.804.109.258.878.500,27.948.343.904.137.900,1.476.082.820.662.950,2,0
4.580.286.165.838.680,8.596.655.476.664.750,24.423.616.957.120.500,1.792.284.649.199.560,1,0
2.566.472.071.860.950,25.775.521.562.810.900,18.319.831.409.492.900,6.494.415.661.064.270,1,0
7.521.143.326.969.740,22.642.960.508.764.900,22.399.469.553.282.400,7.639.096.219.096.050,1,0
51.287.474.230.526.700,48.071.405.648.435.500,9.955.634.789.170.660,19.927.553.272.224.400,6,0
3.208.545.427.498.430,49.885.102.374.427.400,6.841.990.952.592.940,7.197.288.423.508.310,3,1
5.960.501.157.609.500,21.508.522.878.509.200,3.733.025.359.925.780,14.645.800.540.639.100,1,0
995.734.452.051.323,2.718.607.267.259.150,40.996.243.766.830.300,5.939.098.283.325.310,0,0
4.352.622.796.565.530,16.970.523.915.524.400,25.467.686.625.992.000,17.785.250.695.553.700,0,0
9.206.914.007.786.190,7.184.601.783.231.660,6.754.443.189.834.250,7.745.265.615.254.270,1,0
3.450.168.399.245.660,770.089.031.254.082,283.067.881.386.895,8.798.109.623.254.140,0,0
54.732.706.924.985.800,4.623.284.974.592.820,8.155.715.458.226.030,5.252.974.269.383.100,0,0
20.424.210.636.842.800,7.140.870.226.850.170,16.747.479.897.453.500,673.799.770.608.095,0,0
4.186.951.433.276.840,7.359.353.919.374.450,4.577.801.483.608.850,1.726.436.612.988.820,3,1
21.963.492.859.456.900,1.382.755.276.778.080,28.623.346.953.436.200,3.344.509.792.696.380,0,0
2.270.382.182.555.370,9.661.780.248.345.360,15.783.851.319.978.200,4.996.698.917.796.860,0,0
9.150.015.377.475.270,821.031.947.096.431,28.377.401.075.116.400,6.487.251.284.746.100,0,0
843.879.411.230.929,2.044.834.611.958.230,6.646.562.787.729.680,7.931.218.026.643.060,0,0
7.422.922.314.869.470,18.616.503.574.607.000,14.675.229.035.635.200,6.500.536.525.850.080,1,0
16.781.459.564.602.800,12.566.114.557.958.200,6.689.738.591.995.020,4.692.383.438.698.610,0,0
12.036.357.620.998.600,13.837.856.254.191.800,9.006.571.647.687.860,4.001.926.520.360.920,0,0
6.760.474.947.238.310,7.481.617.990.286.960,4.165.756.597.652.970,7.220.050.081.013.930,1,0
7.240.291.887.729.210,4.696.542.569.516.230,5.235.110.145.636.300,6.948.431.100.899.330,0,1
9.288.079.606.878.850,7.829.341.727.398.670,7.954.484.774.283.150,415.345.806.962.624,0,0
43.053.582.091.303.600,7.462.548.943.502.050,4.418.842.778.879.020,16.581.361.117.359.200,2,0
11.914.067.199.604.800,6.046.127.135.052.210,18.388.705.200.613.300,5.320.810.500.903.010,2,0
5.123.928.207.321.060,6.863.666.065.786.790,677.645.957.557.938,20.429.061.284.079.200,5,0
3.488.319.074.586.300,18.355.724.379.141.700,6.699.431.310.072.260,8.885.259.642.634.770,0,0
3.748.249.243.499.970,31.177.764.680.502.100,5.443.673.235.096.900,1.123.828.678.849.790,5,0
6.213.306.241.557.070,6.378.221.792.594.100,6.453.379.140.780.520,10.532.055.836.106.300,4,0
7.187.181.132.622.020,9.344.953.486.244.200,-16.378.549.024.585.100,7.411.625.121.637.730,0,0
11.060.359.887.316.000,32.976.943.682.593.400,3.804.394.237.361.560,466.602.864.185.988,0,0
35.590.230.806.476.300,8.518.879.824.703.830,7.277.236.068.637.240,5.466.632.632.439.740,0,0
9.943.303.026.857.140,6.840.248.616.920.710,6.233.770.660.069.160,6.422.332.610.267.240,0,0
23.272.834.891.555.100,26.536.973.312.034.300,2.150.367.993.340.990,5.641.487.727.333.840,1,0
5.383.052.490.845.900,687.962.840.118.709,10.176.823.304.097.900,4.887.743.037.105.940,0,0
18.987.532.909.591.900,7.924.566.691.392.630,13.909.718.188.807.100,5.316.278.098.036.690,0,0
3.895.784.634.846.420,30.679.428.311.010.100,3.030.344.606.455.500,506.355.702.682.907,0,0
39.181.089.461.717.100,3.603.737.749.918.740,474.279.058.181.196,14.600.713.112.194.400,0,0
8.024.017.844.513.240,9.327.791.246.877.340,7.224.224.669.073.510,5.465.844.349.838.740,0,0
34.124.444.975.772.000,3.451.798.382.956.300,5.816.076.045.328.560,8.709.702.131.335.230,4,0
44.418.340.687.836.600,10.648.176.328.470.600,9.782.337.516.748.290,1.888.412.984.064.860,0,0
6.755.867.735.674.380,4.918.568.713.931.470,7.249.030.729.446.480,9.441.266.123.033.940,4,1
50.889.407.006.988.000,7.684.677.956.641.330,4.172.509.676.514.640,1.860.245.818.532.340,2,0
8.614.456.860.213.240,22.164.731.461.755.900,7.897.984.857.546.150,655.462.198.765.418,0,0
8.660.356.750.457.560,26.949.005.013.336.300,14.487.118.502.637.000,5.383.191.969.902.530,1,0
9.910.695.491.153.640,2.427.149.867.985.830,6.205.475.626.997.260,5.283.361.253.219.050,0,0
7.780.463.064.831.990,9.916.730.528.316.780,3.807.386.652.565.170,6.320.915.236.943.250,0,0
46.073.360.024.167.300,19.740.373.373.054.200,3.264.845.302.886.840,18.320.086.696.195.900,1,0
9.888.405.413.036.630,575.520.216.966.124,6.545.673.058.862.430,5.954.261.572.023.980,0,0
48.323.207.587.543.500,9.252.646.416.569.640,9.191.767.139.994.510,19.413.827.388.970.000,2,0
9.868.959.453.882.970,14.689.656.887.777.900,92.156.238.627.888,35.251.560.369.915.400,0,0
7.545.693.612.057.360,9.708.541.978.677.000,7.681.469.584.711.860,45.895.388.664.798.700,0,0
24.860.488.461.330.600,9.474.772.343.956.240,2.715.320.738.306.000,6.203.423.730.400.280,0,0
5.383.949.792.869.570,8.845.719.870.582.620,14.356.879.881.044.500,1.798.866.518.698.990,1,0
9.921.356.394.785.820,21.455.652.133.000.200,-15.659.662.405.384.100,6.610.158.696.489.070,0,0
8.575.306.077.519.230,63.405.505.601.098.300,16.572.582.293.979.700,6.214.421.907.451.320,1,1
973.668.937.912.211,7.608.914.729.612.400,46.571.483.204.833.900,6.337.966.506.027.340,0,0
706.371.996.809.996,9.860.279.281.964.290,4.571.599.235.401.900,6.908.282.899.173.660,0,0
345.579.585.870.813,1.804.238.220.813.700,15.840.367.532.811.700,9.810.773.425.437.660,1,0
6.982.261.880.348.110,7.660.258.995.192.960,16.381.939.343.279.500,3.806.367.208.064.000,0,0
4.034.809.690.269.990,33.880.116.992.711.200,6.471.704.986.609.400,15.410.311.566.816.800,1,0
2.347.544.217.249.710,1.756.264.655.680.020,10.207.670.794.989.900,5.824.820.264.629.520,1,0
8.188.692.705.204.710,4.213.769.412.138.540,2.545.251.538.169.390,566.024.290.891.088,5,1
33.733.060.884.576.500,7.938.359.121.486.160,19.658.323.531.615.900,10.683.072.442.057.500,2,0
827.523.693.953.817,4.648.498.037.040.520,26.829.584.708.618.300,44.642.980.227.582.600,1,0
5.979.388.347.953.080,5.375.231.002.030.480,6.292.227.775.721.170,4.873.916.045.356.850,1,0
30.781.915.002.611.900,9.951.594.102.001.210,44.215.134.161.564.900,7.693.086.145.337.220,0,0
24.116.521.430.776.100,399.109.299.557.426,4.122.670.422.644.360,4.590.949.742.825.350,0,0
233.567.361.068.611,6.154.007.547.092.390,35.465.776.864.775.600,5.243.564.918.954.820,2,0
681.866.197.654.627,36.524.420.161.537.100,9.183.744.735.209.980,5.494.289.805.239.160,1,0
18.712.427.041.050.100,3.927.856.463.287.040,25.946.988.254.279.600,47.868.866.471.829.100,2,0
5.555.495.698.856.190,6.956.407.534.454.080,6.169.254.147.448.050,19.164.370.240.380.600,3,1
2.913.610.728.377.440,9.378.869.760.948.830,54.991.654.147.597.400,5.190.626.296.391.040,0,0
4.173.947.823.291.470,5.423.589.504.923.210,8.710.681.412.653.830,16.786.723.453.925.800,7,1
3.768.668.803.471.880,7.683.999.289.487.790,38.382.227.717.957.400,12.689.605.572.055.000,1,0
8.759.049.249.998.940,8.920.655.881.696.380,-5.307.319.854.868.460,44.439.859.445.546.300,0,0
9.052.989.990.105.150,21.115.803.743.192.600,41.014.835.655.118.500,40.796.565.448.075.900,0,0
49.295.697.165.586.000,50.213.164.091.953.200,10.344.916.260.348.900,17.882.560.294.348.700,4,1
3.301.559.503.156.040,2.001.172.362.877.470,3.634.857.930.792.010,7.750.399.254.819.780,0,0
10.680.070.400.236.300,2.528.549.787.625.580,5.531.918.717.823.950,6.053.766.442.893.540,1,0
953.402.879.382.095,51.740.128.982.496.600,8.015.367.262.002.510,4.944.429.626.775.290,0,0
6.022.694.490.029.740,14.961.198.256.300.700,-5.884.640.868.777.190,6.163.928.112.119.160,0,0
29.765.027.756.828.000,2.645.462.862.260.410,30.067.794.764.305.600,6.316.430.395.475.160,0,0
29.806.620.117.000.400,5.140.308.194.758.690,5.786.885.678.698.800,7.659.755.811.054.460,4,1
3.204.012.861.402.140,57.314.924.798.124.500,6.582.116.394.827.090,7.272.477.216.971.900,5,1
16.428.684.327.240.900,9.257.516.930.553.050,6.805.754.955.080.090,40.879.762.524.007.900,1,0
7.831.614.309.236.970,6.453.456.232.506.070,2.778.647.614.114.340,5.165.140.457.909.390,2,0
12.249.786.196.598.900,41.473.580.252.999.300,11.218.672.823.994.900,4.347.099.738.316.700,0,0
6.349.066.591.531.620,9.303.511.771.330.670,6.295.227.491.763.300,9.495.099.572.569.000,0,0
12.384.602.670.581.700,7.848.829.833.877.940,5.632.518.255.689.890,4.830.380.384.132.570,0,0
7.053.563.759.295.650,2.000.089.211.127.470,47.539.229.824.995.000,51.079.180.553.470.200,0,0
9.094.295.036.858.760,13.084.236.134.881.900,-7.844.410.150.448.130,62.717.941.701.755,0,0
1.901.287.663.187.050,6.758.116.357.427.320,18.154.037.706.286.400,6.060.127.379.442.740,1,0
8.212.501.545.597.040,5.598.831.655.769.830,27.851.907.025.464.800,6.306.061.538.627.580,1,1
5.446.308.711.071.350,7.896.736.137.927.550,36.988.030.279.620.100,19.298.406.819.667.400,3,0
778.565.196.087.696,7.388.050.500.786.860,3.419.612.459.697.360,5.334.637.718.202.690,0,1
9.554.481.914.380.670,62.521.153.385.751.500,21.493.084.259.897.600,3.771.524.706.083.660,0,0
24.696.116.699.189.200,9.863.821.716.288.920,12.186.665.755.010.500,5.760.429.975.964.470,0,0
8.596.453.453.526.060,5.335.897.301.104.080,21.924.988.840.109.200,5.620.096.419.649.900,2,0
1.688.100.057.845.640,11.310.575.650.171.900,31.068.709.012.209.700,6.519.707.021.416.040,0,0
8.539.428.821.418.520,8.282.735.648.159.880,8.038.409.877.826.910,5.714.849.117.269.270,0,0
13.228.812.905.293.900,25.185.336.234.570.800,20.222.293.562.929.900,6.240.490.801.439.800,0,0
51.178.045.656.948.000,7.773.021.481.439.180,40.778.325.191.073.200,18.864.278.025.600.800,4,0
7.694.425.794.215.560,9.571.070.960.000.510,3.440.114.311.288.780,5.071.338.989.523.310,0,0
9.347.955.174.927.830,6.967.955.139.643.410,6.074.494.705.920.810,5.430.528.278.227.230,0,0
9.092.021.362.064.870,5.960.301.609.498.010,10.647.410.059.616.400,6.164.420.371.726.780,1,0
8.196.248.695.476.440,4.603.861.756.750.400,23.003.405.237.706.500,4.945.493.602.088.770,0,0
888.191.349.661.304,36.440.986.599.540.300,1.789.614.381.540.110,4.925.567.954.863.300,2,1
1.992.196.858.370.760,3.530.047.509.718.360,21.811.555.672.443.900,584.991.477.398.419,0,1
28.418.429.571.172.800,6.363.727.057.095.900,40.198.287.162.117.200,5.335.287.199.451.880,3,0
2.889.685.249.210.580,7.512.731.169.377.450,2.539.180.253.640.810,8.225.639.514.666.220,1,0
3.770.539.310.016.980,6.785.170.694.844.140,526.981.280.657.773,11.165.478.285.734.200,1,1
3.933.206.703.851.880,19.841.010.119.356.200,27.670.514.367.686.000,11.572.575.759.683.300,0,0
5.445.553.246.546.750,4.939.871.801.434.910,9.956.828.084.709.670,18.592.691.341.999.400,6,1
15.987.976.336.644.100,791.640.072.183.063,1.111.926.646.728.290,6.744.600.384.622.430,1,0
6.912.466.637.859.890,4.757.040.781.890.560,65.284.735.404.983.200,7.995.631.781.184.880,3,1
1.675.665.393.045.060,5.366.232.797.354.930,2.378.807.057.244.070,5.810.842.694.028.820,1,1
31.030.848.210.454.700,7.711.360.481.708.220,25.592.008.865.081.000,7.522.993.429.440.620,0,0
5.033.451.306.061.540,6.612.653.062.650.910,7.346.039.838.716.010,19.839.232.425.971.200,4,1
7.964.405.615.234.770,4.093.449.208.823.920,24.810.181.761.881.400,3.640.386.743.034.380,1,0
7.394.692.332.387.270,8.954.127.111.942.180,8.628.608.591.353.050,35.934.177.871.708.100,0,0
6.455.343.564.105.220,1.625.670.686.634.780,14.116.710.632.429.200,10.398.244.191.974.900,4,0
15.577.326.058.017.000,9.955.164.485.903.240,7.177.382.538.863.860,6.352.642.247.183.650,0,0
5.470.453.456.155.770,1.188.525.784.762.370,1.461.139.855.918.100,18.772.736.565.465.900,0,0
8.744.650.179.988.540,14.949.971.104.238.900,7.460.737.717.578.040,5.626.621.125.673.590,0,0
3.773.631.767.966.500,8.900.189.011.487.640,10.066.623.783.860.600,13.655.133.107.860.600,0,0
4.135.165.302.899.590,2.449.535.083.659.560,3.849.955.124.936.440,1.564.873.500.804.050,3,1
39.811.439.445.753.800,7.296.996.274.467.200,10.485.994.423.728.000,487.772.289.629.047,1,0
27.398.809.946.997.100,8.110.153.749.320.690,18.581.831.185.782.600,5.347.944.200.347.040,2,0
9.556.494.672.664.890,8.589.863.910.321.160,-315.716.288.941.097,7.022.677.889.285.170,0,0
9.536.326.078.296.890,9.915.942.356.641.660,4.884.988.050.446.010,552.705.779.082.722,1,0
3.523.270.542.525.390,29.403.971.003.999.900,4.838.534.049.347.540,909.780.551.611.348,3,1
4.310.010.894.832.400,7.102.433.419.272.590,33.904.720.525.605.700,3.829.271.853.084.200,1,0
17.909.493.932.818.100,11.539.985.828.082.800,5.264.777.302.552.870,6.340.141.580.039.670,0,0
39.221.779.343.354.000,4.068.092.913.568.490,7.754.227.605.264.780,12.353.896.430.762.900,8,1
9.477.796.979.692.290,8.479.716.933.125.900,7.713.239.148.747.730,6.854.498.121.457.240,1,0
14.119.906.353.718.400,3.676.580.460.591.080,13.682.088.784.334.500,22.675.575.166.870.600,1,0
7.635.158.436.682.120,5.910.953.805.356.140,38.280.542.182.839.100,6.888.404.108.361.650,5,0
10.868.253.937.469.200,50.377.344.372.463.400,13.460.139.657.536.200,5.493.989.438.116.390,1,0
9.812.575.773.912.760,6.459.515.311.120.450,-6.241.398.483.275.130,5.118.734.629.785.880,0,0
38.161.649.910.913.400,9.728.943.893.876.940,11.702.440.479.921.200,12.267.865.666.772.900,0,0
775.234.538.899.056,5.573.552.650.140.210,-2.539.743.817.562.810,7.230.443.448.677.290,0,0
34.259.108.281.113.100,5.739.615.175.016.290,6.917.669.419.492.170,10.052.693.630.429.800,2,0
6.276.688.771.588.080,8.630.287.792.502.840,1.048.408.542.181.770,10.736.604.682.891.100,0,0
19.201.608.474.003.600,4.813.827.117.484.270,29.224.650.315.069.200,3.411.815.697.214.370,1,1
14.602.101.929.696.200,7.852.718.594.157.280,35.328.093.647.375.500,5.205.821.318.770.170,1,0
9.380.641.395.681.310,5.605.393.524.167.700,6.202.184.572.374.870,4.999.949.880.166.660,0,0
9.176.472.779.044.330,3.320.738.908.238.200,970.359.469.545.203,34.825.776.911.476.700,0,0
8.874.689.402.128.820,1.549.417.853.379.350,2.649.192.775.654.160,4.952.848.090.990.740,0,0
62.543.345.016.659.300,849.034.513.283.473,21.396.122.019.867.700,11.256.393.259.087.000,0,1
8.082.682.112.162.780,5.215.995.129.911.210,3.439.512.004.605.100,5.138.875.579.038.620,2,1
6.903.693.691.137.490,9.332.764.123.790.660,-8.213.377.121.538.500,5.727.313.672.317.110,0,0
3.347.890.418.906.790,806.016.504.603.069,2.228.236.095.095.280,1.032.434.289.328.450,2,0
3.137.031.247.571.560,6.929.717.937.736.670,41.235.473.561.288.500,8.554.028.827.068.880,0,0
6.356.453.219.526.130,5.025.503.365.311.930,5.574.158.602.296.190,10.256.448.472.035.600,1,0
3.559.577.734.706.400,42.782.345.663.825,7.233.417.060.091.580,1.068.449.469.809.520,4,1
1.485.067.816.436.800,1.974.862.816.520.320,7.370.443.633.711.200,5.094.245.196.668.360,0,0
59.646.707.541.354.300,9.107.979.110.488.670,1.006.830.968.712.280,13.087.120.118.287.700,0,1
8.143.839.206.690.810,17.458.398.467.636.000,8.082.686.818.280.060,5.505.352.066.984.060,0,0
3.821.234.944.599.730,2.860.600.516.592.850,5.132.859.206.132.650,14.344.709.283.879.600,3,0
1.322.687.150.984.810,5.168.367.677.344.990,20.318.890.939.908.400,50.497.921.928.552.300,0,0
19.668.819.731.282.300,26.336.361.899.807.900,17.828.500.422.938.700,355.660.956.061.437,0,1
237.483.305.169.384,20.986.467.727.912.100,16.923.018.383.604.400,5.508.480.947.530.800,1,0
29.989.759.299.453.600,5.990.993.251.027.520,5.315.736.369.726.930,5.812.162.457.918.610,1,1
6.427.950.705.063.090,8.892.952.275.502.380,10.331.542.034.125.600,11.275.117.814.296.600,0,1
600.945.484.537.719,5.816.775.872.092.470,44.166.427.246.512.400,1.453.680.764.048.100,1,0
6.960.798.615.670.390,3.722.452.951.860.710,5.423.525.002.978.010,7.022.998.313.048.770,1,0
3.625.019.845.315.130,7.206.644.545.078.620,34.607.656.868.959.800,10.497.366.688.433.100,3,0
8.239.976.518.799.780,554.806.758.273.948,256.696.269.659.849,4.866.578.982.192.230,2,0
2.040.876.611.557.600,4.228.764.684.667.780,34.493.482.405.480.000,5.196.492.306.229.830,2,0
4.690.407.475.181.530,5.657.515.642.245.820,8.951.944.245.601.070,18.525.861.748.505,3,1
8.009.387.215.414.300,3.654.514.846.532.730,2.690.798.875.093.040,37.742.474.760.693.100,0,0
18.015.864.773.261.900,9.361.463.354.321.120,5.399.057.745.500.970,6.228.795.413.443.650,0,0
10.986.311.374.078.200,5.490.489.091.077.430,14.743.492.726.208.200,4.622.028.578.610.580,0,0
8.836.839.676.879.890,6.733.914.790.298.350,1.374.253.810.780.580,5.176.579.695.578.930,0,0
3.429.296.627.591.950,8.912.826.648.277.500,11.431.591.240.839.700,9.654.113.787.600.260,0,0
683.870.124.909.032,8.038.847.087.352.530,14.557.841.132.629.600,8.088.675.618.377.990,2,0
2.534.860.426.393.840,18.404.103.482.144.600,-12.113.467.584.805.200,3.826.374.265.739.870,0,0
6.900.468.884.094.490,29.592.634.898.028.800,40.756.737.781.287.000,5.789.079.487.375.770,3,0
3.161.013.115.469.700,7.170.479.387.071.040,3.771.025.434.724.580,7.176.509.840.318.260,2,0
5.574.085.358.744.170,8.427.055.918.076.550,6.222.359.120.201.500,5.396.488.385.539.090,0,0
609.812.761.548.117,8.118.616.998.325.840,30.548.827.738.113.000,1.248.004.014.120.100,3,1
24.080.381.607.317.300,7.189.069.446.047.900,22.694.811.438.302.800,5.166.559.412.448.420,0,0
38.680.724.205.188,7.296.066.492.353.420,5.159.043.405.553.570,1.503.170.225.167.550,1,0
8.058.081.228.651.350,10.024.137.026.759.100,15.782.653.041.132.700,3.156.847.029.957.000,0,0
14.716.325.109.494.500,7.177.605.448.162.300,8.773.022.584.277.810,427.466.510.910.481,0,0
29.797.723.549.584.300,67.981.812.521.997,3.817.690.752.466.740,884.574.812.776.532,2,0
8.975.950.056.015.710,8.309.224.908.218.500,-36.665.119.116.347.900,49.587.245.743.202.400,0,0
9.108.262.646.863.150,4.159.595.625.646.950,5.698.067.885.707.110,4.297.259.117.896.410,0,0
6.047.043.183.978.410,23.110.668.467.792.100,506.024.805.376.569,6.168.844.413.381.570,0,0
4.838.602.188.643.110,37.300.709.987.856.000,7.843.074.647.288.220,19.861.127.836.081.900,5,1
12.324.745.813.255.100,14.878.828.384.915.200,2.945.569.293.400.540,46.641.038.264.292.400,0,0
30.767.908.947.794.800,55.838.447.757.022.100,6.064.033.754.161.350,755.242.073.164.311,2,1
9.260.595.598.182.650,9.173.489.015.067.480,-17.089.152.042.277.900,43.436.062.848.999.600,0,0
16.169.455.327.398.600,3.914.797.303.340.150,15.376.736.184.834.300,40.315.803.535.751.100,1,0
9.658.323.197.183.320,8.449.503.772.726.040,8.686.627.124.076.420,4.886.694.145.120.610,0,0
20.579.437.698.942.100,24.087.451.786.647.300,5.304.053.572.255.120,4.186.941.871.104.340,0,0
7.415.661.084.668.290,16.851.464.345.918.400,11.044.226.831.070.900,5.821.553.984.216.480,1,0
5.466.772.648.973.110,3.042.353.965.408.560,6.850.260.099.472.430,18.806.192.067.755.800,0,0
8.844.787.275.967.590,32.814.718.051.506.800,1.518.247.141.850.760,5.862.310.338.853.360,2,0
55.399.325.550.313.000,9.081.895.956.965.020,1.110.378.873.328.020,19.093.355.432.221.400,0,0
5.345.592.191.563.080,9.695.212.359.898.770,13.442.568.582.964.100,1.872.473.012.065.370,0,0
1.954.580.003.683.990,6.064.097.767.438.000,2.941.033.934.676.830,564.467.297.565.082,1,0
1.662.293.620.516.580,4.514.959.391.194.440,257.868.981.628.429,5.549.672.540.501.550,3,0
9.164.891.511.155.140,9.384.682.123.658.120,-8.089.959.253.454.680,5.330.385.476.912.170,0,0
3.278.381.988.500.340,12.251.914.253.709.300,1.191.841.818.588.970,7.928.337.149.024.350,1,0
3.720.822.549.628.950,21.202.785.050.222.800,3.054.817.561.776.640,10.590.657.009.632.100,2,0
7.598.236.584.283.880,29.541.968.611.493.200,-6.811.909.177.399.430,6.015.059.841.311.110,0,0
33.882.348.242.280.700,43.393.524.963.137.300,72.225.995.689.774.500,738.564.022.039.483,3,0
9.520.624.466.390.020,27.783.289.956.465.400,8.488.900.092.393.210,4.732.708.163.534.200,0,0
7.379.277.689.988.000,8.699.059.338.903.200,6.741.620.516.728.130,3.331.135.969.786.970,1,0
59.742.924.257.342,604.940.813.197.755,7.797.098.822.470.360,12.995.392.102.462.600,5,0
8.808.951.605.447.520,61.409.073.797.570.100,1.578.600.935.533.690,41.334.755.561.162.800,0,0
4.960.590.834.948.270,5.319.106.968.813.020,6.183.716.695.209.630,609.731.461.860.852,0,0
25.706.269.218.920.800,91.850.337.229.201,7.405.086.918.786.790,647.247.634.269.228,0,0
4.650.363.342.209.090,44.501.868.372.535.500,9.532.136.314.601.450,18.556.679.664.848.400,1,1
226.978.539.471.521,9.995.051.897.085.160,-26.625.218.857.954.600,6.090.330.674.342.570,0,0
7.439.051.873.021.510,8.352.292.908.460.140,13.045.074.537.335.900,6.653.727.369.170.330,1,1
9.192.080.310.537.250,8.934.590.541.671.150,-16.950.597.872.162.300,48.416.262.625.389.700,0,0
4.237.701.199.309.230,8.232.263.592.464.990,28.011.253.094.574.700,14.833.406.912.538.300,0,0
342.132.600.111.895,10.304.169.343.098.200,820.226.362.915.442,9.106.427.887.111.570,0,0
9.615.507.321.375.660,2.274.482.540.647.990,22.720.628.831.846.200,4.902.462.590.941.610,2,0
44.485.243.282.754.000,3.121.651.356.409.620,8.514.412.133.532.220,1.665.156.186.081.550,1,0
4.890.484.004.492.830,30.351.012.487.811.100,631.141.416.518.038,2.027.736.282.401.110,3,1
35.164.987.234.190.500,10.860.740.234.649.200,7.953.823.071.172.950,10.270.941.081.979.500,0,0
9.095.484.730.121.380,472.793.345.301.583,9.129.137.475.754.190,5.448.461.562.391.940,0,0
5.689.554.832.818.500,677.127.488.573.902,61.862.167.427.451.700,1.710.500.315.912.600,3,1
7.621.745.871.816.440,874.505.295.038.077,8.519.967.637.853.960,6.212.366.606.352.260,1,0
8.118.067.183.508.860,7.492.171.650.908.980,14.721.799.227.377.100,4.936.793.117.132.760,1,0
3.418.490.419.172.580,9.385.855.957.785.050,4.077.213.193.123.020,9.496.838.230.585.360,0,0
43.369.433.132.038.000,53.898.290.393.788.700,4.365.007.136.289.570,16.642.183.578.273.400,0,0
8.484.717.744.062.640,1.217.983.541.654.140,19.639.976.815.001.000,4.450.111.959.218.670,0,0
3.632.553.516.758.100,6.613.381.138.362.120,5.662.598.216.248.150,1.222.730.295.515.910,1,0
7.939.351.334.518.510,28.935.241.022.224.600,25.974.131.115.475.100,315.575.087.235.605,1,1
9.409.923.225.744.370,25.350.101.610.577.300,4.225.146.896.932.230,5.877.657.701.177.980,1,0
623.210.373.068.007,3.308.870.876.937.940,6.329.663.850.252.850,11.401.194.553.064.400,1,0
7.416.272.874.518.880,26.979.605.789.236.400,21.341.145.971.303.800,5.059.624.876.041.780,0,1
8.050.973.120.411.340,5.114.364.063.015.870,26.466.716.540.874.900,5.404.397.754.456.350,0,0
8.450.396.488.966.420,4.401.484.472.241.320,18.229.913.986.490.700,3.549.375.799.246.490,0,0
39.505.333.785.679.500,51.242.855.137.665.600,9.053.769.979.149.510,12.832.253.893.469.200,6,1
5.126.345.917.599.810,6.727.136.115.004.360,10.826.309.889.752.200,4.151.496.441.287.900,1,0
40.187.627.123.673.900,3.871.305.089.711.480,73.262.273.400.334,14.047.243.917.940.700,4,0
6.737.562.297.840.890,2.513.076.871.421.560,3.026.650.943.543.100,7.510.965.768.057.540,3,1
4.503.503.857.807.920,1.662.005.368.087.450,2.057.784.949.305.420,1.986.170.222.783.400,1,0
7.489.631.508.603.980,3.494.741.195.326.250,2.927.972.206.535.710,747.334.099.304.035,2,0
3.569.824.294.686.630,741.806.475.246.172,39.441.134.533.833.000,8.372.339.309.998.090,3,0
63.474.414.110.402.900,7.567.049.101.114.690,35.639.487.701.030.500,11.595.488.960.506.800,3,0
18.641.980.485.397.400,6.669.053.866.842.100,20.683.126.968.377.200,5.968.520.331.487.410,2,0
7.493.694.366.449.560,23.402.817.530.687.400,14.783.774.833.138.700,6.212.497.600.522.450,0,0
5.456.959.688.130.250,5.880.862.458.546.970,9.333.815.861.852.620,1.785.477.756.227.410,6,1
2.040.643.885.466.000,570.689.661.576.848,2.992.687.361.035.130,4.943.992.670.196.260,3,0
29.191.117.349.780.700,4.842.661.981.097.250,5.962.238.806.544.180,597.289.177.073.291,0,1
7.486.087.085.818.320,54.997.898.638.386.400,40.398.685.408.302,5.262.050.663.780.920,0,0
4.826.012.356.615.200,4.917.906.326.236.680,9.896.685.456.258.030,18.564.706.789.497.300,4,1
2.160.314.403.930.720,5.654.563.660.741.080,35.466.616.679.077.800,515.131.813.958.967,1,0
9.672.711.903.702.970,7.155.059.546.211.280,46.335.194.708.937.500,34.974.704.629.463.900,0,0
7.151.250.198.168.870,10.962.819.440.343.900,8.810.165.085.403.290,6.282.931.337.497.480,1,0
9.571.348.325.397.960,7.496.257.521.490.230,48.508.441.037.133.200,3.751.853.137.792.470,2,0
4.271.050.453.603.430,1.358.861.501.275.940,14.449.686.277.141.100,16.707.039.983.042.500,1,0
4.751.003.406.917.200,66.627.998.410.374.700,10.077.758.290.351.000,18.862.719.100.464.600,0,0
8.979.552.161.850.190,9.760.796.862.214.670,11.538.191.848.882.400,5.296.040.014.747.620,0,0
52.504.934.024.538.400,9.569.917.688.704.410,7.987.240.468.509.820,20.618.284.253.947.700,0,0
7.072.789.119.056.670,6.043.654.494.056.400,5.439.205.298.713.920,8.339.809.306.089.350,1,0
25.217.287.749.552.900,4.432.534.414.749.620,40.756.090.054.102.800,31.676.764.984.320.400,1,1
4.467.264.687.026.400,18.624.493.829.977.400,24.242.212.024.564.900,17.181.381.257.475.100,2,0
1.234.498.658.103.550,4.853.448.971.344.180,10.304.528.691.411.300,47.094.211.331.900.200,0,0
2.059.800.358.769.610,8.301.772.429.995.870,11.139.891.438.763.400,5.659.350.444.020.240,0,1
943.415.267.631.087,9.506.117.747.428.900,28.342.477.026.325.300,3.349.704.093.051.730,1,0
3.926.505.164.866.020,6.342.526.534.515.370,8.151.115.538.704.200,40.182.761.983.905.200,2,0
9.772.838.231.769.290,35.390.566.721.181.700,536.136.138.482.262,5.130.526.823.967.390,0,0
2.423.536.951.367.620,60.332.556.564.459.800,31.766.746.635.398.400,5.627.679.356.853.360,1,1
6.633.107.095.040.010,31.200.130.610.845.000,4.298.224.446.666.860,9.330.839.878.866.480,2,0
8.390.996.987.996.110,9.098.236.408.320.600,3.421.877.284.613.990,5.491.444.645.692.470,0,0
55.066.045.923.656.400,8.704.004.631.058.360,17.835.508.439.618.500,18.532.118.320.364.500,1,0
1.531.445.000.839.560,558.231.750.279.661,20.636.381.823.321.600,5.230.267.043.267.600,2,0
7.281.164.373.361.660,3.247.989.153.803.600,366.593.616.718.922,6.167.778.200.403.040,0,0
60.025.141.009.958.300,29.338.967.558.297.800,5.176.004.926.642.830,14.739.849.843.541.300,1,1
7.312.505.893.473.750,3.341.799.470.505.940,3.734.207.242.633.600,37.954.776.191.410.400,0,0
7.697.466.228.570.870,8.158.208.510.252.950,9.657.768.755.120.960,6.938.843.078.431.500,1,0
9.754.103.676.847.450,45.038.321.303.900.700,8.696.089.254.290.600,2.795.703.403.676.240,0,0
57.356.328.002.671,32.513.292.840.026.400,6.247.843.220.778.870,1.536.491.620.283.070,2,0
34.164.111.269.060.100,4.711.103.549.977.530,6.834.017.533.479.680,9.054.182.328.270.420,3,1
648.464.556.900.237,818.737.990.454.652,19.008.691.497.941.100,1.065.527.330.634.680,0,1
6.844.070.924.262.610,12.461.420.770.752.100,6.294.056.123.322.650,20.060.878.828.716.900,0,0
8.973.973.183.215.860,8.576.559.882.418.270,5.789.074.209.475.730,4.977.457.826.296.980,0,0
11.938.101.133.819.600,897.508.835.108.354,21.416.965.930.924.800,5.803.116.686.112.160,1,0
32.784.283.788.581.800,9.467.079.150.338.880,5.140.862.199.036.670,9.402.586.851.905.830,0,0
8.157.453.806.261.200,3.974.879.924.226.270,21.473.622.397.350.200,44.052.919.182.949.500,2,0
59.731.237.833.071.100,21.714.040.403.767.100,35.033.712.271.964.500,14.041.584.086.737.100,1,0